customerid,count,country,state,city,zip_code,lat_long,latitude,longitude,gender,senior_citizen,partner,dependents,tenure_months,phone_service,multiple_lines,internet_service,online_security,online_backup,device_protection,tech_support,streaming_tv,streaming_movies,contract,paperless_billing,payment_method,monthly_charges,total_charges,churn_label,churn_value,churn_score,cltv,churn_reason,churn_probability,predicted_churn,risk_category,cluster,segment_name,pca_1,pca_2,strategic_group,value_at_risk,actionable_value_at_risk,priority_percentile,retention_priority,retention_rank
5178-LMXOP,1,United States,California,Gardena,90248,"33.876482, -118.284077",33.876482,-118.284077,Male,Yes,Yes,No,1,Yes,Yes,Fiber optic,No,No,No,No,Yes,Yes,Month-to-month,Yes,Electronic check,95.1,95.1,Yes,1,70,5795,Price too high,0.8795762416851967,1,High,2,New High-Risk,-2.964718617843315,-1.0735734475346317,High Risk,5097.144320565714,5097.144320565714,1.0,Critical,1
0295-PPHDO,1,United States,California,La Puente,91744,"34.031441, -117.936436",34.031441,-117.936436,Male,No,No,No,1,Yes,Yes,Fiber optic,No,No,No,No,Yes,Yes,Month-to-month,Yes,Electronic check,95.45,95.45,Yes,1,71,5962,Attitude of support person,0.8417580495589998,1,High,2,New High-Risk,-2.5393133783164297,-1.7617634901275572,High Risk,5018.561491470757,5018.561491470757,0.9998580150504046,Critical,2
6496-SLWHQ,1,United States,California,Moraga,94556,"37.827946, -122.107185",37.827946,-122.107185,Male,Yes,No,No,3,Yes,Yes,Fiber optic,No,Yes,Yes,No,Yes,Yes,Month-to-month,Yes,Electronic check,105.0,294.45,Yes,1,87,5960,Lack of self-service on Website,0.8060770106007364,1,High,2,New High-Risk,-3.0141381296403664,-0.2200362999919211,High Risk,4804.218983180389,4804.218983180389,0.9997160301008093,Critical,3
4822-RVYBB,1,United States,California,Berkeley,94704,"37.871416, -122.246597",37.871416,-122.246597,Male,Yes,No,No,8,Yes,Yes,Fiber optic,No,No,Yes,No,Yes,Yes,Month-to-month,Yes,Electronic check,100.6,819.4,Yes,1,90,5906,Competitor offered higher download speeds,0.8069904035376588,1,High,2,New High-Risk,-3.035876798977266,-0.8244351865508541,High Risk,4766.085323293413,4766.085323293413,0.999574045151214,Critical,4
3027-ZTDHO,1,United States,California,Fresno,93721,"36.732694, -119.783786",36.732694,-119.783786,Male,No,No,No,1,Yes,No,Fiber optic,No,No,No,No,Yes,Yes,Month-to-month,Yes,Electronic check,89.9,89.9,Yes,1,80,5951,Don't know,0.7987304029913509,1,High,2,New High-Risk,-2.080475184479409,-2.370165699849158,High Risk,4753.244628201529,4753.244628201529,0.9994320602016187,Critical,5
0196-VULGZ,1,United States,California,Irvine,92620,"33.716136, -117.752574",33.716136,-117.752574,Female,Yes,Yes,No,6,Yes,Yes,Fiber optic,No,No,No,No,No,Yes,Month-to-month,Yes,Electronic check,84.35,474.9,Yes,1,77,5721,Deceased,0.829812788028317,1,High,2,New High-Risk,-2.837111909802845,-1.750142638935524,High Risk,4747.358960310002,4747.358960310002,0.9992900752520233,Critical,6
6100-QQHEB,1,United States,California,San Jose,95121,"37.304681, -121.809955",37.304681,-121.809955,Male,No,Yes,No,17,Yes,Yes,Fiber optic,No,No,No,No,Yes,Yes,Month-to-month,Yes,Electronic check,92.55,1515.1,Yes,1,99,5775,Moved,0.8186261771754622,1,High,2,New High-Risk,-2.605679824782239,-0.5526048064022676,High Risk,4727.566173188294,4727.566173188294,0.9991480903024279,Critical,7
4952-YSOGZ,1,United States,California,Lompoc,93436,"34.601055, -120.382917",34.601055,-120.382917,Female,No,Yes,No,4,Yes,Yes,Fiber optic,No,No,No,No,No,Yes,Month-to-month,Yes,Electronic check,85.95,381.3,Yes,1,74,5640,Competitor offered more data,0.8345349547054223,1,High,2,New High-Risk,-2.4123565975972228,-1.679276576134888,High Risk,4706.7771445385815,4706.7771445385815,0.9990061053528326,Critical,8
9497-QCMMS,1,United States,California,Escondido,92026,"33.21846, -117.116916",33.21846,-117.116916,Male,Yes,No,No,1,Yes,Yes,Fiber optic,No,No,No,No,Yes,Yes,Month-to-month,Yes,Electronic check,93.55,93.55,Yes,1,81,5536,Competitor made better offer,0.8485899517912453,1,High,2,New High-Risk,-2.951349139485206,-1.9398071596312696,High Risk,4697.793973116334,4697.793973116334,0.9988641204032372,Critical,9
2720-WGKHP,1,United States,California,Sloughhouse,95683,"38.470423, -121.114897",38.470423,-121.114897,Male,Yes,No,No,2,Yes,Yes,Fiber optic,No,No,No,No,Yes,Yes,Month-to-month,Yes,Electronic check,94.0,181.7,Yes,1,93,5569,Don't know,0.8435101728487133,1,High,2,New High-Risk,-2.9608945880619366,-1.907353422223344,High Risk,4697.508152594484,4697.508152594484,0.998722135453642,Critical,10
6688-UZPWD,1,United States,California,Palm Springs,92262,"33.839989, -116.659215",33.839989,-116.659215,Female,No,Yes,No,11,Yes,Yes,Fiber optic,No,Yes,No,No,Yes,Yes,Month-to-month,Yes,Electronic check,102.0,1145.35,Yes,1,88,5750,Competitor offered more data,0.8160497341926584,1,High,2,New High-Risk,-2.631768088765276,0.0729976954164679,High Risk,4692.2859716077855,4692.2859716077855,0.9985801505040466,Critical,11
0187-QSXOE,1,United States,California,Fresno,93725,"36.623632, -119.741322",36.623632,-119.741322,Male,Yes,Yes,No,7,Yes,No,Fiber optic,No,No,No,No,Yes,Yes,Month-to-month,Yes,Electronic check,89.0,605.45,No,0,36,5711,Attitude of support person,0.8194195017431465,1,High,2,New High-Risk,-2.5344999627060503,-1.5385134901362882,High Risk,4679.704774455109,4679.704774455109,0.9984381655544512,Critical,12
3319-DWOEP,1,United States,California,Los Angeles,90020,"34.066367, -118.309868",34.066367,-118.309868,Male,Yes,Yes,No,6,Yes,No,Fiber optic,No,No,Yes,No,Yes,Yes,Month-to-month,Yes,Electronic check,95.75,573.75,Yes,1,89,5750,Competitor made better offer,0.81230568819846,1,High,2,New High-Risk,-2.565877719556064,-0.6839093104040784,High Risk,4670.757707141145,4670.757707141145,0.9982961806048559,Critical,13
2371-JQHZZ,1,United States,California,Bakersfield,93307,"35.280113, -118.962329",35.280113,-118.962329,Male,No,Yes,No,24,Yes,Yes,Fiber optic,No,No,No,No,Yes,Yes,Month-to-month,Yes,Electronic check,93.0,2248.05,No,0,29,5886,Attitude of support person,0.7866084873871303,1,High,2,New High-Risk,-2.656382566607481,-0.3364771609547561,High Risk,4629.977556760649,4629.977556760649,0.9981541956552605,Critical,14
8185-UPYBR,1,United States,California,Hermosa Beach,90254,"33.86532, -118.396336",33.86532,-118.396336,Male,No,Yes,No,6,Yes,Yes,Fiber optic,No,No,No,No,No,No,Month-to-month,Yes,Electronic check,75.5,438.0,Yes,1,88,5838,Product dissatisfaction,0.7926934361147947,1,High,2,New High-Risk,-2.265226925558819,-2.4114404171562884,High Risk,4627.744280038171,4627.744280038171,0.9980122107056651,Critical,15
2506-TNFCO,1,United States,California,Riverside,92509,"34.004379, -117.447864",34.004379,-117.447864,Female,Yes,Yes,No,1,Yes,No,Fiber optic,No,No,No,No,No,No,Month-to-month,Yes,Electronic check,69.55,69.55,Yes,1,67,5948,Network reliability,0.7751641735564617,1,High,2,New High-Risk,-2.209972432255921,-3.240615046232922,High Risk,4610.676504313834,4610.676504313834,0.9978702257560699,Critical,16
2865-TCHJW,1,United States,California,Anaheim,92807,"33.848733, -117.788357",33.848733,-117.788357,Female,Yes,No,No,4,Yes,Yes,Fiber optic,No,No,Yes,No,Yes,No,Month-to-month,Yes,Electronic check,89.2,346.2,Yes,1,74,5808,Competitor had better devices,0.7911403808790567,1,High,2,New High-Risk,-2.844848954733375,-1.7561128121633136,High Risk,4594.943332145562,4594.943332145562,0.9977282408064745,Critical,17
2725-KXXWT,1,United States,California,Vallejo,94589,"38.161321, -122.271588",38.161321,-122.271588,Male,No,Yes,No,1,Yes,No,Fiber optic,No,No,No,No,Yes,Yes,Month-to-month,Yes,Electronic check,90.75,90.75,Yes,1,86,5460,Lack of self-service on Website,0.8395212485402042,1,High,2,New High-Risk,-2.083216949425855,-1.603287474293695,High Risk,4583.786017029514,4583.786017029514,0.9975862558568792,Critical,18
9282-IZGQK,1,United States,California,Irvine,92612,"33.643095, -117.810896",33.643095,-117.810896,Female,No,No,No,1,Yes,Yes,Fiber optic,No,No,No,No,No,Yes,Month-to-month,Yes,Electronic check,85.0,85.0,Yes,1,80,5679,Don't know,0.8070893060546943,1,High,2,New High-Risk,-2.38698913666594,-2.587515858201052,High Risk,4583.460169084609,4583.460169084609,0.9974442709072838,Critical,19
4951-UKAAQ,1,United States,California,Inglewood,90302,"33.975332, -118.355252",33.975332,-118.355252,Female,No,No,No,4,Yes,Yes,Fiber optic,No,Yes,No,No,No,Yes,Month-to-month,Yes,Electronic check,88.95,355.2,Yes,1,72,5948,Network reliability,0.7686137721057872,1,High,2,New High-Risk,-2.4136757650425285,-1.7352389849447576,High Risk,4571.714716485222,4571.714716485222,0.9973022859576884,Critical,20
7180-PISOG,1,United States,California,Piru,93040,"34.432843, -118.730106",34.432843,-118.730106,Male,No,Yes,No,1,Yes,Yes,Fiber optic,No,No,No,No,No,No,Month-to-month,Yes,Electronic check,74.5,74.5,Yes,1,75,5554,Attitude of service provider,0.8224023975661795,1,High,2,New High-Risk,-2.231032538319986,-2.5722926033443474,High Risk,4567.622916082561,4567.622916082561,0.9971603010080932,Critical,21
5565-FILXA,1,United States,California,Yosemite National Park,95389,"37.704267, -119.607001",37.704267,-119.607001,Female,Yes,No,No,16,Yes,Yes,Fiber optic,No,No,No,No,Yes,Yes,Month-to-month,Yes,Electronic check,96.15,1529.2,Yes,1,96,5913,Don't know,0.7719320972984649,1,High,2,New High-Risk,-3.066626421788784,-1.470701645906882,High Risk,4564.434491325823,4564.434491325823,0.9970183160584978,Critical,22
0637-KVDLV,1,United States,California,Elk Grove,95758,"38.35363, -121.44195",38.35363,-121.44195,Male,No,No,No,2,Yes,Yes,Fiber optic,No,No,No,No,No,No,Month-to-month,Yes,Electronic check,76.5,162.45,Yes,1,80,5944,Don't know,0.764544292240547,1,High,2,New High-Risk,-2.256292644982203,-3.3129486138983912,High Risk,4544.4512730778115,4544.4512730778115,0.9968763311089025,Critical,23
1374-DMZUI,1,United States,California,San Ramon,94583,"37.766556, -121.976784",37.766556,-121.976784,Female,Yes,No,No,4,Yes,Yes,Fiber optic,No,No,No,No,Yes,Yes,Month-to-month,Yes,Electronic check,94.3,424.45,Yes,1,99,5419,Competitor made better offer,0.8345159790637401,1,High,2,New High-Risk,-2.977398948428931,-1.8633566126018235,High Risk,4522.242090546408,4522.242090546408,0.9967343461593071,Critical,24
1626-ERCMM,1,United States,California,Camp Nelson,93208,"36.057458, -118.591951",36.057458,-118.591951,Male,Yes,Yes,No,20,Yes,Yes,Fiber optic,No,No,No,No,Yes,Yes,Month-to-month,Yes,Electronic check,94.55,1899.65,Yes,1,84,5604,Competitor had better devices,0.8064528138302134,1,High,2,New High-Risk,-3.0746305175765807,-0.5843818097553856,High Risk,4519.361568704516,4519.361568704516,0.9965923612097117,Critical,25
1320-HTRDR,1,United States,California,Fellows,93224,"35.215731, -119.57013",35.215731,-119.57013,Female,No,No,No,3,Yes,Yes,Fiber optic,No,No,No,No,No,No,Month-to-month,Yes,Electronic check,75.5,220.6,Yes,1,79,5948,Attitude of service provider,0.758192940113946,1,High,2,New High-Risk,-2.2523261393991545,-3.2950399768113643,High Risk,4509.731607797751,4509.731607797751,0.9964503762601165,Critical,26
4102-OQUPX,1,United States,California,Sheep Ranch,95250,"38.244806, -120.417301",38.244806,-120.417301,Male,Yes,Yes,No,1,Yes,Yes,Fiber optic,No,No,No,No,No,No,Month-to-month,Yes,Electronic check,74.4,74.4,Yes,1,91,5429,Competitor made better offer,0.8257031961283465,1,High,2,New High-Risk,-2.659637272906571,-2.7033811210098246,High Risk,4482.7426517807935,4482.7426517807935,0.9963083913105211,Critical,27
6416-TVAIH,1,United States,California,San Francisco,94127,"37.736535, -122.45732",37.736535,-122.45732,Male,No,Yes,No,1,Yes,No,Fiber optic,No,No,No,No,No,No,Month-to-month,Yes,Electronic check,68.5,68.5,Yes,1,89,5753,Competitor offered more data,0.7767944891631477,1,High,2,New High-Risk,-1.7699378113751698,-3.155886331104268,High Risk,4468.898696155589,4468.898696155589,0.9961664063609258,Critical,28
7577-SWIFR,1,United States,California,Glendale,91206,"34.162515, -118.203869",34.162515,-118.203869,Male,No,No,No,1,Yes,No,Fiber optic,No,No,No,No,Yes,Yes,Month-to-month,Yes,Electronic check,89.25,89.25,No,0,28,5579,Attitude of support person,0.8004346509314314,1,High,2,New High-Risk,-2.0727513025917217,-2.4208573945991385,High Risk,4465.624917546455,4465.624917546455,0.9960244214113304,Critical,29
3746-EUBYR,1,United States,California,Panorama City,91402,"34.223768, -118.445461",34.223768,-118.445461,Male,No,Yes,No,1,Yes,Yes,Fiber optic,No,No,No,No,No,No,Month-to-month,Yes,Bank transfer (automatic),74.6,74.6,Yes,1,75,5861,Service dissatisfaction,0.7605274757676151,1,High,2,New High-Risk,-2.012342124653728,-2.0421238400939377,High Risk,4457.451535473992,4457.451535473992,0.995882436461735,Critical,30
5277-ZLOOR,1,United States,California,Applegate,95703,"38.983388, -120.988814",38.983388,-120.988814,Female,Yes,No,No,2,Yes,Yes,Fiber optic,No,No,No,No,Yes,No,Month-to-month,Yes,Electronic check,85.55,187.45,Yes,1,86,5512,Network reliability,0.8082755254550466,1,High,2,New High-Risk,-2.82367233420091,-2.697662794495292,High Risk,4455.214696308217,4455.214696308217,0.9957404515121397,Critical,31
9944-HKVVB,1,United States,California,King City,93930,"36.220761, -120.980777",36.220761,-120.980777,Female,No,No,No,3,Yes,No,Fiber optic,No,Yes,No,No,Yes,Yes,Month-to-month,Yes,Electronic check,95.1,307.4,Yes,1,77,5861,Competitor offered higher download speeds,0.7600655726149532,1,High,2,New High-Risk,-2.1110934260117253,-1.5793746190644602,High Risk,4454.744321096241,4454.744321096241,0.9955984665625444,Critical,32
9399-APLBT,1,United States,California,Rialto,92377,"34.156758, -117.404686",34.156758,-117.404686,Female,No,Yes,No,1,Yes,No,Fiber optic,No,Yes,No,No,No,No,Month-to-month,Yes,Electronic check,74.7,74.7,Yes,1,80,5980,Competitor had better devices,0.7427775512936099,1,High,2,New High-Risk,-1.797349316976956,-2.377336913070291,High Risk,4441.809756735787,4441.809756735787,0.995456481612949,Critical,33
5995-SNNEW,1,United States,California,Whittier,90605,"33.960891, -118.032222",33.960891,-118.032222,Male,Yes,Yes,No,23,Yes,Yes,Fiber optic,No,Yes,Yes,No,Yes,Yes,Month-to-month,Yes,Electronic check,104.45,2184.85,No,0,37,5883,Attitude of support person,0.7542790471615584,1,High,0,Established High-Value,-3.1294870793462906,1.1354508366627163,High Risk,4437.4236344514475,4437.4236344514475,0.9953144966633537,Critical,34
5868-YWPDW,1,United States,California,Sherman Oaks,91423,"34.146957, -118.432138",34.146957,-118.432138,Male,Yes,Yes,No,6,Yes,No,Fiber optic,No,Yes,No,No,No,Yes,Month-to-month,Yes,Electronic check,84.2,519.15,Yes,1,72,5834,Limited range of services,0.7602970017084909,1,High,2,New High-Risk,-2.400975534037474,-1.5905900116263805,High Risk,4435.572707967336,4435.572707967336,0.9951725117137583,Critical,35
8361-LTMKD,1,United States,California,Apple Valley,92307,"34.55082, -117.122396",34.55082,-117.122396,Male,Yes,Yes,No,4,Yes,Yes,Fiber optic,No,No,No,No,No,No,Month-to-month,Yes,Mailed check,74.4,306.6,Yes,1,77,5839,Competitor offered more data,0.7594620912164898,1,High,2,New High-Risk,-2.177526824896142,-2.519107233649736,High Risk,4434.499150613084,4434.499150613084,0.995030526764163,Critical,36
6630-UJZMY,1,United States,California,Palo Alto,94306,"37.416159, -122.131337",37.416159,-122.131337,Female,Yes,Yes,No,4,Yes,Yes,Fiber optic,No,No,No,No,Yes,No,Month-to-month,Yes,Electronic check,83.25,308.05,No,0,37,5251,Attitude of support person,0.844449459464069,1,High,2,New High-Risk,-2.81088813198237,-1.8712281654677003,High Risk,4434.204111645827,4434.204111645827,0.9948885418145677,Critical,37
6023-YEBUP,1,United States,California,Stockton,95210,"38.033219, -121.297433",38.033219,-121.297433,Male,No,No,No,3,Yes,Yes,Fiber optic,No,No,Yes,No,Yes,Yes,Month-to-month,Yes,Electronic check,100.95,329.95,Yes,1,81,5351,Competitor offered higher download speeds,0.8249869818010718,1,High,2,New High-Risk,-2.5735573973570185,-0.9172612347467408,High Risk,4414.505339617535,4414.505339617535,0.9947465568649723,Critical,38
9957-YODKZ,1,United States,California,Canby,96015,"41.486953, -120.913975",41.486953,-120.913975,Male,Yes,Yes,No,6,Yes,Yes,Fiber optic,No,No,Yes,No,No,No,Month-to-month,Yes,Electronic check,80.8,457.1,No,0,68,5611,Attitude of support person,0.7857016740623027,1,High,2,New High-Risk,-2.7170686488771696,-1.6912092966140655,High Risk,4408.572093163581,4408.572093163581,0.994604571915377,Critical,39
0897-FEGMU,1,United States,California,Los Angeles,90048,"34.072945, -118.37267",34.072945,-118.37267,Female,No,Yes,No,11,Yes,Yes,Fiber optic,No,No,Yes,No,Yes,Yes,Month-to-month,Yes,Electronic check,99.5,1056.95,Yes,1,84,5286,Network reliability,0.8325694972239793,1,High,2,New High-Risk,-2.60742858809673,0.1063311323642427,High Risk,4400.962362325955,4400.962362325955,0.9944625869657816,Critical,40
6583-KQJLK,1,United States,California,Twin Bridges,95735,"38.805481, -120.13287",38.805481,-120.13287,Female,Yes,Yes,No,15,Yes,No,Fiber optic,No,Yes,No,No,Yes,Yes,Month-to-month,Yes,Electronic check,94.65,1285.05,No,0,70,5868,Attitude of support person,0.7456440913197473,1,High,2,New High-Risk,-2.6009277934616604,-0.566413555459201,High Risk,4375.439527864277,4375.439527864277,0.9943206020161863,Critical,41
0325-XBFAC,1,United States,California,Hoopa,95546,"41.163637, -123.704841",41.163637,-123.704841,Male,No,No,No,8,Yes,No,Fiber optic,No,No,Yes,No,Yes,Yes,Month-to-month,Yes,Electronic check,94.7,740.3,Yes,1,94,5811,Competitor offered more data,0.7513631232344542,1,High,2,New High-Risk,-2.1393668729685817,-1.3410618223018482,High Risk,4366.171109115413,4366.171109115413,0.9941786170665909,Critical,42
3387-VATUS,1,United States,California,Aromas,95004,"36.878364, -121.629781",36.878364,-121.629781,Male,No,No,No,5,Yes,Yes,Fiber optic,No,No,No,No,Yes,Yes,Month-to-month,Yes,Bank transfer (automatic),94.85,462.8,Yes,1,69,5701,Attitude of service provider,0.7654753904869327,1,High,2,New High-Risk,-2.33487510120042,-1.2006735904431218,High Risk,4363.975201166003,4363.975201166003,0.9940366321169956,Critical,43
4806-HIPDW,1,United States,California,Calimesa,92320,"33.982787, -117.057627",33.982787,-117.057627,Female,No,Yes,No,1,Yes,No,Fiber optic,No,No,No,No,No,No,Month-to-month,Yes,Electronic check,68.95,68.95,Yes,1,75,5644,Limited range of services,0.7731863115707228,1,High,2,New High-Risk,-1.7728620280409395,-3.167754324855447,High Risk,4363.86354250516,4363.86354250516,0.9938946471674003,Critical,44
2876-GZYZC,1,United States,California,Cerritos,90703,"33.8681, -118.067402",33.8681,-118.067402,Female,No,No,No,13,Yes,Yes,Fiber optic,No,No,No,No,No,Yes,Month-to-month,Yes,Electronic check,85.95,1215.65,No,0,58,5886,Attitude of support person,0.7413831501673238,1,High,2,New High-Risk,-2.468509093027341,-2.2320059220251123,High Risk,4363.781221884868,4363.781221884868,0.9937526622178049,Critical,45
8348-HFYIV,1,United States,California,Oakland,94601,"37.776523, -122.219268",37.776523,-122.219268,Male,No,No,No,2,No,No phone service,DSL,No,No,Yes,No,Yes,Yes,Month-to-month,Yes,Electronic check,49.25,90.35,Yes,1,90,5775,Limited range of services,0.7534941701599822,1,High,3,Mid-Tenure Moderate-Risk,-2.2429186206767016,-1.9805657715016536,High Risk,4351.428832673897,4351.428832673897,0.9936106772682096,Critical,46
3178-FESZO,1,United States,California,Clements,95227,"38.227285, -121.02789",38.227285,-121.02789,Female,No,No,No,1,Yes,Yes,Fiber optic,No,Yes,No,No,Yes,Yes,Month-to-month,Yes,Credit card (automatic),100.25,100.25,Yes,1,100,5797,Don't know,0.748755662419727,1,High,2,New High-Risk,-2.3264093468653693,-0.543691885696077,High Risk,4340.536575047157,4340.536575047157,0.9934686923186142,Critical,47
8972-HJWNV,1,United States,California,Huron,93234,"36.217864, -120.080117",36.217864,-120.080117,Female,Yes,Yes,No,7,Yes,Yes,Fiber optic,No,No,No,No,No,Yes,Month-to-month,Yes,Electronic check,84.55,646.85,Yes,1,80,5245,Competitor made better offer,0.8275104436638555,1,High,2,New High-Risk,-2.845907095382151,-1.772084381747185,High Risk,4340.2922770169225,4340.2922770169225,0.9933267073690188,Critical,48
3389-YGYAI,1,United States,California,Princeton,95970,"39.424957, -122.039307",39.424957,-122.039307,Female,Yes,No,No,8,Yes,Yes,Fiber optic,No,Yes,Yes,No,Yes,Yes,Month-to-month,Yes,Electronic check,105.5,829.55,Yes,1,72,5546,Price too high,0.7801227941479507,1,High,2,New High-Risk,-3.0491682200770773,-0.1264051459890725,High Risk,4326.561016344534,4326.561016344534,0.9931847224194236,Critical,49
6894-LFHLY,1,United States,California,Vidal,92280,"34.264124, -114.717964",34.264124,-114.717964,Male,Yes,No,No,1,Yes,Yes,Fiber optic,No,No,No,No,No,No,Month-to-month,Yes,Electronic check,75.75,75.75,Yes,1,97,5571,Competitor offered higher download speeds,0.7761185213689054,1,High,2,New High-Risk,-2.672407317807353,-3.504720134510134,High Risk,4323.756282546172,4323.756282546172,0.9930427374698282,Critical,50
8161-QYMTT,1,United States,California,Santa Maria,93454,"34.943523, -120.256729",34.943523,-120.256729,Male,No,No,No,7,Yes,Yes,Fiber optic,No,No,No,No,Yes,Yes,Month-to-month,Yes,Electronic check,94.1,701.3,No,0,22,5259,Attitude of support person,0.8207782989761842,1,High,2,New High-Risk,-2.56229785091989,-1.6898079996895068,High Risk,4316.4730743157525,4316.4730743157525,0.9929007525202329,Critical,51
4145-UQXUQ,1,United States,California,Berkeley,94710,"37.872902, -122.303708",37.872902,-122.303708,Female,Yes,No,No,8,Yes,No,Fiber optic,No,No,Yes,No,Yes,Yes,Month-to-month,Yes,Electronic check,92.1,729.95,Yes,1,81,5662,Competitor offered more data,0.760334165005636,1,High,2,New High-Risk,-2.54713634616959,-1.487983069955688,High Risk,4305.012042261911,4305.012042261911,0.9927587675706375,Critical,52
2660-EMUBI,1,United States,California,Fort Jones,96032,"41.5837, -122.935922",41.5837,-122.935922,Male,Yes,No,No,10,Yes,Yes,Fiber optic,No,No,No,No,Yes,Yes,Month-to-month,Yes,Electronic check,95.35,898.35,Yes,1,75,5353,Attitude of support person,0.8041464876719441,1,High,2,New High-Risk,-3.01661732361454,-1.7177568023547132,High Risk,4304.596148507917,4304.596148507917,0.9926167826210421,Critical,53
1184-PJVDB,1,United States,California,Amador City,95601,"38.431407, -120.8421",38.431407,-120.8421,Male,No,Yes,No,10,Yes,No,Fiber optic,No,No,No,No,Yes,No,Month-to-month,Yes,Electronic check,79.95,857.2,Yes,1,68,5640,Competitor offered more data,0.7631640623349016,1,High,2,New High-Risk,-1.9782211572463195,-2.142774505153201,High Risk,4304.245311568845,4304.245311568845,0.9924747976714469,Critical,54
4298-OYIFC,1,United States,California,Loyalton,96118,"39.637471, -120.226338",39.637471,-120.226338,Male,No,Yes,No,15,Yes,Yes,Fiber optic,No,No,Yes,Yes,Yes,Yes,Month-to-month,Yes,Electronic check,103.45,1539.8,No,0,53,5640,Attitude of support person,0.7627170183671439,1,High,0,Established High-Value,-2.5433004052458603,1.0575690256199464,High Risk,4301.723983590691,4301.723983590691,0.9923328127218515,Critical,55
3452-GWUIN,1,United States,California,Raisin City,93652,"36.594542, -119.905245",36.594542,-119.905245,Female,Yes,Yes,No,19,Yes,Yes,Fiber optic,No,No,No,No,Yes,Yes,Month-to-month,Yes,Electronic check,94.95,1760.25,No,0,40,5316,Attitude of support person,0.8064804904752442,1,High,2,New High-Risk,-3.0674080594623483,-0.6529741237355841,High Risk,4287.250287366398,4287.250287366398,0.9921908277722561,Critical,56
8780-IXSTS,1,United States,California,Carlsbad,92008,"33.148116, -117.306043",33.148116,-117.306043,Female,No,No,No,6,Yes,Yes,Fiber optic,No,Yes,No,No,Yes,No,Month-to-month,Yes,Electronic check,90.1,521.3,Yes,1,71,5656,Competitor made better offer,0.7576917186271747,1,High,2,New High-Risk,-2.4284731604885232,-1.7213844577942443,High Risk,4285.5043605553,4285.5043605553,0.9920488428226608,Critical,57
9025-AOMKI,1,United States,California,Carpinteria,93013,"34.441398, -119.513163",34.441398,-119.513163,Female,No,No,No,6,Yes,Yes,Fiber optic,No,No,No,No,Yes,Yes,Month-to-month,Yes,Bank transfer (automatic),93.55,536.4,Yes,1,71,5617,Moved,0.7606759967214067,1,High,2,New High-Risk,-2.3287663789529214,-1.1931923576066514,High Risk,4272.717073584142,4272.717073584142,0.9919068578730654,Critical,58
1761-AEZZR,1,United States,California,Guinda,95637,"38.830739, -122.196202",38.830739,-122.196202,Male,No,No,No,1,Yes,No,Fiber optic,No,No,No,No,Yes,No,Month-to-month,Yes,Electronic check,79.55,79.55,Yes,1,72,5593,Don't know,0.763848880552827,1,High,2,New High-Risk,-1.9250901784559569,-3.2099211152763094,High Risk,4272.2067889319615,4272.2067889319615,0.9917648729234702,Critical,59
5834-ASPWA,1,United States,California,Jamul,91935,"32.695681, -116.798386",32.695681,-116.798386,Male,No,No,No,1,Yes,Yes,Fiber optic,No,No,No,No,No,No,Month-to-month,Yes,Electronic check,75.45,75.45,Yes,1,74,5518,Attitude of support person,0.7732872435932244,1,High,2,New High-Risk,-2.239386063761612,-3.398302055658544,High Risk,4266.999010147412,4266.999010147412,0.9916228879738748,Critical,60
4210-QFJMF,1,United States,California,Lake City,96115,"41.729079, -120.225025",41.729079,-120.225025,Female,No,No,No,4,Yes,No,Fiber optic,No,No,No,No,No,Yes,Month-to-month,Yes,Electronic check,79.15,317.25,Yes,1,68,5762,Network reliability,0.7393595757906831,1,High,2,New High-Risk,-1.942010043539548,-3.1104530075072208,High Risk,4260.189875705916,4260.189875705916,0.9914809030242794,Critical,61
6653-CBBOM,1,United States,California,Compton,90221,"33.885811, -118.206459",33.885811,-118.206459,Female,No,No,No,1,Yes,No,Fiber optic,No,No,No,No,No,No,Month-to-month,Yes,Electronic check,70.3,70.3,Yes,1,88,5963,Service dissatisfaction,0.7138391917208667,1,High,2,New High-Risk,-1.7868021718502525,-3.946415453075969,High Risk,4256.623100231528,4256.623100231528,0.9913389180746841,Critical,62
8473-VUVJN,1,United States,California,Temecula,92590,"33.475493, -117.219551",33.475493,-117.219551,Male,Yes,No,No,1,Yes,Yes,Fiber optic,No,No,No,No,No,No,Month-to-month,Yes,Electronic check,73.65,73.65,Yes,1,86,5443,Attitude of service provider,0.7820320274250241,1,High,2,New High-Risk,-2.6545521430181407,-3.530908218067515,High Risk,4256.600325274406,4256.600325274406,0.9911969331250887,Critical,63
8541-QVFKM,1,United States,California,Long Beach,90807,"33.830099, -118.182239",33.830099,-118.182239,Female,No,No,No,8,Yes,Yes,Fiber optic,No,No,No,No,No,No,Month-to-month,Yes,Electronic check,73.5,632.2,No,0,61,5777,Attitude of support person,0.73336793857016,1,High,2,New High-Risk,-2.2620347422553184,-3.199180903523515,High Risk,4236.6665811198145,4236.6665811198145,0.9910549481754934,Critical,64
5380-AFSSK,1,United States,California,Bella Vista,96008,"40.722733, -122.109666",40.722733,-122.109666,Female,No,No,No,5,Yes,Yes,Fiber optic,No,No,No,No,Yes,Yes,Month-to-month,Yes,Mailed check,93.9,486.85,Yes,1,92,5435,Don't know,0.7794157468936245,1,High,2,New High-Risk,-2.0481692127889737,-1.668221721512776,High Risk,4236.124584366849,4236.124584366849,0.9909129632258981,Critical,65
5956-VKDTT,1,United States,California,Moreno Valley,92557,"33.970661, -117.255039",33.970661,-117.255039,Female,Yes,Yes,No,5,Yes,Yes,Fiber optic,No,No,No,No,No,No,Month-to-month,Yes,Electronic check,74.35,334.8,Yes,1,82,5273,Product dissatisfaction,0.8015966046385959,1,High,2,New High-Risk,-2.675943824274191,-2.6319718132479126,High Risk,4226.818896259317,4226.818896259317,0.9907709782763027,Critical,66
8062-YBDOE,1,United States,California,Canyon Country,91351,"34.422519, -118.420717",34.422519,-118.420717,Male,Yes,No,No,1,Yes,No,Fiber optic,No,No,No,No,No,No,Month-to-month,Yes,Electronic check,69.65,69.65,Yes,1,78,5844,Don't know,0.7229612056290757,1,High,2,New High-Risk,-2.210991832300918,-4.079298819964176,High Risk,4224.985285696319,4224.985285696319,0.9906289933267074,Critical,67
9681-OXGVC,1,United States,California,Laytonville,95454,"39.806141, -123.531098",39.806141,-123.531098,Female,No,No,No,5,Yes,Yes,Fiber optic,No,No,Yes,No,Yes,Yes,Month-to-month,Yes,Electronic check,100.5,514.0,Yes,1,85,5180,Competitor made better offer,0.815068034673676,1,High,2,New High-Risk,-2.5806495049671776,-0.8877139420774637,High Risk,4222.052419609641,4222.052419609641,0.990487008377112,Critical,68
4424-TKOPW,1,United States,California,Crestline,92325,"34.248061, -117.29028",34.248061,-117.29028,Male,Yes,No,No,2,Yes,Yes,Fiber optic,No,No,No,No,Yes,Yes,Month-to-month,Yes,Electronic check,93.85,196.75,Yes,1,70,4998,Lack of affordable download/upload speed,0.8442789182713886,1,High,2,New High-Risk,-2.956743958844571,-1.979043810840348,High Risk,4219.7060335204,4219.7060335204,0.9903450234275167,Critical,69
2004-OCQXK,1,United States,California,Merced,95348,"37.40122, -120.514191",37.40122,-120.514191,Female,No,No,No,1,Yes,No,Fiber optic,No,No,No,No,No,Yes,Month-to-month,Yes,Electronic check,81.95,81.95,Yes,1,85,5622,Limited range of services,0.7497564952381187,1,High,2,New High-Risk,-1.9480956607168192,-3.19015906881966,High Risk,4215.131016228704,4215.131016228704,0.9902030384779213,Critical,70
8603-IJWDN,1,United States,California,Pinole,94564,"37.996462, -122.293716",37.996462,-122.293716,Male,No,No,No,1,Yes,Yes,Fiber optic,No,No,No,No,No,Yes,Month-to-month,Yes,Electronic check,86.6,86.6,Yes,1,93,5228,Competitor offered higher download speeds,0.8050808285440746,1,High,2,New High-Risk,-2.396966937493404,-2.6378419028347246,High Risk,4208.962571628422,4208.962571628422,0.990061053528326,Critical,71
7563-BIUPC,1,United States,California,Borrego Springs,92004,"33.200369, -116.192313",33.200369,-116.192313,Male,No,No,No,5,Yes,No,Fiber optic,No,No,No,No,Yes,No,Month-to-month,Yes,Electronic check,80.6,415.55,Yes,1,69,5715,Network reliability,0.7362619474111869,1,High,2,New High-Risk,-1.956256317367188,-3.0871432661659512,High Risk,4207.737029454933,4207.737029454933,0.9899190685787307,Critical,72
2868-MZAGQ,1,United States,California,Modesto,95354,"37.639029, -120.964772",37.639029,-120.964772,Male,No,No,No,1,Yes,No,Fiber optic,No,No,No,No,No,Yes,Month-to-month,Yes,Electronic check,79.25,79.25,Yes,1,83,5533,Service dissatisfaction,0.7603900511060379,1,High,2,New High-Risk,-1.9256385895976889,-3.2141469750294265,High Risk,4207.238152769707,4207.238152769707,0.9897770836291353,Critical,73
2495-INZWQ,1,United States,California,San Juan Bautista,95045,"36.810568, -121.503022",36.810568,-121.503022,Male,No,No,No,4,No,No phone service,DSL,No,No,No,No,Yes,Yes,Month-to-month,Yes,Electronic check,44.55,174.3,Yes,1,66,5605,Attitude of service provider,0.7486018486180687,1,High,3,Mid-Tenure Moderate-Risk,-2.2308914284605983,-2.8216179125938483,High Risk,4195.913361504275,4195.913361504275,0.9896350986795399,Critical,74
1628-BIZYP,1,United States,California,Brentwood,94513,"37.908242, -121.682472",37.908242,-121.682472,Male,No,No,No,1,Yes,No,Fiber optic,No,Yes,No,No,No,Yes,Month-to-month,Yes,Electronic check,85.0,85.0,No,0,46,5754,Attitude of support person,0.7288673080654542,1,High,2,New High-Risk,-1.949365644779575,-2.43846378249385,High Risk,4193.902490608623,4193.902490608623,0.9894931137299446,Critical,75
5095-AESKG,1,United States,California,Sausalito,94965,"37.848641, -122.515692",37.848641,-122.515692,Female,No,Yes,No,3,Yes,Yes,Fiber optic,No,Yes,No,No,No,Yes,Month-to-month,Yes,Credit card (automatic),91.5,242.95,Yes,1,76,5646,Competitor offered higher download speeds,0.742486207508787,1,High,2,New High-Risk,-2.197872949873492,-0.4699417768661431,High Risk,4192.077127594612,4192.077127594612,0.9893511287803493,Critical,76
3097-NQYSN,1,United States,California,San Jose,95139,"37.218705, -121.762429",37.218705,-121.762429,Male,Yes,Yes,No,2,Yes,Yes,Fiber optic,No,No,No,No,Yes,No,Month-to-month,Yes,Mailed check,86.85,156.35,Yes,1,78,5204,Competitor had better devices,0.8037577001052403,1,High,2,New High-Risk,-2.329317477833566,-1.8520956715659096,High Risk,4182.75507134767,4182.75507134767,0.989209143830754,Critical,77
9850-OWRHQ,1,United States,California,Torrance,90502,"33.833181, -118.292062",33.833181,-118.292062,Female,No,Yes,No,3,Yes,Yes,Fiber optic,No,No,No,No,No,No,Month-to-month,Yes,Credit card (automatic),74.1,228.0,Yes,1,69,5657,Lack of self-service on Website,0.7392745787010785,1,High,2,New High-Risk,-2.0122670740750657,-2.0154974845252744,High Risk,4182.076291712001,4182.076291712001,0.9890671588811586,Critical,78
3716-BDVDB,1,United States,California,San Diego,92130,"32.957195, -117.202542",32.957195,-117.202542,Male,No,No,No,1,Yes,No,Fiber optic,No,No,No,No,No,No,Month-to-month,Yes,Electronic check,69.1,69.1,Yes,1,82,5795,Competitor had better devices,0.7205248835608613,1,High,2,New High-Risk,-1.7759721400294075,-3.9735335152102738,High Risk,4175.441700235191,4175.441700235191,0.9889251739315632,Critical,79
3428-XZMAZ,1,United States,California,Turlock,95382,"37.529656, -120.854357",37.529656,-120.854357,Male,No,No,No,1,Yes,No,Fiber optic,No,No,No,No,No,No,Month-to-month,Yes,Electronic check,69.35,69.35,Yes,1,91,5796,Long distance charges,0.7197004681061943,1,High,2,New High-Risk,-1.7780036318966597,-3.972240122884344,High Risk,4171.383913143502,4171.383913143502,0.9887831889819679,Critical,80
7249-WBIYX,1,United States,California,Elmira,95625,"38.349195, -121.902943",38.349195,-121.902943,Male,No,Yes,No,10,Yes,Yes,Fiber optic,No,No,No,No,Yes,No,Month-to-month,Yes,Electronic check,85.6,813.85,Yes,1,70,5146,Competitor offered more data,0.8100843490934557,1,High,2,New High-Risk,-2.431826133061537,-1.6055955591808593,High Risk,4168.694060434923,4168.694060434923,0.9886412040323725,Critical,81
2575-GFSOE,1,United States,California,Graton,95444,"38.434362, -122.86891",38.434362,-122.86891,Female,No,Yes,No,7,Yes,No,Fiber optic,No,No,No,No,No,No,Month-to-month,Yes,Electronic check,69.0,506.9,Yes,1,65,5672,Attitude of service provider,0.7342095010015011,1,High,2,New High-Risk,-1.802673080876984,-3.019755501524262,High Risk,4164.436289680514,4164.436289680514,0.9884992190827773,Critical,82
9223-UCPVT,1,United States,California,Orland,95963,"39.748037, -122.302169",39.748037,-122.302169,Female,No,No,No,1,Yes,No,Fiber optic,No,No,Yes,No,Yes,Yes,Month-to-month,No,Electronic check,94.4,94.4,Yes,1,77,5764,Lack of affordable download/upload speed,0.7219133969961271,1,High,2,New High-Risk,-1.5914564290922093,-1.4938908510597173,High Risk,4161.108820285676,4161.108820285676,0.9883572341331819,Critical,83
6996-KNSML,1,United States,California,Cotati,94931,"38.326215, -122.718742",38.326215,-122.718742,Female,No,No,No,1,Yes,No,Fiber optic,No,No,Yes,No,No,No,Month-to-month,Yes,Electronic check,74.9,74.9,Yes,1,73,5919,Competitor had better devices,0.7025200401678868,1,High,2,New High-Risk,-1.803181216503317,-3.093361250877772,High Risk,4158.216117753722,4158.216117753722,0.9882152491835865,Critical,84
3338-CVVEH,1,United States,California,Chula Vista,91913,"32.64164, -116.985026",32.64164,-116.985026,Male,No,No,No,12,Yes,Yes,Fiber optic,No,No,No,No,Yes,Yes,Month-to-month,No,Electronic check,94.55,1173.55,No,0,25,5674,Attitude of support person,0.7321453779375218,1,High,2,New High-Risk,-2.095294246085837,-1.457141639638089,High Risk,4154.192874417498,4154.192874417498,0.9880732642339912,Critical,85
4581-SSPWD,1,United States,California,Mountain View,94040,"37.380662, -122.086022",37.380662,-122.086022,Female,No,No,No,3,Yes,Yes,Fiber optic,No,No,No,No,No,No,Month-to-month,Yes,Electronic check,75.8,246.3,Yes,1,93,5475,Attitude of service provider,0.7583289174728952,1,High,2,New High-Risk,-2.253031177756271,-3.350622342331888,High Risk,4151.850823164102,4151.850823164102,0.9879312792843958,Critical,86
3006-XIMLN,1,United States,California,Garden Valley,95633,"38.852544, -120.837669",38.852544,-120.837669,Female,No,No,No,2,Yes,Yes,Fiber optic,No,No,No,No,Yes,Yes,Month-to-month,Yes,Bank transfer (automatic),94.2,193.8,Yes,1,79,5299,Lack of self-service on Website,0.7814261660406884,1,High,2,New High-Risk,-2.309615577054573,-1.3343421146545589,High Risk,4140.777253849607,4140.777253849607,0.9877892943348006,Critical,87
0018-NYROU,1,United States,California,Antelope,95843,"38.715498, -121.363411",38.715498,-121.363411,Female,No,Yes,No,5,Yes,No,Fiber optic,No,No,No,No,No,No,Month-to-month,Yes,Electronic check,68.95,351.5,No,0,57,5536,Attitude of support person,0.747372142952231,1,High,2,New High-Risk,-1.7911107692556971,-3.0868107802697766,High Risk,4137.452183383551,4137.452183383551,0.9876473093852052,Critical,88
2688-BHGOG,1,United States,California,Olancha,93549,"36.296851, -117.865469",36.296851,-117.865469,Male,Yes,No,No,9,Yes,No,Fiber optic,No,No,No,No,No,Yes,Month-to-month,Yes,Electronic check,79.55,718.55,No,0,76,5811,Attitude of support person,0.7117686110622196,1,High,2,New High-Risk,-2.402151865896866,-3.0916380055607307,High Risk,4136.087398882558,4136.087398882558,0.9875053244356098,Critical,89
4826-XTSOH,1,United States,California,Moss Landing,95039,"36.863303, -121.781632",36.863303,-121.781632,Male,Yes,Yes,No,1,Yes,Yes,Fiber optic,No,No,No,No,Yes,No,Month-to-month,Yes,Electronic check,86.05,86.05,Yes,1,96,4843,Attitude of support person,0.8535441595968367,1,High,2,New High-Risk,-2.8159362211341405,-1.9833749113395336,High Risk,4133.71436492748,4133.71436492748,0.9873633394860145,Critical,90
7802-EFKNY,1,United States,California,Redlands,92374,"34.064073, -117.166158",34.064073,-117.166158,Male,No,Yes,No,5,No,No phone service,DSL,No,No,No,No,No,No,Month-to-month,Yes,Electronic check,24.95,100.4,Yes,1,79,5865,Attitude of support person,0.7041615949825063,1,High,3,Mid-Tenure Moderate-Risk,-1.9358051587192504,-3.5343876446154563,High Risk,4129.907754572399,4129.907754572399,0.9872213545364191,Critical,91
0236-HFWSV,1,United States,California,Palmdale,93552,"34.557711, -118.029441",34.557711,-118.029441,Male,No,No,No,15,Yes,Yes,Fiber optic,No,No,No,No,Yes,Yes,Month-to-month,Yes,Electronic check,93.35,1444.65,Yes,1,77,5264,Competitor offered higher download speeds,0.7841858901805434,1,High,2,New High-Risk,-2.6040622880507014,-1.4775777071925684,High Risk,4127.954525910381,4127.954525910381,0.9870793695868239,Critical,92
8337-UPOAQ,1,United States,California,Wrightwood,92397,"34.358321, -117.618263",34.358321,-117.618263,Male,Yes,Yes,No,10,Yes,Yes,Fiber optic,No,No,Yes,No,No,Yes,Month-to-month,Yes,Electronic check,89.8,914.3,Yes,1,76,5124,Competitor made better offer,0.8054763311647751,1,High,2,New High-Risk,-2.8840396512651028,-0.8476098126345873,High Risk,4127.260720888307,4127.260720888307,0.9869373846372285,Critical,93
1579-KLYDT,1,United States,California,Hickman,95323,"37.605926, -120.69955",37.605926,-120.69955,Male,No,No,No,7,Yes,Yes,Fiber optic,No,No,Yes,No,Yes,No,Month-to-month,Yes,Electronic check,90.45,593.45,Yes,1,98,5356,Competitor made better offer,0.7693836083304996,1,High,2,New High-Risk,-2.4378479051482835,-1.6176451777152048,High Risk,4120.818606218156,4120.818606218156,0.9867953996876331,Critical,94
7615-ESMYF,1,United States,California,Valley Center,92082,"33.25283, -116.986079",33.25283,-116.986079,Female,No,Yes,No,2,No,No phone service,DSL,No,No,No,No,Yes,Yes,Month-to-month,No,Electronic check,44.6,97.1,Yes,1,70,5482,Competitor offered higher download speeds,0.7492094964974946,1,High,3,Mid-Tenure Moderate-Risk,-1.7199965765819116,-2.0075717078800914,High Risk,4107.166459799265,4107.166459799265,0.9866534147380378,Critical,95
9444-JTXHZ,1,United States,California,Tulare,93274,"36.185471, -119.375243",36.185471,-119.375243,Male,No,Yes,No,1,Yes,No,Fiber optic,No,No,Yes,No,No,No,Month-to-month,No,Electronic check,76.2,76.2,Yes,1,83,5973,Don't know,0.686466171189894,1,Medium,2,New High-Risk,-1.3095281009833877,-2.212549719428269,Standard,4100.262440517236,4100.262440517236,0.9865114297884424,Critical,96
7234-FECYN,1,United States,California,San Gabriel,91776,"34.089927, -118.095645",34.089927,-118.095645,Female,Yes,No,No,8,Yes,Yes,Fiber optic,No,No,Yes,No,Yes,Yes,Month-to-month,No,Electronic check,101.35,780.5,Yes,1,68,5546,Attitude of support person,0.7385055473932103,1,High,2,New High-Risk,-2.533740425053544,-0.8307091673727016,High Risk,4095.751765842744,4095.751765842744,0.986369444838847,Critical,97
4927-WWOOZ,1,United States,California,Pacific Grove,93950,"36.618337, -121.926417",36.618337,-121.926417,Male,No,Yes,No,2,Yes,Yes,Fiber optic,No,No,Yes,No,Yes,No,Month-to-month,Yes,Electronic check,91.45,171.45,No,0,32,4889,Attitude of support person,0.8375789698411091,1,High,2,New High-Risk,-2.414406298826944,-0.9754235394611434,High Risk,4094.9235835531827,4094.9235835531827,0.9862274598892518,Critical,98
0345-HKJVM,1,United States,California,El Cajon,92021,"32.832706, -116.873258",32.832706,-116.873258,Female,No,No,No,6,Yes,No,Fiber optic,No,No,No,No,Yes,Yes,Month-to-month,No,Electronic check,89.3,577.6,Yes,1,100,5800,Don't know,0.7047049860336542,1,High,2,New High-Risk,-1.6021361907140057,-2.2125587099004247,High Risk,4087.2889189951943,4087.2889189951943,0.9860854749396564,Critical,99
9172-ANCRX,1,United States,California,Carson,90745,"33.822295, -118.26411",33.822295,-118.26411,Female,No,No,No,10,Yes,Yes,Fiber optic,Yes,No,No,No,Yes,Yes,Month-to-month,Yes,Electronic check,98.7,973.25,Yes,1,68,5561,Attitude of support person,0.7344319359136823,1,High,2,New High-Risk,-2.478310628568224,-0.877731553488882,High Risk,4084.175995615987,4084.175995615987,0.9859434899900611,Critical,100
2799-ARNLO,1,United States,California,Bonsall,92003,"33.290907, -117.202895",33.290907,-117.202895,Female,Yes,Yes,No,5,Yes,No,Fiber optic,No,No,No,No,No,No,Month-to-month,Yes,Electronic check,69.35,341.6,No,0,41,5437,Attitude of support person,0.7496863249842171,1,High,2,New High-Risk,-2.223368595001189,-3.213706227027408,High Risk,4076.044548939188,4076.044548939188,0.9858015050404657,Critical,101
2545-EBUPK,1,United States,California,Los Angeles,90045,"33.954017, -118.402447",33.954017,-118.402447,Female,Yes,No,No,2,Yes,Yes,Fiber optic,No,No,No,No,No,Yes,Month-to-month,Yes,Electronic check,84.05,186.05,No,0,72,5039,Attitude of support person,0.8083649453188075,1,High,2,New High-Risk,-2.811776604992529,-2.7603827505254395,High Risk,4073.350959461471,4073.350959461471,0.9856595200908703,Critical,102
8644-XLFBW,1,United States,California,Lake Elsinore,92532,"33.705836, -117.318204",33.705836,-117.318204,Male,Yes,No,No,1,Yes,No,Fiber optic,No,No,No,No,No,No,Month-to-month,Yes,Electronic check,71.65,71.65,Yes,1,84,5674,Competitor offered more data,0.7163596023995789,1,High,2,New High-Risk,-2.226067057602106,-4.091757690282166,High Risk,4064.6243840152106,4064.6243840152106,0.985517535141275,Critical,103
6683-VLCTZ,1,United States,California,Johannesburg,93528,"35.363339, -117.637641",35.363339,-117.637641,Male,Yes,No,No,20,Yes,Yes,Fiber optic,No,No,Yes,No,Yes,Yes,Month-to-month,Yes,Electronic check,98.55,1842.8,Yes,1,92,5444,Competitor offered more data,0.7461965167321418,1,High,2,New High-Risk,-3.082921105100396,-0.5834882438874612,High Risk,4062.29383708978,4062.29383708978,0.9853755501916797,Critical,104
0925-VYDLG,1,United States,California,Ludlow,92338,"34.702766, -116.093376",34.702766,-116.093376,Female,No,No,No,3,Yes,Yes,Fiber optic,No,No,No,No,No,No,Month-to-month,No,Electronic check,75.25,242.0,Yes,1,83,5898,Attitude of service provider,0.68863988728134,1,Medium,2,New High-Risk,-1.7475232675027212,-3.257515909971632,Standard,4061.598055185343,4061.598055185343,0.9852335652420844,Critical,105
4749-OJKQU,1,United States,California,San Jose,95132,"37.424655, -121.74841",37.424655,-121.74841,Female,No,No,No,4,Yes,Yes,Fiber optic,No,No,No,No,No,No,Month-to-month,Yes,Electronic check,75.65,302.35,No,0,31,5396,Attitude of support person,0.7516339590696999,1,High,2,New High-Risk,-2.255237740445442,-3.3398066960349766,High Risk,4055.8168431401004,4055.8168431401004,0.985091580292489,Critical,106
7029-RPUAV,1,United States,California,Los Gatos,95030,"37.222842, -121.988727",37.222842,-121.988727,Male,Yes,Yes,No,17,Yes,Yes,Fiber optic,No,No,Yes,No,Yes,Yes,Month-to-month,Yes,Credit card (automatic),100.45,1622.45,Yes,1,87,5508,Competitor offered more data,0.7361186012495542,1,High,0,Established High-Value,-2.8566588829311907,0.6831051914446161,High Risk,4054.5412556825445,4054.5412556825445,0.9849495953428936,Critical,107
9725-SCPZG,1,United States,California,South Lake Tahoe,96150,"38.911577, -120.106169",38.911577,-120.106169,Male,No,No,No,1,Yes,No,Fiber optic,No,No,No,No,Yes,Yes,Month-to-month,Yes,Electronic check,90.85,90.85,Yes,1,80,5086,Price too high,0.7962200364715206,1,High,2,New High-Risk,-2.0824514528307203,-2.4765646323500485,High Risk,4049.575105494154,4049.575105494154,0.9848076103932983,Critical,108
9546-CQJSU,1,United States,California,Soda Springs,95728,"39.279068, -120.414275",39.279068,-120.414275,Female,No,No,No,2,Yes,Yes,Fiber optic,No,No,Yes,No,Yes,No,Month-to-month,Yes,Electronic check,91.4,193.6,Yes,1,80,5100,Competitor had better devices,0.7929092540327398,1,High,2,New High-Risk,-2.417518568166599,-1.771282018883552,High Risk,4043.837195566973,4043.837195566973,0.984665625443703,Critical,109
0564-JJHGS,1,United States,California,Guerneville,95446,"38.52576, -123.013347",38.52576,-123.013347,Male,No,No,No,9,Yes,Yes,Fiber optic,No,No,No,No,Yes,Yes,Month-to-month,Yes,Electronic check,95.5,829.1,Yes,1,90,5007,Limited range of services,0.8060494275249608,1,High,2,New High-Risk,-2.5806315460653755,-1.67030023699819,High Risk,4035.8894836174786,4035.8894836174786,0.9845236404941077,Critical,110
8313-NDOIA,1,United States,California,Green Valley Lake,92341,"34.244411, -117.072654",34.244411,-117.072654,Female,No,No,No,24,Yes,Yes,Fiber optic,No,Yes,Yes,No,Yes,Yes,Month-to-month,Yes,Electronic check,104.15,2494.65,No,0,61,5813,Attitude of support person,0.6941616506625714,1,Medium,0,Established High-Value,-2.715209180003824,0.4717060725013581,Standard,4035.161675301528,4035.161675301528,0.9843816555445123,Critical,111
7779-LGOVN,1,United States,California,Paskenta,96074,"39.884395, -122.587513",39.884395,-122.587513,Male,Yes,Yes,No,10,Yes,Yes,Fiber optic,No,No,No,No,No,Yes,Month-to-month,Yes,Electronic check,86.65,856.65,Yes,1,84,4990,Limited range of services,0.808425063084501,1,High,2,New High-Risk,-2.8752198602042283,-1.724482642845308,High Risk,4034.04106479166,4034.04106479166,0.9842396705949169,Critical,112
1268-ASBGA,1,United States,California,Huntington Park,90255,"33.97803, -118.217141",33.97803,-118.217141,Female,Yes,Yes,No,16,Yes,Yes,Fiber optic,No,No,No,No,No,Yes,Month-to-month,Yes,Credit card (automatic),85.35,1375.15,Yes,1,66,5769,Limited range of services,0.6986383844769855,1,Medium,2,New High-Risk,-2.677197215578992,-0.9786050976934836,Standard,4030.444840047729,4030.444840047729,0.9840976856453216,Critical,113
3030-YDNRM,1,United States,California,Pasadena,91107,"34.159007, -118.087353",34.159007,-118.087353,Male,No,No,No,8,Yes,Yes,Fiber optic,No,No,No,No,No,No,Month-to-month,Yes,Electronic check,74.85,572.45,No,0,40,5514,Attitude of support person,0.7289747691388384,1,High,2,New High-Risk,-2.267857817859402,-3.235297245604898,High Risk,4019.566877031555,4019.566877031555,0.9839557006957262,Critical,114
9514-JDSKI,1,United States,California,El Monte,91732,"34.074492, -118.01462",34.074492,-118.01462,Male,Yes,Yes,No,1,No,No phone service,DSL,No,Yes,No,No,Yes,No,Month-to-month,No,Electronic check,40.2,40.2,Yes,1,65,5828,Limited range of services,0.6888273560730739,1,Medium,3,Mid-Tenure Moderate-Risk,-2.019653038017557,-2.144543940454868,Standard,4014.4858311938747,4014.4858311938747,0.9838137157461309,Critical,115
5228-EXCET,1,United States,California,Newberry Springs,92365,"34.89326, -116.505958",34.89326,-116.505958,Male,No,No,No,13,Yes,No,Fiber optic,No,No,No,No,No,Yes,Month-to-month,Yes,Electronic check,80.85,1008.7,Yes,1,85,5964,Lack of self-service on Website,0.6728811818034651,1,Medium,2,New High-Risk,-2.002762114957351,-2.8556895182428894,Standard,4013.063368275866,4013.063368275866,0.9836717307965356,Critical,116
9391-EOYLI,1,United States,California,Lewiston,96052,"40.704293, -122.803899",40.704293,-122.803899,Male,Yes,Yes,No,12,Yes,No,Fiber optic,No,No,No,No,No,Yes,Month-to-month,Yes,Electronic check,80.45,950.2,Yes,1,69,5374,Competitor made better offer,0.7459911598900125,1,High,2,New High-Risk,-2.420917423113481,-2.243836328788713,High Risk,4008.9564932489275,4008.9564932489275,0.9835297458469402,Critical,117
7932-WPTDS,1,United States,California,Green Valley Lake,92341,"34.244411, -117.072654",34.244411,-117.072654,Female,Yes,Yes,No,1,No,No phone service,DSL,No,No,No,No,No,No,Month-to-month,Yes,Electronic check,24.8,24.8,Yes,1,73,5377,Product dissatisfaction,0.7436953715934776,1,High,3,Mid-Tenure Moderate-Risk,-2.3540742428678088,-3.7774685234587566,High Risk,3998.850013058129,3998.850013058129,0.9833877608973449,Critical,118
8065-YKXKD,1,United States,California,Seeley,92273,"32.790282, -115.689559",32.790282,-115.689559,Female,No,No,No,10,Yes,Yes,Fiber optic,No,No,No,No,No,No,Month-to-month,Yes,Electronic check,74.75,799.65,Yes,1,69,5578,Competitor made better offer,0.7162626511489748,1,High,2,New High-Risk,-2.2817007988878304,-3.167906650438933,High Risk,3995.3130681089815,3995.3130681089815,0.9832457759477495,Critical,119
0970-ETWGE,1,United States,California,Bodfish,93205,"35.523991, -118.400432",35.523991,-118.400432,Male,No,No,No,1,Yes,No,Fiber optic,No,No,No,No,Yes,Yes,Month-to-month,Yes,Electronic check,89.55,89.55,Yes,1,99,4996,Competitor had better devices,0.7996494243724389,1,High,2,New High-Risk,-2.0713271053614424,-2.4941551575958827,High Risk,3995.0485241647048,3995.0485241647048,0.9831037909981541,Critical,120
1304-NECVQ,1,United States,California,Somis,93066,"34.297628, -119.014627",34.297628,-119.014627,Female,Yes,No,No,2,Yes,Yes,Fiber optic,No,No,Yes,No,No,No,Month-to-month,Yes,Electronic check,78.55,149.55,Yes,1,92,5203,Competitor made better offer,0.762996324973291,1,High,2,New High-Risk,-2.6768260269094686,-2.677821014396951,High Risk,3969.869878836033,3969.869878836033,0.9829618060485589,Critical,121
4301-VVZKA,1,United States,California,San Francisco,94123,"37.800254, -122.436975",37.800254,-122.436975,Male,No,Yes,No,16,Yes,Yes,Fiber optic,No,No,No,No,No,No,Month-to-month,Yes,Electronic check,75.4,1189.4,No,0,51,5432,Attitude of support person,0.7307731503207255,1,High,2,New High-Risk,-2.3116306235208257,-2.220538086648539,High Risk,3969.5597525421813,3969.5597525421813,0.9828198210989635,Critical,122
7156-MHUGY,1,United States,California,Buena Park,90621,"33.874224, -117.993368",33.874224,-117.993368,Male,Yes,No,No,13,Yes,No,Fiber optic,No,No,No,No,Yes,Yes,Month-to-month,Yes,Electronic check,90.5,1201.15,Yes,1,76,5394,Attitude of support person,0.73554879183985,1,High,2,New High-Risk,-2.583299197300733,-2.231496906929541,High Risk,3967.550183184151,3967.550183184151,0.9826778361493682,Critical,123
9231-ZJYAM,1,United States,California,Squaw Valley,93675,"36.719141, -119.202677",36.719141,-119.202677,Female,Yes,No,No,4,Yes,No,Fiber optic,No,No,No,No,Yes,No,Month-to-month,Yes,Electronic check,78.85,292.8,Yes,1,72,5301,Moved,0.7478722590647726,1,High,2,New High-Risk,-2.362065699619264,-3.293826724897329,High Risk,3964.4708453023595,3964.4708453023595,0.9825358511997728,Critical,124
5192-EBGOV,1,United States,California,Brea,92823,"33.924143, -117.79387",33.924143,-117.79387,Female,Yes,No,No,1,Yes,Yes,Fiber optic,No,No,No,No,Yes,No,Month-to-month,Yes,Electronic check,85.7,85.7,Yes,1,66,4880,Competitor offered higher download speeds,0.8122766137999088,1,High,2,New High-Risk,-2.814242947818865,-2.806090734658856,High Risk,3963.909875343555,3963.909875343555,0.9823938662501774,Critical,125
6615-NGGZJ,1,United States,California,Buellton,93427,"34.631362, -120.238218",34.631362,-120.238218,Male,No,No,No,14,Yes,Yes,Fiber optic,No,Yes,No,No,Yes,Yes,Month-to-month,Yes,Electronic check,100.55,1415.55,Yes,1,72,5224,Service dissatisfaction,0.7583479619037611,1,High,2,New High-Risk,-2.634962975630412,-0.7473752541458976,High Risk,3961.6097529852477,3961.6097529852477,0.9822518813005822,Critical,126
3420-YJLQT,1,United States,California,Alturas,96101,"41.468877, -120.54229",41.468877,-120.54229,Female,No,No,No,2,Yes,Yes,Fiber optic,No,Yes,No,No,No,No,Month-to-month,No,Electronic check,79.55,151.75,No,0,24,5965,Attitude of support person,0.6641121363041478,1,Medium,2,New High-Risk,-1.7524273380422384,-2.5354272350081057,Standard,3961.4288930542416,3961.4288930542416,0.9821098963509868,Critical,127
5357-TZHPP,1,United States,California,Wheatland,95692,"39.043387, -121.409837",39.043387,-121.409837,Male,Yes,No,No,9,Yes,Yes,Fiber optic,No,No,No,No,No,Yes,Month-to-month,Yes,Credit card (automatic),84.4,732.5,Yes,1,83,5745,Competitor offered higher download speeds,0.6888603514344338,1,Medium,2,New High-Risk,-2.628928880496997,-1.998794336011908,Standard,3957.5027189908224,3957.5027189908224,0.9819679114013915,Critical,128
7181-BQYBV,1,United States,California,Garden Grove,92845,"33.782955, -118.026456",33.782955,-118.026456,Female,No,Yes,No,1,Yes,Yes,Fiber optic,Yes,No,Yes,No,Yes,Yes,Month-to-month,Yes,Electronic check,102.45,102.45,Yes,1,85,4811,Attitude of service provider,0.8223511808998298,1,High,2,New High-Risk,-2.426392645717755,0.4594210695415565,High Risk,3956.331531309081,3956.331531309081,0.9818259264517961,Critical,129
5383-MMTWC,1,United States,California,Oakley,94561,"37.999406, -121.686241",37.999406,-121.686241,Female,Yes,Yes,No,8,Yes,Yes,Fiber optic,No,No,No,No,No,Yes,Month-to-month,Yes,Electronic check,84.0,613.4,Yes,1,91,4819,Limited range of services,0.8203345058734083,1,High,2,New High-Risk,-2.837661691561499,-1.820296876053177,High Risk,3953.1919838039544,3953.1919838039544,0.9816839415022007,Critical,130
7225-CBZPL,1,United States,California,Earlimart,93219,"35.858054, -119.305858",35.858054,-119.305858,Male,Yes,Yes,No,17,Yes,Yes,Fiber optic,No,No,No,No,Yes,Yes,Month-to-month,Yes,Electronic check,94.8,1563.9,No,0,49,4831,Attitude of support person,0.8178337347291901,1,High,2,New High-Risk,-3.05047377065307,-0.7710354805987966,High Risk,3950.954772476717,3950.954772476717,0.9815419565526055,Critical,131
4234-XTNEA,1,United States,California,Irvine,92606,"33.703976, -117.824172",33.703976,-117.824172,Male,No,No,No,2,Yes,No,Fiber optic,No,No,No,No,Yes,No,Month-to-month,Yes,Electronic check,79.95,174.45,No,0,44,5213,Attitude of support person,0.7571698456570254,1,High,2,New High-Risk,-1.9318757734525087,-3.2296458824583305,High Risk,3947.1264054100734,3947.1264054100734,0.9813999716030101,Critical,132
3254-YRILK,1,United States,California,Dobbins,95935,"39.381174, -121.21191",39.381174,-121.21191,Male,Yes,No,No,19,Yes,Yes,Fiber optic,No,Yes,No,No,Yes,No,Month-to-month,Yes,Electronic check,88.2,1775.8,Yes,1,69,5683,Competitor had better devices,0.6942688373738378,1,Medium,2,New High-Risk,-2.923795839687616,-1.485138595747764,Standard,3945.5298027955205,3945.5298027955205,0.9812579866534148,Critical,133
8593-WHYHV,1,United States,California,Los Angeles,90047,"33.958149, -118.308441",33.958149,-118.308441,Male,No,No,No,3,Yes,Yes,Fiber optic,No,No,No,No,No,Yes,Month-to-month,Yes,Electronic check,85.3,264.8,Yes,1,67,4934,Don't know,0.798550289633711,1,High,2,New High-Risk,-2.396085334478416,-2.628728684151223,High Risk,3940.0471290527303,3940.0471290527303,0.9811160017038194,Critical,134
4629-NRXKX,1,United States,California,El Monte,91731,"34.079934, -118.046695",34.079934,-118.046695,Female,No,Yes,No,2,Yes,No,Fiber optic,No,No,No,No,No,No,Month-to-month,No,Electronic check,70.4,147.15,Yes,1,75,5687,Network reliability,0.6922489510872547,1,Medium,2,New High-Risk,-1.28632616559111,-3.0889112058859403,Standard,3936.8197848332175,3936.8197848332175,0.980974016754224,Critical,135
3453-RTHJQ,1,United States,California,San Bernardino,92407,"34.250069, -117.393949",34.250069,-117.393949,Male,No,No,No,6,Yes,No,Fiber optic,No,No,No,No,No,No,Month-to-month,Yes,Electronic check,69.1,435.0,No,0,55,5741,Attitude of support person,0.6841074576833556,1,Medium,2,New High-Risk,-1.8000202532651992,-3.8601633885730697,Standard,3927.4609145601444,3927.4609145601444,0.9808320318046287,Critical,136
2642-DTVCO,1,United States,California,Chualar,93925,"36.596271, -121.442274",36.596271,-121.442274,Male,Yes,No,No,9,Yes,Yes,Fiber optic,No,No,No,No,No,Yes,Month-to-month,Yes,Electronic check,85.05,746.5,Yes,1,74,5095,Attitude of service provider,0.769020850538367,1,High,2,New High-Risk,-2.8570183023574884,-2.573413585221021,High Risk,3918.16123349298,3918.16123349298,0.9806900468550334,Critical,137
6618-RYATB,1,United States,California,North Hollywood,91605,"34.207295, -118.400022",34.207295,-118.400022,Female,No,No,No,1,Yes,Yes,Fiber optic,No,No,Yes,No,No,No,Month-to-month,Yes,Mailed check,79.55,79.55,Yes,1,93,5571,Price too high,0.7033068032543237,1,High,2,New High-Risk,-1.7521938648551556,-2.477385681261119,High Risk,3918.122200929837,3918.122200929837,0.980548061905438,Critical,138
4021-RQSNY,1,United States,California,Moreno Valley,92555,"33.907361, -117.109972",33.907361,-117.109972,Male,Yes,Yes,No,29,Yes,Yes,Fiber optic,No,No,Yes,No,Yes,Yes,Month-to-month,Yes,Electronic check,98.5,3004.15,Yes,1,72,5137,Attitude of service provider,0.7626844128346829,1,High,2,New High-Risk,-3.1512718091033003,0.4909812186714034,High Risk,3917.909828731766,3917.909828731766,0.9804060769558427,Critical,139
5119-NZPTV,1,United States,California,Sacramento,95823,"38.475465, -121.443625",38.475465,-121.443625,Male,Yes,Yes,No,2,Yes,No,Fiber optic,No,No,No,No,No,No,Month-to-month,No,Electronic check,70.1,141.65,No,0,74,5592,Attitude of support person,0.7003290854289763,1,High,2,New High-Risk,-1.7132222821363532,-3.2178296992665585,High Risk,3916.2402457188355,3916.2402457188355,0.9802640920062473,Critical,140
8111-RKSPX,1,United States,California,Santa Rosa,95401,"38.460517, -122.790335",38.460517,-122.790335,Male,No,No,No,4,Yes,Yes,Fiber optic,No,No,No,No,No,No,Month-to-month,Yes,Bank transfer (automatic),72.2,305.55,Yes,1,89,5668,Service dissatisfaction,0.6906375468129649,1,Medium,2,New High-Risk,-2.007929712694652,-2.829720849405069,Standard,3914.533615335885,3914.533615335885,0.980122107056652,Critical,141
2905-KFQUV,1,United States,California,Moss Beach,94038,"37.515556, -122.502311",37.515556,-122.502311,Female,No,Yes,No,2,Yes,No,Fiber optic,No,No,No,No,No,No,Month-to-month,Yes,Credit card (automatic),70.4,154.8,No,0,39,5748,Attitude of support person,0.6801873607408766,1,Medium,2,New High-Risk,-1.5644094088865563,-2.625741122142358,Standard,3909.7169495385588,3909.7169495385588,0.9799801221070567,Critical,142
2645-QTLMB,1,United States,California,Bloomington,92316,"34.059722, -117.39104",34.059722,-117.39104,Male,No,No,No,7,Yes,No,Fiber optic,No,Yes,No,No,Yes,Yes,Month-to-month,Yes,Electronic check,94.25,669.0,Yes,1,99,5267,Network reliability,0.7419835897623424,1,High,2,New High-Risk,-2.12365516025347,-1.553268105889318,High Risk,3908.0275672782573,3908.0275672782573,0.9798381371574613,Critical,143
8779-QRDMV,1,United States,California,Los Angeles,90022,"34.02381, -118.156582",34.02381,-118.156582,Male,Yes,No,No,1,No,No phone service,DSL,No,No,Yes,No,No,Yes,Month-to-month,Yes,Electronic check,39.65,39.65,Yes,1,100,5433,Competitor offered more data,0.7190459593414458,1,High,3,Mid-Tenure Moderate-Risk,-2.5242197365204526,-2.94400593593876,High Risk,3906.576697102075,3906.576697102075,0.979696152207866,Critical,144
1981-INRFU,1,United States,California,Boulevard,91905,"32.677097, -116.304991",32.677097,-116.304991,Female,No,No,No,2,Yes,No,Fiber optic,No,No,No,No,Yes,No,Month-to-month,Yes,Electronic check,79.75,164.5,Yes,1,98,5172,Don't know,0.7549149179401846,1,High,2,New High-Risk,-1.9294466380953967,-3.23722142338734,High Risk,3904.419955586635,3904.419955586635,0.9795541672582706,Critical,145
4844-JJWUY,1,United States,California,San Francisco,94121,"37.776718, -122.495781",37.776718,-122.495781,Female,Yes,No,No,1,Yes,No,Fiber optic,No,Yes,No,No,No,Yes,Month-to-month,Yes,Electronic check,86.0,86.0,Yes,1,82,5359,Competitor made better offer,0.7271722814865175,1,High,2,New High-Risk,-2.385094959737432,-2.599018502291184,High Risk,3896.916256486247,3896.916256486247,0.9794121823086753,Critical,146
9992-RRAMN,1,United States,California,Riverbank,95367,"37.734971, -120.954271",37.734971,-120.954271,Male,No,Yes,No,22,Yes,Yes,Fiber optic,No,No,No,No,No,Yes,Month-to-month,Yes,Electronic check,85.1,1873.7,Yes,1,68,5248,Product dissatisfaction,0.7420845014436414,1,High,2,New High-Risk,-2.50045451151378,-1.275325927786646,High Risk,3894.4594635762296,3894.4594635762296,0.9792701973590799,Critical,147
1867-BDVFH,1,United States,California,Los Angeles,90056,"33.987945, -118.370442",33.987945,-118.370442,Male,No,Yes,No,11,Yes,Yes,Fiber optic,No,No,No,No,No,No,Month-to-month,Yes,Electronic check,74.35,834.2,Yes,1,80,5075,Competitor made better offer,0.7672228769117441,1,High,2,New High-Risk,-2.2770095888261013,-2.389785722768056,High Risk,3893.6561003271013,3893.6561003271013,0.9791282124094846,Critical,148
8290-YWKHZ,1,United States,California,Apple Valley,92307,"34.55082, -117.122396",34.55082,-117.122396,Female,Yes,Yes,No,32,Yes,Yes,Fiber optic,No,No,No,No,Yes,Yes,Month-to-month,Yes,Electronic check,93.2,2931.0,Yes,1,90,5247,Attitude of service provider,0.7411226081869383,1,High,2,New High-Risk,-3.128438810359629,-0.3256853515099389,High Risk,3888.670325156865,3888.670325156865,0.9789862274598893,Critical,149
1768-ZAIFU,1,United States,California,Rio Dell,95562,"40.485849, -124.163234",40.485849,-124.163234,Female,Yes,No,No,1,No,No phone service,DSL,No,No,No,No,No,No,Month-to-month,Yes,Electronic check,25.2,25.2,Yes,1,67,5688,Competitor made better offer,0.6832008475202223,1,Medium,3,Mid-Tenure Moderate-Risk,-2.3602669525227173,-4.56158266182954,Standard,3886.046420695024,3886.046420695024,0.9788442425102939,Critical,150
9189-JWSHV,1,United States,California,Helm,93627,"36.520537, -120.118055",36.520537,-120.118055,Female,Yes,Yes,No,24,Yes,Yes,Fiber optic,No,No,No,No,Yes,Yes,Month-to-month,Yes,Electronic check,93.55,2264.05,Yes,1,100,4937,Price too high,0.7869840888868835,1,High,2,New High-Risk,-3.085657577120882,-0.5679068422065059,High Risk,3885.340446834544,3885.340446834544,0.9787022575606986,Critical,151
1195-OIYEJ,1,United States,California,La Puente,91746,"34.038983, -117.991372",34.038983,-117.991372,Male,No,No,No,13,Yes,No,Fiber optic,No,No,No,No,Yes,Yes,Month-to-month,Yes,Electronic check,91.1,1135.7,Yes,1,78,5347,Attitude of support person,0.7265761532915952,1,High,2,New High-Risk,-2.1539612835003186,-2.1295332156418594,High Risk,3885.0026916501597,3885.0026916501597,0.9785602726111032,Critical,152
7330-WZLNC,1,United States,California,Red Bluff,96080,"40.186772, -122.388361",40.186772,-122.388361,Female,No,No,No,5,Yes,Yes,Fiber optic,No,Yes,No,No,Yes,No,Month-to-month,Yes,Electronic check,90.8,455.5,Yes,1,73,5090,Competitor offered more data,0.7622345238349452,1,High,2,New High-Risk,-2.4258888664989064,-1.8137449456774053,High Risk,3879.773726319871,3879.773726319871,0.9784182876615078,Critical,153
3223-WZWJM,1,United States,California,Petrolia,95558,"40.274302, -124.210902",40.274302,-124.210902,Male,No,No,No,26,Yes,Yes,Fiber optic,No,No,No,No,No,Yes,Month-to-month,Yes,Electronic check,83.95,2254.2,Yes,1,85,5869,Competitor offered higher download speeds,0.6605502077672282,1,Medium,2,New High-Risk,-2.5205752080628794,-1.9180347937179163,Standard,3876.769169385862,3876.769169385862,0.9782763027119126,Critical,154
8861-HGGKB,1,United States,California,San Diego,92115,"32.762506, -117.07245",32.762506,-117.07245,Female,No,No,No,10,Yes,Yes,Fiber optic,No,No,No,No,No,Yes,Month-to-month,No,Electronic check,86.45,830.85,Yes,1,80,5699,Product dissatisfaction,0.6802219567784635,1,Medium,2,New High-Risk,-1.94388728818862,-2.3074351397394746,Standard,3876.584931680464,3876.584931680464,0.9781343177623172,Critical,155
8118-LSUEL,1,United States,California,Roseville,95678,"38.759751, -121.288545",38.759751,-121.288545,Male,Yes,No,No,23,Yes,Yes,Fiber optic,No,Yes,Yes,No,Yes,Yes,Month-to-month,Yes,Electronic check,106.4,2483.5,Yes,1,79,5507,Product dissatisfaction,0.7038007655867944,1,High,2,New High-Risk,-3.160070035240868,0.3128469946737319,High Risk,3875.8308160864767,3875.8308160864767,0.9779923328127218,Critical,156
4274-OWWYO,1,United States,California,Walnut Grove,95690,"38.240419, -121.587535",38.240419,-121.587535,Male,No,No,No,1,Yes,No,Fiber optic,No,Yes,No,No,No,No,Month-to-month,Yes,Electronic check,74.35,74.35,Yes,1,66,5633,Deceased,0.6876835097774019,1,Medium,2,New High-Risk,-1.793117523995715,-3.2492522163186432,Standard,3873.721210576105,3873.721210576105,0.9778503478631265,Critical,157
1450-GALXR,1,United States,California,Friant,93626,"37.027663, -119.69056",37.027663,-119.69056,Female,No,No,No,10,Yes,Yes,Fiber optic,No,No,No,Yes,Yes,Yes,Month-to-month,Yes,Electronic check,98.5,1058.25,Yes,1,74,5184,Attitude of service provider,0.7454207889815346,1,High,2,New High-Risk,-2.491162500505937,-0.823076959678236,High Risk,3864.2613700802754,3864.2613700802754,0.9777083629135311,Critical,158
6507-ZJSUR,1,United States,California,Albion,95410,"39.225694, -123.717354",39.225694,-123.717354,Male,Yes,Yes,No,23,Yes,No,Fiber optic,No,No,No,No,Yes,Yes,Month-to-month,Yes,Electronic check,90.45,2117.25,No,0,24,5272,Attitude of support person,0.7322912887952799,1,High,2,New High-Risk,-2.6401768760149107,-1.1546718739941095,High Risk,3860.6396745287157,3860.6396745287157,0.9775663779639359,Critical,159
7315-WYOAW,1,United States,California,Santa Monica,90405,"34.005439, -118.477507",34.005439,-118.477507,Male,No,No,No,13,Yes,Yes,Fiber optic,No,No,No,Yes,Yes,Yes,Month-to-month,No,Electronic check,100.75,1313.25,No,0,80,5985,Attitude of support person,0.6446701050162131,1,Medium,2,New High-Risk,-2.027515326156025,-0.5910453563292528,Standard,3858.3505785220354,3858.3505785220354,0.9774243930143405,Critical,160
3776-EKTKM,1,United States,California,Burbank,91501,"34.188339, -118.300942",34.188339,-118.300942,Female,Yes,No,No,1,No,No phone service,DSL,No,No,No,No,Yes,No,Month-to-month,Yes,Electronic check,36.45,36.45,Yes,1,96,5303,Service dissatisfaction,0.7275570246135925,1,High,3,Mid-Tenure Moderate-Risk,-2.514654847315612,-3.81768802927235,High Risk,3858.234901525881,3858.234901525881,0.9772824080647451,Critical,161
5875-YPQFJ,1,United States,California,Fremont,94555,"37.555473, -122.080312",37.555473,-122.080312,Male,No,No,No,1,Yes,No,Fiber optic,No,No,No,No,No,No,Month-to-month,Yes,Electronic check,69.9,69.9,Yes,1,84,5367,Competitor offered higher download speeds,0.7178815378407958,1,High,2,New High-Risk,-1.7796223679630407,-4.024641575770935,High Risk,3852.870213591551,3852.870213591551,0.9771404231151498,Critical,162
6772-KSATR,1,United States,California,Eagleville,96110,"41.280341, -120.150381",41.280341,-120.150381,Male,No,No,No,1,Yes,Yes,Fiber optic,Yes,No,No,No,No,No,Month-to-month,Yes,Electronic check,81.7,81.7,Yes,1,83,5574,Service dissatisfaction,0.6905887063512546,1,Medium,2,New High-Risk,-2.149854696391224,-2.6890437826779814,Standard,3849.341449201893,3849.341449201893,0.9769984381655544,Critical,163
1363-TXLSL,1,United States,California,San Lucas,93954,"36.125529, -120.864443",36.125529,-120.864443,Male,Yes,Yes,No,1,Yes,No,Fiber optic,No,No,No,No,No,No,Month-to-month,Yes,Electronic check,70.3,70.3,Yes,1,100,4962,Attitude of service provider,0.7753485136977847,1,High,2,New High-Risk,-2.209528897572157,-3.363449154801509,High Risk,3847.2793249684078,3847.2793249684078,0.9768564532159592,Critical,164
7235-NXZCP,1,United States,California,Hornbrook,96044,"41.962127, -122.527696",41.962127,-122.527696,Male,Yes,No,No,2,Yes,Yes,Fiber optic,No,No,No,No,No,No,Month-to-month,Yes,Mailed check,74.85,156.4,Yes,1,84,5378,Competitor made better offer,0.7152372471130733,1,High,2,New High-Risk,-2.169022187650454,-3.4506270069918106,High Risk,3846.5459149741087,3846.5459149741087,0.9767144682663638,Critical,165
8580-AECUZ,1,United States,California,Truckee,96161,"39.342498, -120.247127",39.342498,-120.247127,Male,Yes,No,No,1,Yes,No,Fiber optic,No,No,No,No,Yes,No,Month-to-month,Yes,Electronic check,79.1,79.1,Yes,1,84,5001,Extra data charges,0.7689498273997388,1,High,2,New High-Risk,-2.347772869333407,-3.402474751612038,High Risk,3845.518086826094,3845.518086826094,0.9765724833167684,Critical,166
5216-WASFJ,1,United States,California,Challenge,95925,"39.461768, -121.195825",39.461768,-121.195825,Female,Yes,Yes,No,31,Yes,Yes,Fiber optic,No,No,No,No,No,Yes,Month-to-month,Yes,Electronic check,84.85,2633.4,No,0,30,5603,Attitude of support person,0.6851252464969939,1,Medium,2,New High-Risk,-2.98053995177402,-1.1146457240365986,Standard,3838.756756122657,3838.756756122657,0.9764304983671731,Critical,167
2265-CYWIV,1,United States,California,Hickman,95323,"37.605926, -120.69955",37.605926,-120.69955,Female,Yes,Yes,No,4,Yes,Yes,Fiber optic,Yes,No,No,No,Yes,Yes,Month-to-month,Yes,Electronic check,99.6,347.65,Yes,1,77,4708,Network reliability,0.8147783582393855,1,High,2,New High-Risk,-2.8696738000671607,-0.4426788475559719,High Risk,3835.976510591027,3835.976510591027,0.9762885134175777,Critical,168
2983-ZANRP,1,United States,California,La Puente,91744,"34.031441, -117.936436",34.031441,-117.936436,Female,No,Yes,No,2,Yes,No,Fiber optic,No,Yes,No,No,No,No,Month-to-month,Yes,Bank transfer (automatic),73.55,145.4,Yes,1,97,5799,Extra data charges,0.6611906456058393,1,Medium,2,New High-Risk,-1.5701160660040503,-1.891650716844763,Standard,3834.244553868262,3834.244553868262,0.9761465284679824,Critical,169
0168-XZKBB,1,United States,California,Boron,93516,"34.95703, -117.73045",34.95703,-117.73045,Female,No,Yes,No,19,Yes,Yes,Fiber optic,No,No,No,No,Yes,No,Month-to-month,Yes,Electronic check,86.85,1564.4,No,0,64,5072,Attitude of support person,0.7545655913000041,1,High,2,New High-Risk,-2.490395959920148,-1.3798004207286725,High Risk,3827.156679073621,3827.156679073621,0.9760045435183871,Critical,170
7409-KIUTL,1,United States,California,Westley,95387,"37.546007, -121.28257",37.546007,-121.28257,Female,Yes,No,No,1,Yes,No,Fiber optic,No,No,No,No,No,No,Month-to-month,Yes,Electronic check,71.0,71.0,Yes,1,72,5345,Don't know,0.7158118626939003,1,High,2,New High-Risk,-2.2186274370311803,-4.136940068269261,High Risk,3826.014406098897,3826.014406098897,0.9758625585687917,Critical,171
2504-DSHIH,1,United States,California,Thousand Oaks,91360,"34.214054, -118.88109",34.214054,-118.88109,Male,Yes,Yes,No,23,Yes,Yes,Fiber optic,No,No,No,No,No,Yes,Month-to-month,No,Electronic check,86.8,1975.85,No,0,38,5788,Attitude of support person,0.6600251594675725,1,Medium,2,New High-Risk,-2.4507783073618765,-1.2428676499816975,Standard,3820.2256229983095,3820.2256229983095,0.9757205736191964,Critical,172
0899-LIIBW,1,United States,California,Forks Of Salmon,96031,"41.232128, -123.194748",41.232128,-123.194748,Male,No,Yes,No,34,Yes,Yes,Fiber optic,No,No,Yes,No,Yes,Yes,Month-to-month,No,Electronic check,100.85,3527.3,No,0,76,5891,Attitude of support person,0.6479503670894633,1,Medium,0,Established High-Value,-2.274362062426159,0.897531421223984,Standard,3817.075612524028,3817.075612524028,0.975578588669601,Critical,173
9689-PTNPG,1,United States,California,Vidal,92280,"34.264124, -114.717964",34.264124,-114.717964,Male,No,No,No,2,Yes,No,Fiber optic,No,No,No,No,Yes,No,Month-to-month,Yes,Electronic check,80.25,144.55,Yes,1,80,5055,Competitor had better devices,0.7550257714756263,1,High,2,New High-Risk,-1.931594124908307,-3.252797326485068,High Risk,3816.6552748092913,3816.6552748092913,0.9754366037200057,Critical,174
9279-CJEOJ,1,United States,California,Anaheim,92801,"33.844983, -117.952151",33.844983,-117.952151,Female,Yes,No,No,21,Yes,Yes,Fiber optic,No,No,No,No,Yes,Yes,Month-to-month,Yes,Bank transfer (automatic),95.4,2025.1,No,0,47,5691,Attitude of support person,0.6705682470396538,1,Medium,2,New High-Risk,-2.86917670329779,-0.8733397048973122,Standard,3816.2038939026697,3816.2038939026697,0.9752946187704103,Critical,175
6651-AZVTJ,1,United States,California,Pomona,91768,"34.067932, -117.785168",34.067932,-117.785168,Male,No,Yes,No,49,Yes,Yes,Fiber optic,No,No,Yes,No,Yes,Yes,Month-to-month,Yes,Electronic check,99.8,4872.45,Yes,1,83,6088,Attitude of support person,0.6265338040096323,1,Medium,0,Established High-Value,-2.8577346263047887,1.272169343360129,Standard,3814.3377988106417,3814.3377988106417,0.975152633820815,Critical,176
6372-RFVNS,1,United States,California,Placentia,92870,"33.881158, -117.854783",33.881158,-117.854783,Female,No,Yes,No,1,Yes,No,Fiber optic,No,No,No,No,Yes,No,Month-to-month,No,Electronic check,78.8,78.8,Yes,1,87,5075,Attitude of service provider,0.7512151184148493,1,High,2,New High-Risk,-1.4110517010108343,-2.411951512316072,High Risk,3812.4167259553606,3812.4167259553606,0.9750106488712197,Critical,177
4132-KALRO,1,United States,California,Davis Creek,96108,"41.750354, -120.403885",41.750354,-120.403885,Female,No,No,No,4,Yes,Yes,Fiber optic,No,No,No,Yes,Yes,Yes,Month-to-month,Yes,Mailed check,100.85,399.25,No,0,21,5354,Attitude of support person,0.7092451102553453,1,High,2,New High-Risk,-1.9696022846348429,-0.9086178333825908,High Risk,3797.298320307119,3797.298320307119,0.9748686639216243,Critical,178
3721-CNEYS,1,United States,California,Douglas City,96024,"40.586588, -122.903677",40.586588,-122.903677,Female,No,No,No,2,Yes,No,Fiber optic,No,No,No,No,No,No,Month-to-month,Yes,Electronic check,70.95,137.95,Yes,1,94,5390,Poor expertise of phone support,0.7041676012639863,1,High,2,New High-Risk,-1.7928188039774091,-3.993624051507136,High Risk,3795.463370812886,3795.463370812886,0.9747266789720289,Critical,179
1455-UGQVH,1,United States,California,Acampo,95220,"38.200231, -121.235034",38.200231,-121.235034,Male,No,Yes,No,10,Yes,Yes,Fiber optic,No,No,Yes,No,Yes,Yes,Month-to-month,Yes,Electronic check,98.5,1037.75,Yes,1,91,4501,Lack of self-service on Website,0.8430025055937872,1,High,2,New High-Risk,-2.5922934662286234,-0.0151251440611172,High Risk,3794.354277677636,3794.354277677636,0.9745846940224336,Critical,180
6711-FLDFB,1,United States,California,Big Oak Flat,95305,"37.818589, -120.256995",37.818589,-120.256995,Female,No,No,No,7,Yes,Yes,Fiber optic,No,No,No,No,No,No,Month-to-month,Yes,Electronic check,74.9,541.15,Yes,1,68,5159,Competitor had better devices,0.7348666050875265,1,High,2,New High-Risk,-2.2633439426396524,-3.298641289856878,High Risk,3791.1768156465496,3791.1768156465496,0.9744427090728383,Critical,181
9488-HGMJH,1,United States,California,Indian Wells,92210,"33.537646, -116.291089",33.537646,-116.291089,Female,Yes,No,No,1,Yes,No,Fiber optic,No,No,No,No,No,No,Month-to-month,Yes,Electronic check,71.15,71.15,Yes,1,85,5287,Competitor made better offer,0.715312347580945,1,High,2,New High-Risk,-2.21945894347334,-4.143672078508706,High Risk,3781.856381660456,3781.856381660456,0.974300724123243,Critical,182
7254-IQWOZ,1,United States,California,Redding,96001,"40.587919, -122.464732",40.587919,-122.464732,Male,No,No,No,1,Yes,No,Fiber optic,No,No,No,No,No,No,Month-to-month,Yes,Electronic check,69.65,69.65,Yes,1,67,5258,Network reliability,0.7187092121738289,1,High,2,New High-Risk,-1.776876917439736,-4.039772321826906,High Risk,3778.9730376099924,3778.9730376099924,0.9741587391736476,Critical,183
5150-ITWWB,1,United States,California,Hamilton City,95951,"39.732767, -122.042298",39.732767,-122.042298,Male,Yes,No,No,3,Yes,Yes,Fiber optic,No,No,No,No,Yes,Yes,Month-to-month,Yes,Electronic check,94.85,335.75,No,0,40,4496,Attitude of support person,0.8393774807838147,1,High,2,New High-Risk,-2.9699839177205027,-2.005400335053792,High Risk,3773.8411536040308,3773.8411536040308,0.9740167542240522,Critical,184
0674-DGMAQ,1,United States,California,Elk,95432,"39.108252, -123.645121",39.108252,-123.645121,Male,Yes,Yes,No,32,Yes,Yes,Fiber optic,No,Yes,Yes,No,No,Yes,Month-to-month,Yes,Electronic check,93.5,2970.8,No,0,77,5804,Attitude of support person,0.6501819361052418,1,Medium,0,Established High-Value,-3.0260237530875247,0.5697424033623383,Standard,3773.655957154823,3773.655957154823,0.9738747692744569,Critical,185
7548-SEPYI,1,United States,California,Inyokern,93527,"36.041315, -118.188235",36.041315,-118.188235,Female,No,No,No,5,Yes,No,Fiber optic,No,Yes,No,No,Yes,Yes,Month-to-month,Yes,Electronic check,96.25,512.45,Yes,1,74,5056,Competitor made better offer,0.7459792229081027,1,High,2,New High-Risk,-2.1280244324391524,-1.6208337441973075,High Risk,3771.6709510233673,3771.6709510233673,0.9737327843248615,Critical,186
4822-NGOCH,1,United States,California,Sacramento,95831,"38.494832, -121.529447",38.494832,-121.529447,Female,No,No,No,13,Yes,Yes,Fiber optic,No,Yes,Yes,No,No,No,Month-to-month,Yes,Electronic check,84.45,1058.6,Yes,1,74,5801,Long distance charges,0.6497446927452089,1,Medium,2,New High-Risk,-2.333129320114621,-1.4598956233438034,Standard,3769.1689626149564,3769.1689626149564,0.9735907993752663,Critical,187
2180-DXNEG,1,United States,California,Harbor City,90710,"33.798266, -118.300237",33.798266,-118.300237,Female,No,No,No,12,Yes,No,Fiber optic,No,No,Yes,No,Yes,Yes,Month-to-month,Yes,Electronic check,96.0,1062.1,Yes,1,89,5239,Product dissatisfaction,0.7186941111904245,1,High,2,New High-Risk,-2.1671724215331563,-1.3080969460390353,High Risk,3765.238448526634,3765.238448526634,0.9734488144256709,Critical,188
7354-OIJLX,1,United States,California,Inglewood,90305,"33.958134, -118.330905",33.958134,-118.330905,Male,No,No,No,9,Yes,Yes,Fiber optic,No,No,No,No,No,No,Month-to-month,Yes,Electronic check,75.85,724.65,No,0,70,5212,Attitude of support person,0.7222300836416964,1,High,2,New High-Risk,-2.2831485496492845,-3.234146847255392,High Risk,3764.2631959405217,3764.2631959405217,0.9733068294760755,Critical,189
2081-VEYEH,1,United States,California,Compton,90221,"33.885811, -118.206459",33.885811,-118.206459,Male,No,No,No,3,Yes,No,Fiber optic,No,Yes,Yes,Yes,Yes,Yes,Month-to-month,Yes,Electronic check,107.95,318.6,No,0,70,5653,Attitude of support person,0.6658096738659405,1,Medium,2,New High-Risk,-2.0648557774564926,0.0555782494299507,Standard,3763.8220863641614,3763.8220863641614,0.9731648445264802,Critical,190
2439-LYPMQ,1,United States,California,Milford,96121,"40.181279, -120.392967",40.181279,-120.392967,Male,Yes,Yes,No,38,Yes,Yes,Fiber optic,No,Yes,Yes,No,Yes,Yes,Month-to-month,Yes,Electronic check,102.6,4009.2,No,0,40,5469,Attitude of support person,0.6880093433918968,1,Medium,0,Established High-Value,-3.225193891683384,1.5385281844944296,Standard,3762.7230990102835,3762.7230990102835,0.9730228595768848,Critical,191
8844-TONUD,1,United States,California,Acampo,95220,"38.200231, -121.235034",38.200231,-121.235034,Male,No,Yes,No,13,Yes,No,Fiber optic,No,No,Yes,No,Yes,Yes,Month-to-month,Yes,Mailed check,96.65,1162.85,Yes,1,75,5295,Attitude of service provider,0.710550106625632,1,High,2,New High-Risk,-1.678114604540241,-0.3864062907452008,High Risk,3762.3628145827215,3762.3628145827215,0.9728808746272896,Critical,192
2845-HSJCY,1,United States,California,Whitethorn,95589,"40.053159, -123.995867",40.053159,-123.995867,Female,No,Yes,No,14,Yes,Yes,Fiber optic,No,No,Yes,No,No,Yes,Month-to-month,Yes,Electronic check,87.25,1258.6,Yes,1,78,4786,Competitor offered higher download speeds,0.785952898469202,1,High,2,New High-Risk,-2.453422407189416,-0.6842449291331552,High Risk,3761.570572073601,3761.570572073601,0.9727388896776942,Critical,193
4813-HQMGZ,1,United States,California,Ducor,93218,"35.846067, -119.004073",35.846067,-119.004073,Female,No,Yes,No,8,Yes,Yes,Fiber optic,No,No,No,Yes,No,Yes,Month-to-month,Yes,Electronic check,90.25,743.75,No,0,76,4969,Attitude of support person,0.7569230063474077,1,High,2,New High-Risk,-2.3376219684281825,-0.874951835718378,High Risk,3761.150418540269,3761.150418540269,0.9725969047280988,Critical,194
4514-GFCFI,1,United States,California,Ramona,92065,"33.044541, -116.833922",33.044541,-116.833922,Female,Yes,No,No,16,Yes,Yes,Fiber optic,No,No,No,No,Yes,No,Month-to-month,Yes,Electronic check,84.75,1350.15,Yes,1,99,5136,Competitor offered higher download speeds,0.7300070986690393,1,High,2,New High-Risk,-2.890712901701677,-2.392940279824302,High Risk,3749.316458764186,3749.316458764186,0.9724549197785035,Critical,195
2215-ZAFGX,1,United States,California,La Mesa,91942,"32.782501, -117.01611",32.782501,-117.01611,Male,No,No,No,9,Yes,Yes,Fiber optic,No,No,No,No,Yes,No,Month-to-month,Yes,Electronic check,85.5,791.7,No,0,69,4867,Attitude of support person,0.7699873675473348,1,High,2,New High-Risk,-2.4280100588615325,-2.484400298799675,High Risk,3747.5285178528784,3747.5285178528784,0.9723129348289081,Critical,196
7321-VGNKU,1,United States,California,Paskenta,96074,"39.884395, -122.587513",39.884395,-122.587513,Female,No,Yes,No,2,Yes,No,Fiber optic,No,No,No,No,No,No,Month-to-month,Yes,Electronic check,70.35,120.25,No,0,39,4917,Attitude of support person,0.7619564231464814,1,High,2,New High-Risk,-1.7829913479383512,-3.233636454714163,High Risk,3746.539732611249,3746.539732611249,0.9721709498793127,Critical,197
2107-FBPTK,1,United States,California,Ramona,92065,"33.044541, -116.833922",33.044541,-116.833922,Female,Yes,No,No,30,Yes,Yes,Fiber optic,No,Yes,Yes,No,Yes,Yes,Month-to-month,Yes,Electronic check,104.1,3121.1,No,0,59,5655,Attitude of support person,0.6624124934370621,1,Medium,0,Established High-Value,-3.183632250895537,0.5076933874120819,Standard,3745.942650386586,3745.942650386586,0.9720289649297175,Critical,198
8708-XPXHZ,1,United States,California,Castella,96017,"41.121108, -122.336613",41.121108,-122.336613,Female,No,Yes,No,42,Yes,Yes,Fiber optic,No,No,No,No,Yes,Yes,Month-to-month,Yes,Electronic check,94.2,4186.3,Yes,1,95,5458,Competitor had better devices,0.6860772422967533,1,Medium,2,New High-Risk,-2.7853438511287942,0.1356978640008062,Standard,3744.6095884556794,3744.6095884556794,0.9718869799801221,Critical,199
4192-GORJT,1,United States,California,Fremont,94555,"37.555473, -122.080312",37.555473,-122.080312,Male,No,Yes,No,5,Yes,No,Fiber optic,No,No,Yes,No,Yes,Yes,Month-to-month,Yes,Electronic check,94.45,498.1,Yes,1,77,4580,Service dissatisfaction,0.8175464904338935,1,High,2,New High-Risk,-2.1124271560639367,-0.7494910099450351,High Risk,3744.362926187232,3744.362926187232,0.9717449950305268,Critical,200
9985-MWVIX,1,United States,California,Hume,93628,"36.807595, -118.901544",36.807595,-118.901544,Female,No,No,No,1,Yes,No,Fiber optic,No,No,No,No,No,No,Month-to-month,Yes,Mailed check,70.15,70.15,Yes,1,97,5773,Attitude of support person,0.6485361741921368,1,Medium,2,New High-Risk,-1.2841684828640918,-3.913693391025471,Standard,3743.999333611206,3743.999333611206,0.9716030100809314,Critical,201
4585-HETAI,1,United States,California,Huntington Park,90255,"33.97803, -118.217141",33.97803,-118.217141,Female,No,Yes,No,4,Yes,No,Fiber optic,No,No,Yes,No,No,No,Month-to-month,Yes,Electronic check,73.75,325.45,Yes,1,83,5026,Service dissatisfaction,0.7447649661029592,1,High,2,New High-Risk,-1.8034846760486607,-2.3105518905765705,High Risk,3743.188719633473,3743.188719633473,0.971461025131336,Critical,202
0023-HGHWL,1,United States,California,Morgan Hill,95037,"37.161544, -121.649371",37.161544,-121.649371,Male,Yes,No,No,1,No,No phone service,DSL,No,No,No,No,No,No,Month-to-month,Yes,Electronic check,25.1,25.1,Yes,1,85,5437,Competitor made better offer,0.6864309750008974,1,Medium,3,Mid-Tenure Moderate-Risk,-2.3577977072646426,-4.594207804359431,Standard,3732.1252110798796,3732.1252110798796,0.9713190401817408,Critical,203
5980-NOPLP,1,United States,California,Pasadena,91105,"34.13946, -118.166649",34.13946,-118.166649,Female,No,Yes,No,44,Yes,Yes,Fiber optic,No,No,No,No,Yes,Yes,Month-to-month,Yes,Electronic check,96.1,4364.1,Yes,1,87,5606,Competitor offered higher download speeds,0.6654297378388171,1,Medium,2,New High-Risk,-2.813103952075632,0.2158438476867697,Standard,3730.3991103244084,3730.3991103244084,0.9711770552321454,Critical,204
0225-ZORZP,1,United States,California,Groveland,95321,"37.902968, -119.667544",37.902968,-119.667544,Male,No,No,No,3,Yes,No,Fiber optic,No,Yes,No,No,No,Yes,Month-to-month,No,Electronic check,84.3,235.05,No,0,43,5828,Attitude of support person,0.6396016363221427,1,Medium,2,New High-Risk,-1.4505470188329344,-2.3414954563217023,Standard,3727.598336485448,3727.598336485448,0.9710350702825501,Critical,205
1704-NRWYE,1,United States,California,Point Reyes Station,94956,"38.060264, -122.830646",38.060264,-122.830646,Female,Yes,No,No,9,Yes,No,Fiber optic,No,No,No,No,Yes,No,Month-to-month,Yes,Electronic check,80.85,751.65,Yes,1,71,5242,Competitor offered higher download speeds,0.7110422847528061,1,High,2,New High-Risk,-2.4073001605074364,-3.158806469110213,High Risk,3727.2836566742094,3727.2836566742094,0.9708930853329547,Critical,206
3727-RJMEO,1,United States,California,Rohnert Park,94928,"38.34719, -122.697822",38.34719,-122.697822,Male,No,Yes,No,6,Yes,Yes,Fiber optic,No,No,No,No,Yes,No,Month-to-month,Yes,Electronic check,82.85,460.25,Yes,1,78,4458,Competitor had better devices,0.8350851400750041,1,High,2,New High-Risk,-2.382271465541852,-1.811082406298789,High Risk,3722.8095544543685,3722.8095544543685,0.9707511003833593,Critical,207
6087-MVHJH,1,United States,California,French Camp,95231,"37.873283, -121.292034",37.873283,-121.292034,Female,No,No,No,16,Yes,Yes,Fiber optic,No,No,Yes,No,No,Yes,Month-to-month,Yes,Electronic check,88.45,1422.1,Yes,1,88,5186,Don't know,0.7159931082396522,1,High,2,New High-Risk,-2.4773250009418786,-1.4028387907023696,High Risk,3713.1402593308367,3713.1402593308367,0.970609115433764,Critical,208
5879-SESNB,1,United States,California,Moraga,94556,"37.827946, -122.107185",37.827946,-122.107185,Female,No,No,No,11,Yes,Yes,Fiber optic,No,No,No,No,No,No,Month-to-month,No,Electronic check,75.25,888.65,No,0,75,5902,Attitude of support person,0.6291141808939633,1,Medium,2,New High-Risk,-1.7899765914160253,-3.055813370690853,Standard,3713.0318956361716,3713.0318956361716,0.9704671304841687,Critical,209
6140-QNRQQ,1,United States,California,Santa Barbara,93103,"34.438581, -119.685368",34.438581,-119.685368,Male,No,No,No,1,Yes,No,Fiber optic,No,No,No,No,No,No,Month-to-month,Yes,Mailed check,71.55,71.55,Yes,1,98,5739,Attitude of service provider,0.6463501375379146,1,Medium,2,New High-Risk,-1.2952830524801502,-3.911524090367939,Standard,3709.4034393300917,3709.4034393300917,0.9703251455345734,Critical,210
1571-SAVHK,1,United States,California,Meadow Vista,95722,"39.003358, -121.022539",39.003358,-121.022539,Male,No,No,No,12,Yes,Yes,Fiber optic,No,No,No,Yes,Yes,Yes,Month-to-month,Yes,Mailed check,99.95,1132.75,Yes,1,80,5598,Competitor had better devices,0.6623860251574011,1,Medium,2,New High-Risk,-2.0111963265111545,-0.6678482777764404,Standard,3708.036968831131,3708.036968831131,0.970183160584978,Critical,211
8042-JVNFH,1,United States,California,Olancha,93549,"36.296851, -117.865469",36.296851,-117.865469,Male,No,No,No,1,Yes,No,Fiber optic,No,No,No,No,No,No,Month-to-month,Yes,Mailed check,71.35,71.35,Yes,1,92,5730,Attitude of support person,0.6470977657521456,1,Medium,2,New High-Risk,-1.293603651014315,-3.9136094181230017,Standard,3707.8701977597943,3707.8701977597943,0.9700411756353826,Critical,212
2272-QAGFO,1,United States,California,Inglewood,90304,"33.936827, -118.359824",33.936827,-118.359824,Female,Yes,No,No,14,Yes,Yes,Fiber optic,No,No,No,No,No,No,Month-to-month,Yes,Electronic check,74.3,1096.25,Yes,1,71,5342,Service dissatisfaction,0.6933804144628601,1,Medium,2,New High-Risk,-2.72649999490911,-3.2179998096397413,Standard,3704.038174060599,3704.038174060599,0.9698991906857873,Critical,213
4919-IKATY,1,United States,California,Joshua Tree,92252,"34.167236, -116.281511",34.167236,-116.281511,Male,No,Yes,No,5,Yes,Yes,Fiber optic,Yes,No,Yes,No,No,No,Month-to-month,Yes,Electronic check,84.5,453.75,Yes,1,98,5141,Don't know,0.7201664579976306,1,High,2,New High-Risk,-2.1719345163607486,-0.9612511040769008,High Risk,3702.375760565819,3702.375760565819,0.969757205736192,Critical,214
8413-VONUO,1,United States,California,Grimes,95950,"39.033058, -121.895718",39.033058,-121.895718,Male,No,No,No,2,Yes,No,Fiber optic,No,Yes,No,No,Yes,Yes,Month-to-month,No,Electronic check,95.65,167.3,Yes,1,82,5332,Limited range of services,0.6940867534034683,1,Medium,2,New High-Risk,-1.599803278443826,-1.6362583368965569,Standard,3700.870569147293,3700.870569147293,0.9696152207865966,Critical,215
7394-FKDNK,1,United States,California,Redlands,92374,"34.064073, -117.166158",34.064073,-117.166158,Female,No,Yes,No,9,Yes,No,Fiber optic,No,No,No,No,Yes,Yes,Month-to-month,No,Electronic check,89.45,853.1,Yes,1,91,4971,Network reliability,0.743712028491855,1,High,2,New High-Risk,-1.6146975759573927,-1.4121177759056829,High Risk,3696.9924936330112,3696.9924936330112,0.9694732358370013,Critical,216
2082-OJVTK,1,United States,California,San Marcos,92078,"33.119028, -117.166036",33.119028,-117.166036,Male,No,Yes,No,29,Yes,Yes,Fiber optic,No,No,Yes,No,No,Yes,Month-to-month,Yes,Electronic check,89.2,2698.35,Yes,1,91,5292,Competitor made better offer,0.6973518997924107,1,Medium,2,New High-Risk,-2.5645499778955805,-0.2009638592336975,Standard,3690.3862537014375,3690.3862537014375,0.9693312508874059,Critical,217
5597-GLBUC,1,United States,California,Squaw Valley,93675,"36.719141, -119.202677",36.719141,-119.202677,Female,No,No,No,1,Yes,No,Fiber optic,No,No,Yes,No,Yes,No,Month-to-month,Yes,Electronic check,85.45,85.45,Yes,1,95,4931,Lack of affordable download/upload speed,0.7473488246221508,1,High,2,New High-Risk,-1.947913174944176,-2.429987928951425,High Risk,3685.1770542118256,3685.1770542118256,0.9691892659378106,Critical,218
3295-YVUSR,1,United States,California,Glendale,91202,"34.167926, -118.267539",34.167926,-118.267539,Male,Yes,No,No,2,Yes,Yes,Fiber optic,No,No,No,No,No,No,Month-to-month,Yes,Mailed check,72.6,154.3,No,0,47,5098,Attitude of support person,0.7226820380434726,1,High,2,New High-Risk,-2.148955533331923,-3.496967657334193,High Risk,3684.2330299456235,3684.2330299456235,0.9690472809882152,Critical,219
9415-DPEWS,1,United States,California,Carmichael,95608,"38.626128, -121.328011",38.626128,-121.328011,Female,No,No,No,18,Yes,Yes,Fiber optic,No,No,No,Yes,Yes,No,Month-to-month,Yes,Electronic check,88.35,1639.3,Yes,1,96,5727,Competitor offered more data,0.6431126382568779,1,Medium,2,New High-Risk,-2.3827197601295294,-1.3531773490574204,Standard,3683.10607929714,3683.10607929714,0.9689052960386199,Critical,220
2430-USGXP,1,United States,California,Santa Fe Springs,90670,"33.933565, -118.062611",33.933565,-118.062611,Male,No,Yes,No,24,Yes,Yes,Fiber optic,No,No,Yes,No,Yes,Yes,Month-to-month,Yes,Electronic check,101.05,2391.8,Yes,1,66,4766,Lack of affordable download/upload speed,0.7726902993978788,1,High,2,New High-Risk,-2.7010823363041534,0.414146225168963,High Risk,3682.6419669302904,3682.6419669302904,0.9687633110890246,Critical,221
8699-ASUFO,1,United States,California,Nuevo,92567,"33.82769, -117.102244",33.82769,-117.102244,Male,Yes,Yes,No,7,Yes,Yes,Fiber optic,No,No,No,No,No,No,Month-to-month,Yes,Mailed check,74.4,527.9,Yes,1,96,4969,Attitude of service provider,0.7399121395690197,1,High,2,New High-Risk,-2.186515697116843,-2.558150564138175,High Risk,3676.623421518459,3676.623421518459,0.9686213261394292,Critical,222
9300-RENDD,1,United States,California,Cedar Glen,92321,"34.255203, -117.175654",34.255203,-117.175654,Male,No,No,No,1,Yes,No,Fiber optic,No,No,No,No,Yes,No,Month-to-month,Yes,Electronic check,79.95,79.95,Yes,1,99,4815,Attitude of support person,0.7626663043266646,1,High,2,New High-Risk,-1.923186841663387,-3.307736881702401,High Risk,3672.2382553328903,3672.2382553328903,0.9684793411898339,Critical,223
4873-ILOLJ,1,United States,California,Sunol,94586,"37.587494, -121.862856",37.587494,-121.862856,Male,No,No,No,24,Yes,No,Fiber optic,No,No,No,No,Yes,Yes,Month-to-month,Yes,Electronic check,90.35,2238.5,Yes,1,67,5546,Service dissatisfaction,0.6620471306760823,1,Medium,2,New High-Risk,-2.21937415436735,-1.8003238292994712,Standard,3671.7133867295524,3671.7133867295524,0.9683373562402385,Critical,224
2672-DZUOY,1,United States,California,Buttonwillow,93206,"35.451402, -119.488413",35.451402,-119.488413,Male,No,No,No,1,No,No phone service,DSL,No,No,No,No,No,No,Month-to-month,Yes,Electronic check,25.15,25.15,Yes,1,99,5386,Attitude of service provider,0.6816875460681457,1,Medium,3,Mid-Tenure Moderate-Risk,-1.927624508270032,-4.485902102064148,Standard,3671.569123123033,3671.569123123033,0.9681953712906431,Critical,225
0840-DFEZH,1,United States,California,Los Angeles,90036,"34.070291, -118.349191",34.070291,-118.349191,Female,No,No,No,7,Yes,Yes,Fiber optic,No,No,No,No,No,No,Month-to-month,Yes,Electronic check,75.35,564.65,No,0,37,4989,Attitude of support person,0.7344308832906052,1,High,2,New High-Risk,-2.267137242623136,-3.3150381170050154,High Risk,3664.0756767368293,3664.0756767368293,0.9680533863410479,Critical,226
0196-JTUQI,1,United States,California,Clarksburg,95612,"38.384648, -121.578701",38.384648,-121.578701,Female,No,No,No,9,Yes,Yes,Fiber optic,No,No,No,No,No,No,Month-to-month,Yes,Credit card (automatic),75.2,633.85,No,0,68,5841,Attitude of support person,0.6264795375351347,1,Medium,2,New High-Risk,-2.050681016649649,-2.673169138216517,Standard,3659.266978742722,3659.266978742722,0.9679114013914525,Critical,227
0396-YCHWO,1,United States,California,Sacramento,95829,"38.486502, -121.334051",38.486502,-121.334051,Male,No,Yes,No,36,Yes,Yes,Fiber optic,No,No,No,No,Yes,Yes,Month-to-month,Yes,Electronic check,95.4,3474.2,No,0,44,5111,Attitude of support person,0.7158081147296832,1,High,2,New High-Risk,-2.748346567576364,-0.0866154582481346,High Risk,3658.495274383411,3658.495274383411,0.9677694164418572,Critical,228
5539-TMZLF,1,United States,California,Concord,94520,"38.013825, -122.039144",38.013825,-122.039144,Male,Yes,No,No,1,Yes,No,Fiber optic,No,No,No,No,No,No,Month-to-month,Yes,Electronic check,69.75,69.75,Yes,1,69,5057,Product dissatisfaction,0.7226333847480594,1,High,2,New High-Risk,-2.206599141586931,-4.179666021617445,High Risk,3654.357026670936,3654.357026670936,0.9676274314922618,Critical,229
8992-JQYUN,1,United States,California,San Fernando,91340,"34.286131, -118.435969",34.286131,-118.435969,Male,No,Yes,No,1,No,No phone service,DSL,No,No,Yes,No,Yes,Yes,Month-to-month,Yes,Electronic check,50.35,50.35,Yes,1,65,4526,Competitor offered more data,0.8071418261090559,1,High,3,Mid-Tenure Moderate-Risk,-2.2395641012251786,-1.32912346096349,High Risk,3653.1239049695873,3653.1239049695873,0.9674854465426664,Critical,230
4636-QRJKY,1,United States,California,Idyllwild,92549,"33.755039, -116.741796",33.755039,-116.741796,Female,No,Yes,No,6,Yes,Yes,Fiber optic,No,No,No,Yes,No,No,Month-to-month,Yes,Electronic check,80.5,502.85,Yes,1,98,5032,Price too high,0.7256107721863412,1,High,2,New High-Risk,-2.175437430595564,-1.7181763138960984,High Risk,3651.273405641669,3651.273405641669,0.9673434615930712,Critical,231
5159-YFPKQ,1,United States,California,Moreno Valley,92551,"33.88274, -117.224878",33.88274,-117.224878,Female,No,No,No,2,Yes,No,Fiber optic,No,No,Yes,No,No,No,Month-to-month,Yes,Electronic check,75.8,160.75,Yes,1,98,5270,Attitude of support person,0.6926098849079282,1,Medium,2,New High-Risk,-1.8117111370870524,-3.1465824798095503,Standard,3650.0540934647815,3650.0540934647815,0.9672014766434758,Critical,232
5419-JPRRN,1,United States,California,Rough And Ready,95975,"39.225634, -121.156163",39.225634,-121.156163,Male,No,No,No,1,Yes,Yes,Fiber optic,No,No,Yes,No,Yes,Yes,Month-to-month,Yes,Electronic check,101.45,101.45,Yes,1,77,4390,Extra data charges,0.8311338722278194,1,High,2,New High-Risk,-2.5569305645101563,-1.097956713870707,High Risk,3648.6776990801272,3648.6776990801272,0.9670594916938805,Critical,233
1833-VGRUM,1,United States,California,Perris,92570,"33.787298, -117.320676",33.787298,-117.320676,Female,Yes,No,No,1,Yes,Yes,Fiber optic,No,No,No,No,No,No,Month-to-month,Yes,Electronic check,74.2,74.2,Yes,1,71,4684,Price too high,0.778202095572213,1,High,2,New High-Risk,-2.653989338746583,-3.625590474018116,High Risk,3645.0986156602457,3645.0986156602457,0.9669175067442851,Critical,234
6474-FVJLC,1,United States,California,Sherman Oaks,91423,"34.146957, -118.432138",34.146957,-118.432138,Male,No,No,No,2,Yes,Yes,Fiber optic,No,No,No,No,No,Yes,Month-to-month,Yes,Electronic check,86.0,165.45,Yes,1,77,4546,Attitude of support person,0.8013412913556618,1,High,2,New High-Risk,-2.3928258225202,-2.7030670714184515,High Risk,3642.8975105028385,3642.8975105028385,0.9667755217946897,Critical,235
6168-WFVVF,1,United States,California,Palm Springs,92262,"33.839989, -116.659215",33.839989,-116.659215,Female,Yes,No,No,3,Yes,No,Fiber optic,No,No,No,No,No,No,Month-to-month,Yes,Electronic check,70.3,235.5,Yes,1,98,5165,Competitor offered higher download speeds,0.7046798175940221,1,High,2,New High-Risk,-2.222569825583041,-4.112463152035168,High Risk,3639.671257873124,3639.671257873124,0.9666335368450945,Critical,236
2754-VDLTR,1,United States,California,Greenview,96037,"41.528541, -122.955018",41.528541,-122.955018,Male,No,No,No,10,Yes,Yes,Fiber optic,No,No,No,No,Yes,Yes,Month-to-month,No,Electronic check,95.2,930.4,Yes,1,69,4922,Competitor offered more data,0.7394218133317905,1,High,2,New High-Risk,-2.08044703842668,-1.6124704537051693,High Risk,3639.434165219073,3639.434165219073,0.9664915518954991,Critical,237
5550-VFRLC,1,United States,California,Moorpark,93021,"34.312945, -118.858169",34.312945,-118.858169,Female,Yes,No,No,1,Yes,No,Fiber optic,No,No,No,No,No,No,Month-to-month,Yes,Electronic check,69.85,69.85,Yes,1,68,5056,Limited range of services,0.719623860463584,1,High,2,New High-Risk,-2.207402483314216,-4.17932803779098,High Risk,3638.4182385038803,3638.4182385038803,0.9663495669459037,Critical,238
0135-NMXAP,1,United States,California,Lodi,95240,"38.123544, -121.159078",38.123544,-121.159078,Female,No,No,No,12,Yes,Yes,Fiber optic,No,Yes,No,No,Yes,No,Month-to-month,Yes,Bank transfer (automatic),89.75,1052.4,Yes,1,97,5671,Attitude of support person,0.6414391265020554,1,Medium,2,New High-Risk,-2.2385924739971923,-1.0732076421746584,Standard,3637.601286393156,3637.601286393156,0.9662075819963084,Critical,239
3858-VOBET,1,United States,California,Vista,92083,"33.17494, -117.242761",33.17494,-117.242761,Male,No,No,No,23,Yes,Yes,Fiber optic,No,No,No,No,No,No,Month-to-month,Yes,Electronic check,74.95,1710.45,Yes,1,89,5897,Competitor offered higher download speeds,0.6162525603411466,1,Medium,2,New High-Risk,-2.346633958128552,-2.819161236796023,Standard,3634.0413483317416,3634.0413483317416,0.966065597046713,Critical,240
3096-GKWEB,1,United States,California,Bakersfield,93306,"35.449881, -118.841442",35.449881,-118.841442,Male,No,Yes,No,18,Yes,Yes,Fiber optic,No,No,No,No,Yes,Yes,Month-to-month,Yes,Electronic check,94.75,1691.9,No,0,40,4477,Attitude of support person,0.8113433044270537,1,High,2,New High-Risk,-2.6253973580613805,-0.670135653821661,High Risk,3632.3839739199193,3632.3839739199193,0.9659236120971177,Critical,241
3049-SOLAY,1,United States,California,Fallbrook,92028,"33.362575, -117.299644",33.362575,-117.299644,Female,No,Yes,No,3,Yes,Yes,Fiber optic,No,No,No,No,Yes,Yes,Month-to-month,Yes,Electronic check,95.2,292.85,Yes,1,86,4176,Competitor offered higher download speeds,0.8692104842263491,1,High,2,New High-Risk,-2.537177968609038,-1.1105035842678148,High Risk,3629.822982129234,3629.822982129234,0.9657816271475224,Critical,242
3992-YWPKO,1,United States,California,Atwater,95301,"37.321233, -120.656354",37.321233,-120.656354,Female,No,No,No,6,Yes,Yes,Fiber optic,No,Yes,Yes,Yes,Yes,Yes,Month-to-month,Yes,Credit card (automatic),109.9,669.45,Yes,1,69,5750,Attitude of service provider,0.630965154273097,1,Medium,0,Established High-Value,-2.290503010977037,1.245110161529715,Standard,3628.0496370703077,3628.0496370703077,0.965639642197927,Critical,243
8104-OSKWT,1,United States,California,Anaheim,92804,"33.818, -117.974404",33.818,-117.974404,Female,No,No,No,12,Yes,Yes,Fiber optic,Yes,No,No,No,No,No,Month-to-month,Yes,Electronic check,79.8,1001.2,No,0,43,5906,Attitude of support person,0.6137138065947165,1,Medium,2,New High-Risk,-2.1967778367594786,-2.3741270308683338,Standard,3624.5937417483956,3624.5937417483956,0.9654976572483317,Critical,244
9436-ZBZCT,1,United States,California,Inglewood,90303,"33.936291, -118.332639",33.936291,-118.332639,Male,No,No,No,14,Yes,Yes,Fiber optic,No,No,No,Yes,Yes,No,Month-to-month,Yes,Electronic check,89.95,1178.4,Yes,1,97,5463,Attitude of support person,0.6632398230800389,1,Medium,2,New High-Risk,-2.365038001030392,-1.499984314839684,Standard,3623.2791534862527,3623.2791534862527,0.9653556722987363,Critical,245
0148-DCDOS,1,United States,California,Planada,95365,"37.329725, -120.306399",37.329725,-120.306399,Male,No,No,No,25,Yes,Yes,Fiber optic,No,No,No,No,Yes,Yes,Month-to-month,Yes,Bank transfer (automatic),94.7,2362.1,Yes,1,82,5641,Price too high,0.6422012686351944,1,Medium,2,New High-Risk,-2.4549423982347287,-0.6657569254812472,Standard,3622.6573563711318,3622.6573563711318,0.965213687349141,Critical,246
6513-EECDB,1,United States,California,San Francisco,94114,"37.758085, -122.434801",37.758085,-122.434801,Male,Yes,Yes,No,1,Yes,Yes,Fiber optic,No,No,No,No,No,No,Month-to-month,Yes,Electronic check,73.55,73.55,Yes,1,94,4369,Price too high,0.8276956361682472,1,High,2,New High-Risk,-2.645745305039532,-2.8431540989102086,High Risk,3616.202234419072,3616.202234419072,0.9650717023995457,Critical,247
5054-IEXZT,1,United States,California,Jacumba,91934,"32.649787, -116.2237",32.649787,-116.2237,Male,No,No,No,1,Yes,No,Fiber optic,No,Yes,No,No,No,No,Month-to-month,Yes,Electronic check,75.35,75.35,Yes,1,90,5284,Attitude of support person,0.6841587286687745,1,Medium,2,New High-Risk,-1.7989099043759578,-3.289306293928845,Standard,3615.0947222858044,3615.0947222858044,0.9649297174499503,Critical,248
2985-FMWYF,1,United States,California,Myers Flat,95554,"40.267158, -123.805913",40.267158,-123.805913,Female,No,No,No,23,Yes,Yes,Fiber optic,No,No,No,No,Yes,Yes,Month-to-month,Yes,Electronic check,93.5,2341.55,No,0,73,4861,Attitude of support person,0.7435935422627811,1,High,2,New High-Risk,-2.6588452527437694,-1.2916604685389972,High Risk,3614.608208939379,3614.608208939379,0.964787732500355,Critical,249
7912-SYRQT,1,United States,California,Los Angeles,90042,"34.11572, -118.192754",34.11572,-118.192754,Female,No,No,No,7,Yes,Yes,Fiber optic,No,No,No,No,No,No,Month-to-month,Yes,Bank transfer (automatic),75.1,552.95,Yes,1,96,5514,Competitor offered more data,0.6554909818131793,1,Medium,2,New High-Risk,-2.046421105186714,-2.7602024353685546,Standard,3614.377273717871,3614.377273717871,0.9646457475507596,Critical,250
4282-YMKNA,1,United States,California,Biola,93606,"36.798882, -120.019511",36.798882,-120.019511,Female,No,No,No,9,Yes,Yes,Fiber optic,No,No,No,No,No,No,Month-to-month,Yes,Electronic check,74.75,706.6,Yes,1,82,5003,Competitor made better offer,0.7224101911953231,1,High,2,New High-Risk,-2.2719218067901137,-3.2684687788659565,High Risk,3614.2181865502016,3614.2181865502016,0.9645037626011643,Critical,251
8610-WFCJF,1,United States,California,Palo Alto,94303,"37.45809, -122.115398",37.45809,-122.115398,Female,No,Yes,No,49,Yes,Yes,Fiber optic,No,No,No,No,Yes,Yes,Month-to-month,Yes,Electronic check,95.6,4783.5,Yes,1,69,5732,Competitor offered higher download speeds,0.6302816972871557,1,Medium,2,New High-Risk,-2.837272981986638,0.3576455754070625,Standard,3612.7746888499764,3612.7746888499764,0.9643617776515689,Critical,252
6198-RTPMF,1,United States,California,Oregon House,95962,"39.342587, -121.249833",39.342587,-121.249833,Female,No,Yes,No,17,Yes,Yes,Fiber optic,No,No,No,No,Yes,Yes,Month-to-month,No,Electronic check,92.6,1579.7,No,0,32,4756,Attitude of support person,0.7593909818736332,1,High,2,New High-Risk,-2.0992690531103992,-0.631717101121553,High Risk,3611.6635097909993,3611.6635097909993,0.9642197927019736,Critical,253
4094-NSEDU,1,United States,California,Tipton,93272,"36.047414, -119.344304",36.047414,-119.344304,Female,Yes,No,No,21,Yes,Yes,Fiber optic,No,No,No,No,Yes,Yes,Month-to-month,Yes,Electronic check,94.25,1973.75,Yes,1,73,4819,Attitude of service provider,0.7491162871592536,1,High,2,New High-Risk,-3.072856563163918,-1.4879504950591218,High Risk,3609.991387820443,3609.991387820443,0.9640778077523783,Critical,254
7823-JSOAG,1,United States,California,Sonoma,95476,"38.25485, -122.461799",38.25485,-122.461799,Male,No,No,No,3,Yes,Yes,Fiber optic,No,No,No,No,No,No,Month-to-month,No,Electronic check,74.5,217.45,No,0,36,5203,Attitude of support person,0.6929770103594931,1,Medium,2,New High-Risk,-1.7355404308999434,-3.3534513015345047,Standard,3605.5593849004426,3605.5593849004426,0.9639358228027829,Critical,255
7198-GLXTC,1,United States,California,La Palma,90623,"33.850504, -118.039892",33.850504,-118.039892,Male,No,No,No,2,Yes,No,Fiber optic,No,No,No,No,Yes,No,Month-to-month,No,Electronic check,79.0,143.65,Yes,1,92,5239,Attitude of support person,0.687443134330655,1,Medium,2,New High-Risk,-1.419062899443951,-3.192990577051997,Standard,3601.5145807583012,3601.5145807583012,0.9637938378531875,Critical,256
5233-GEEAX,1,United States,California,Lewiston,96052,"40.704293, -122.803899",40.704293,-122.803899,Male,Yes,No,No,8,No,No phone service,DSL,No,No,Yes,No,No,No,Month-to-month,Yes,Electronic check,29.4,221.9,Yes,1,85,5971,Competitor had better devices,0.6030982797669744,1,Medium,3,Mid-Tenure Moderate-Risk,-2.392084581843648,-3.5456868425059107,Standard,3601.099828488604,3601.099828488604,0.9636518529035922,Critical,257
4009-ALQFH,1,United States,California,Groveland,95321,"37.902968, -119.667544",37.902968,-119.667544,Female,No,No,No,25,Yes,No,Fiber optic,No,Yes,Yes,No,Yes,Yes,Month-to-month,Yes,Electronic check,99.5,2369.05,Yes,1,90,5932,Competitor offered more data,0.6067993923125486,1,Medium,2,New High-Risk,-2.2586851829027537,-0.1194684119422505,Standard,3599.5339951980386,3599.5339951980386,0.9635098679539968,Critical,258
3878-AVSOQ,1,United States,California,La Jolla,92037,"32.853743, -117.25034",32.853743,-117.25034,Female,Yes,No,No,1,Yes,No,Fiber optic,No,No,No,No,No,No,Month-to-month,Yes,Electronic check,71.25,71.25,No,0,49,5033,Attitude of support person,0.7149790440250415,1,High,2,New High-Risk,-2.2185897709415388,-4.175749377031315,High Risk,3598.489528578034,3598.489528578034,0.9633678830044016,Critical,259
9465-RWMXL,1,United States,California,Westmorland,92281,"33.03679, -115.60503",33.03679,-115.60503,Male,No,Yes,No,32,Yes,Yes,Fiber optic,No,No,Yes,No,No,No,Month-to-month,Yes,Electronic check,78.9,2447.95,Yes,1,90,5949,Competitor offered higher download speeds,0.6040959818043442,1,Medium,2,New High-Risk,-2.4055512086699267,-0.903807695282466,Standard,3593.766995754044,3593.766995754044,0.9632258980548062,Critical,260
1024-GUALD,1,United States,California,Glendale,91207,"34.182378, -118.262922",34.182378,-118.262922,Female,No,Yes,No,1,No,No phone service,DSL,No,No,No,No,No,No,Month-to-month,Yes,Electronic check,24.8,24.8,Yes,1,94,4851,Product dissatisfaction,0.7396470058651029,1,High,3,Mid-Tenure Moderate-Risk,-1.9203559717044345,-3.730254606582575,High Risk,3588.0276254516143,3588.0276254516143,0.9630839131052108,Critical,261
3585-ISXZP,1,United States,California,Indio,92201,"33.713891, -116.237257",33.713891,-116.237257,Female,No,No,No,8,Yes,Yes,Fiber optic,No,No,No,No,Yes,Yes,Month-to-month,No,Bank transfer (automatic),95.65,778.1,Yes,1,95,5335,Attitude of support person,0.6715257855336466,1,Medium,2,New High-Risk,-1.8551774366988256,-1.1161158819946972,Standard,3582.590065822005,3582.590065822005,0.9629419281556155,Critical,262
9185-TQCVP,1,United States,California,Albany,94706,"37.890274, -122.295192",37.890274,-122.295192,Male,No,Yes,No,14,Yes,Yes,Fiber optic,No,No,No,No,No,Yes,Month-to-month,Yes,Electronic check,85.15,1139.2,Yes,1,100,4550,Poor expertise of phone support,0.7861393352116348,1,High,2,New High-Risk,-2.4489663232631145,-1.5782469205919232,High Risk,3576.9339752129385,3576.9339752129385,0.9627999432060201,Critical,263
8519-IMDHU,1,United States,California,Alderpoint,95511,"40.166028, -123.584144",40.166028,-123.584144,Male,Yes,Yes,No,15,Yes,Yes,Fiber optic,No,No,No,No,No,Yes,Month-to-month,Yes,Bank transfer (automatic),85.6,1345.55,Yes,1,83,4981,Network reliability,0.7180339235844178,1,High,2,New High-Risk,-2.6763785359429617,-1.1021840434867285,High Risk,3576.5269733739847,3576.5269733739847,0.9626579582564249,Critical,264
8625-AZYZY,1,United States,California,Anza,92539,"33.527605, -116.666551",33.527605,-116.666551,Male,No,Yes,No,24,Yes,Yes,Fiber optic,No,Yes,Yes,No,Yes,Yes,Month-to-month,Yes,Electronic check,104.65,2542.45,Yes,1,72,4734,Competitor made better offer,0.7550107805457913,1,High,0,Established High-Value,-2.713839917446186,1.1683607447322335,High Risk,3574.221035103776,3574.221035103776,0.9625159733068295,Critical,265
0880-TKATG,1,United States,California,Lucerne Valley,92356,"34.508417, -116.856103",34.508417,-116.856103,Male,No,Yes,No,4,Yes,Yes,Fiber optic,No,No,Yes,No,Yes,Yes,Month-to-month,No,Electronic check,101.15,385.9,Yes,1,84,4417,Competitor had better devices,0.8085708116527238,1,High,2,New High-Risk,-2.0683823046109566,-0.146590637565123,High Risk,3571.4572750700813,3571.4572750700813,0.9623739883572341,Critical,266
0947-MUGVO,1,United States,California,Jolon,93928,"35.930782, -121.189757",35.930782,-121.189757,Male,Yes,Yes,No,20,Yes,No,Fiber optic,No,Yes,No,No,No,No,Month-to-month,Yes,Electronic check,73.65,1463.5,Yes,1,95,5849,Competitor offered higher download speeds,0.6105020317799091,1,Medium,2,New High-Risk,-2.3109277271586093,-2.056606016820896,Standard,3570.8263838806884,3570.8263838806884,0.9622320034076388,Critical,267
1254-IZEYF,1,United States,California,Cutler,93615,"36.497895, -119.285484",36.497895,-119.285484,Female,Yes,No,No,31,Yes,Yes,Fiber optic,No,Yes,No,No,Yes,Yes,Month-to-month,Yes,Electronic check,99.95,3186.65,Yes,1,96,5362,Competitor made better offer,0.6650392902910508,1,Medium,2,New High-Risk,-3.173359102729492,-0.3628794536771136,Standard,3565.9406745406145,3565.9406745406145,0.9620900184580434,Critical,268
5956-YHHRX,1,United States,California,Pilot Hill,95664,"38.803731, -121.043799",38.803731,-121.043799,Male,Yes,No,No,21,Yes,Yes,Fiber optic,No,Yes,Yes,No,Yes,Yes,Month-to-month,Yes,Electronic check,104.35,2271.85,No,0,22,4934,Attitude of support person,0.722054930353897,1,High,2,New High-Risk,-3.126425238623931,0.1727440035077358,High Risk,3562.619026366128,3562.619026366128,0.9619480335084482,Critical,269
4559-UWIHT,1,United States,California,Atascadero,93422,"35.453912, -120.69461",35.453912,-120.69461,Male,No,Yes,No,14,Yes,Yes,Fiber optic,No,Yes,Yes,No,No,No,Month-to-month,Yes,Electronic check,82.65,1185.0,No,0,79,4965,Attitude of support person,0.716723118735575,1,High,2,New High-Risk,-2.3200447131133464,-0.7176688184008639,High Risk,3558.53028452213,3558.53028452213,0.9618060485588528,Critical,270
9133-AYJZG,1,United States,California,Mill Valley,94941,"37.901371, -122.572024",37.901371,-122.572024,Female,No,No,No,23,Yes,Yes,Fiber optic,No,Yes,No,No,Yes,Yes,Month-to-month,Yes,Credit card (automatic),98.7,2249.1,No,0,71,5781,Attitude of support person,0.6154813026479544,1,Medium,2,New High-Risk,-2.4509634856040847,0.0533657676158911,Standard,3558.0974106078247,3558.0974106078247,0.9616640636092574,Critical,271
4735-ASGMA,1,United States,California,Carnelian Bay,96140,"39.227434, -120.091806",39.227434,-120.091806,Male,No,No,No,26,Yes,Yes,Fiber optic,No,No,Yes,No,Yes,Yes,Month-to-month,Yes,Electronic check,98.35,2515.3,Yes,1,99,4997,Lack of affordable download/upload speed,0.7116303538630286,1,High,2,New High-Risk,-2.6902868860635127,-0.3494262377863619,High Risk,3556.0168782535543,3556.0168782535543,0.9615220786596621,Critical,272
4423-YLHDV,1,United States,California,Los Angeles,90059,"33.927254, -118.249826",33.927254,-118.249826,Female,No,Yes,No,21,Yes,Yes,Fiber optic,Yes,No,Yes,No,Yes,Yes,Month-to-month,Yes,Bank transfer (automatic),104.4,2200.25,Yes,1,67,5570,Attitude of support person,0.6383440457402287,1,Medium,0,Established High-Value,-2.358194361449211,1.6274327106082676,Standard,3555.576334773074,3555.576334773074,0.9613800937100667,Critical,273
2079-FBMZK,1,United States,California,Antelope,95843,"38.715498, -121.363411",38.715498,-121.363411,Female,No,No,No,6,Yes,No,Fiber optic,No,No,No,No,No,No,Month-to-month,Yes,Mailed check,69.25,418.4,Yes,1,77,5816,Competitor made better offer,0.6104624405324316,1,Medium,2,New High-Risk,-1.30064368081758,-3.7944786274038376,Standard,3550.4495541366223,3550.4495541366223,0.9612381087604714,Critical,274
7363-QTBIW,1,United States,California,Scotts Valley,95066,"37.070177, -122.010077",37.070177,-122.010077,Female,No,Yes,No,9,Yes,No,Fiber optic,No,No,No,No,No,Yes,Month-to-month,Yes,Electronic check,79.75,769.1,No,0,62,4654,Attitude of support person,0.7627213345668046,1,High,2,New High-Risk,-1.9677644381411057,-2.291333444864068,High Risk,3549.7050910739085,3549.7050910739085,0.9610961238108761,Critical,275
7511-YMXVQ,1,United States,California,Lynwood,90262,"33.923573, -118.200669",33.923573,-118.200669,Male,No,No,No,9,No,No phone service,DSL,No,No,No,No,Yes,Yes,Month-to-month,Yes,Electronic check,45.4,418.8,Yes,1,81,5028,Attitude of support person,0.7059331818417304,1,High,3,Mid-Tenure Moderate-Risk,-2.251618644709457,-2.788726216937133,High Risk,3549.4320383002205,3549.4320383002205,0.9609541388612807,Critical,276
0679-IDSTG,1,United States,California,Branscomb,95417,"39.710591, -123.682799",39.710591,-123.682799,Female,Yes,Yes,No,1,Yes,No,Fiber optic,No,No,No,No,No,No,Month-to-month,Yes,Electronic check,69.25,69.25,Yes,1,87,4568,Price too high,0.7760184847292722,1,High,2,New High-Risk,-2.198419769839612,-3.41882399964421,High Risk,3544.852438243315,3544.852438243315,0.9608121539116854,Critical,277
9300-AGZNL,1,United States,California,Elk Creek,95939,"39.53222, -122.594879",39.53222,-122.594879,Male,Yes,No,No,1,Yes,Yes,Fiber optic,No,No,No,No,Yes,Yes,Month-to-month,Yes,Electronic check,94.0,94.0,Yes,1,67,4176,Product dissatisfaction,0.8476415292416625,1,High,2,New High-Risk,-2.9460033350516985,-2.11195783408874,High Risk,3539.7510261131824,3539.7510261131824,0.96067016896209,Critical,278
9894-EZEWG,1,United States,California,Walnut Grove,95690,"38.240419, -121.587535",38.240419,-121.587535,Female,No,No,No,1,Yes,No,Fiber optic,No,Yes,No,No,No,No,Month-to-month,Yes,Credit card (automatic),74.3,74.3,Yes,1,69,5996,Poor expertise of phone support,0.5893167214290883,1,Medium,2,New High-Risk,-1.5687274449572983,-2.706704226582988,Standard,3533.5430616888134,3533.5430616888134,0.9605281840124946,Critical,279
8739-XNIKG,1,United States,California,Bakersfield,93301,"35.383937, -119.020428",35.383937,-119.020428,Female,No,No,No,5,Yes,Yes,Fiber optic,No,No,No,No,Yes,No,Month-to-month,Yes,Electronic check,84.0,424.75,No,0,54,4456,Attitude of support person,0.7929429820130918,1,High,2,New High-Risk,-2.389605062872024,-2.650652372681056,High Risk,3533.3539278503367,3533.3539278503367,0.9603861990628993,Critical,280
7024-OHCCK,1,United States,California,Sheridan,95681,"38.984756, -121.345074",38.984756,-121.345074,Female,Yes,No,No,2,Yes,Yes,Fiber optic,No,No,No,No,Yes,Yes,Month-to-month,Yes,Electronic check,93.85,170.85,Yes,1,72,4193,Don't know,0.8417525088632336,1,High,2,New High-Risk,-2.949992667573691,-2.085876437248091,High Risk,3529.4682696635386,3529.4682696635386,0.960244214113304,Critical,281
3647-GMGDH,1,United States,California,Jackson,95642,"38.336216, -120.76901",38.336216,-120.76901,Male,No,Yes,No,22,Yes,No,Fiber optic,No,No,Yes,No,Yes,Yes,Month-to-month,Yes,Credit card (automatic),94.7,1914.9,Yes,1,72,5615,Attitude of support person,0.6284634558536988,1,Medium,2,New High-Risk,-1.9874079399750617,0.3141317440888684,Standard,3528.8223046185185,3528.8223046185185,0.9601022291637087,Critical,282
2568-BRGYX,1,United States,California,Dixon,95620,"38.392821, -121.799917",38.392821,-121.799917,Male,No,No,No,4,Yes,No,Fiber optic,No,No,No,No,No,No,Month-to-month,Yes,Electronic check,70.2,237.95,Yes,1,92,5094,Competitor had better devices,0.6927348000713355,1,Medium,2,New High-Risk,-1.792031794049462,-3.993432483932568,Standard,3528.791071563383,3528.791071563383,0.9599602442141133,Critical,283
8943-URTMR,1,United States,California,Lawndale,90260,"33.88856, -118.351813",33.88856,-118.351813,Female,No,No,No,2,Yes,No,Fiber optic,No,No,No,No,Yes,No,Month-to-month,Yes,Mailed check,79.65,152.7,Yes,1,100,5082,Lack of affordable download/upload speed,0.6942546091775802,1,Medium,2,New High-Risk,-1.42723316946377,-3.1931222508517654,Standard,3528.2019238404628,3528.2019238404628,0.9598182592645179,Critical,284
0674-EYYZV,1,United States,California,Los Angeles,90065,"34.108833, -118.229715",34.108833,-118.229715,Female,No,No,No,1,Yes,No,DSL,No,No,No,No,Yes,No,Month-to-month,Yes,Electronic check,54.65,54.65,No,0,74,5882,Attitude of support person,0.5997596847469711,1,Medium,2,New High-Risk,-1.558578491570071,-3.353073292209577,Standard,3527.7864656816837,3527.7864656816837,0.9596762743149226,Critical,285
9696-RMYBA,1,United States,California,Los Angeles,90003,"33.964131, -118.272783",33.964131,-118.272783,Male,No,No,No,5,Yes,No,Fiber optic,No,No,No,No,Yes,No,Month-to-month,Yes,Mailed check,80.1,398.55,No,0,22,5225,Attitude of support person,0.6741889588046794,1,Medium,2,New High-Risk,-1.447893792229212,-3.0968424157539607,Standard,3522.63730975445,3522.63730975445,0.9595342893653273,Critical,286
2398-YPMUR,1,United States,California,Dinuba,93618,"36.523619, -119.386868",36.523619,-119.386868,Female,Yes,Yes,No,13,Yes,No,Fiber optic,No,No,No,No,No,No,Month-to-month,Yes,Electronic check,70.15,916.75,Yes,1,85,5101,Don't know,0.6904914397086371,1,Medium,2,New High-Risk,-2.2660630007483062,-3.062146154249596,Standard,3522.196833953758,3522.196833953758,0.959392304415732,Critical,287
2984-MIIZL,1,United States,California,Guadalupe,93434,"34.936, -120.594655",34.936,-120.594655,Male,No,No,No,4,Yes,No,Fiber optic,No,No,Yes,No,No,No,Month-to-month,Yes,Bank transfer (automatic),74.8,321.9,Yes,1,71,5882,Network reliability,0.5987623897237008,1,Medium,2,New High-Risk,-1.5967611483192286,-2.53209616282938,Standard,3521.920376354808,3521.920376354808,0.9592503194661366,Critical,288
7568-PODML,1,United States,California,Watsonville,95076,"36.931654, -121.752383",36.931654,-121.752383,Male,No,No,No,1,No,No phone service,DSL,No,No,No,No,Yes,Yes,Month-to-month,Yes,Mailed check,45.3,45.3,Yes,1,69,4954,Lack of affordable download/upload speed,0.7108544243288185,1,High,3,Mid-Tenure Moderate-Risk,-1.7228130315938412,-2.9031359729812047,High Risk,3521.572818124967,3521.572818124967,0.9591083345165412,Critical,289
4373-MAVJG,1,United States,California,Oceanside,92056,"33.194742, -117.29032",33.194742,-117.29032,Female,No,Yes,No,14,Yes,Yes,Fiber optic,No,Yes,No,No,No,Yes,Month-to-month,Yes,Bank transfer (automatic),90.9,1259.0,Yes,1,70,5148,Moved,0.6840431324061789,1,Medium,2,New High-Risk,-2.259951213181697,-0.2476299806385751,Standard,3521.454045627009,3521.454045627009,0.9589663495669459,Critical,290
0107-YHINA,1,United States,California,Los Angeles,90062,"34.003553, -118.308933",34.003553,-118.308933,Male,No,No,No,1,Yes,Yes,Fiber optic,No,No,Yes,No,Yes,Yes,Month-to-month,Yes,Electronic check,99.75,99.75,Yes,1,93,4214,Attitude of support person,0.8350017762404496,1,High,2,New High-Risk,-2.541997884585028,-1.1284303025307652,High Risk,3518.6974850772544,3518.6974850772544,0.9588243646173505,Critical,291
6435-SRWBJ,1,United States,California,Los Angeles,90068,"34.137411, -118.328915",34.137411,-118.328915,Female,No,No,No,5,Yes,Yes,Fiber optic,No,No,Yes,Yes,No,No,Month-to-month,Yes,Electronic check,82.75,417.75,No,0,36,5269,Attitude of support person,0.6676683519339247,1,Medium,2,New High-Risk,-2.169873981695363,-1.6919761817541976,Standard,3517.9445463398492,3517.9445463398492,0.9586823796677553,Critical,292
1016-DJTSV,1,United States,California,Santee,92071,"32.847336, -116.997605",32.847336,-116.997605,Male,Yes,No,No,8,Yes,No,Fiber optic,No,No,No,No,No,No,Month-to-month,Yes,Electronic check,69.7,572.85,No,0,20,5242,Attitude of support person,0.6708999272936337,1,Medium,2,New High-Risk,-2.24108141647965,-3.989090874655175,Standard,3516.8574188732277,3516.8574188732277,0.9585403947181599,Critical,293
1475-VWVDO,1,United States,California,Dos Palos,93620,"37.045728, -120.630682",37.045728,-120.630682,Male,No,No,No,7,Yes,No,Fiber optic,No,No,Yes,No,No,No,Month-to-month,Yes,Electronic check,74.9,490.55,No,0,52,5335,Attitude of support person,0.65886033344058,1,Medium,2,New High-Risk,-1.827313348877672,-3.027179789077848,Standard,3515.0198789054944,3515.0198789054944,0.9583984097685645,Critical,294
4391-RESHN,1,United States,California,Lemon Cove,93244,"36.462671, -118.997291",36.462671,-118.997291,Male,No,No,No,23,Yes,Yes,Fiber optic,No,No,Yes,Yes,Yes,Yes,Month-to-month,Yes,Mailed check,104.05,2470.1,Yes,1,93,5963,Attitude of support person,0.589351585381031,1,Medium,0,Established High-Value,-2.1090805943231588,0.5752395625773467,Standard,3514.303503627088,3514.303503627088,0.9582564248189692,Critical,295
9019-QVLZD,1,United States,California,Oakland,94602,"37.803883, -122.208417",37.803883,-122.208417,Female,No,No,No,1,Yes,No,Fiber optic,No,No,No,No,Yes,No,Month-to-month,No,Electronic check,79.55,79.55,Yes,1,81,5082,Competitor made better offer,0.6905374290996907,1,Medium,2,New High-Risk,-1.4180695828580578,-3.2333838628116074,Standard,3509.3112146846283,3509.3112146846283,0.9581144398693738,Critical,296
0258-NOKBL,1,United States,California,Fortuna,95540,"40.584991, -124.121504",40.584991,-124.121504,Male,No,No,No,3,Yes,No,Fiber optic,No,Yes,Yes,No,No,Yes,Month-to-month,No,Electronic check,90.4,268.45,No,0,61,5625,Attitude of support person,0.6225508672498196,1,Medium,2,New High-Risk,-1.4795311781607248,-1.4979285834629812,Standard,3501.848628280235,3501.848628280235,0.9579724549197784,Critical,297
7240-FQLHE,1,United States,California,San Diego,92114,"32.707892, -117.05512",32.707892,-117.05512,Female,Yes,Yes,No,18,Yes,Yes,Fiber optic,No,No,No,Yes,Yes,Yes,Month-to-month,No,Bank transfer (automatic),99.75,1836.25,Yes,1,68,5857,Attitude of support person,0.5975747303198063,1,Medium,0,Established High-Value,-2.259515893324864,0.7323128540171401,Standard,3499.995195483106,3499.995195483106,0.9578304699701832,Critical,298
0684-AOSIH,1,United States,California,Oro Grande,92368,"34.647959, -117.296957",34.647959,-117.296957,Male,No,Yes,No,1,Yes,No,Fiber optic,Yes,No,No,No,Yes,Yes,Month-to-month,Yes,Electronic check,95.0,95.0,Yes,1,82,4489,Network reliability,0.7795935671301516,1,High,2,New High-Risk,-1.970697314983028,-1.0349343348364142,High Risk,3499.5955228472503,3499.5955228472503,0.9576884850205878,Critical,299
4983-CCWMC,1,United States,California,Creston,93432,"35.480896, -120.469476",35.480896,-120.469476,Male,No,No,No,3,Yes,No,Fiber optic,No,No,No,No,No,No,Month-to-month,Yes,Mailed check,69.6,207.4,No,0,39,5487,Attitude of support person,0.6372141858615036,1,Medium,2,New High-Risk,-1.2871126093562395,-3.906005397300055,Standard,3496.39423782207,3496.39423782207,0.9575465000709925,Critical,300
6032-KRXXO,1,United States,California,Seiad Valley,96086,"41.924174, -123.260788",41.924174,-123.260788,Male,No,No,No,30,Yes,No,Fiber optic,No,No,No,No,Yes,Yes,Month-to-month,Yes,Electronic check,90.25,2755.35,Yes,1,84,5654,Competitor made better offer,0.6182587913126946,1,Medium,2,New High-Risk,-2.252862620456164,-1.6315025034868336,Standard,3495.635206081975,3495.635206081975,0.9574045151213971,Critical,301
2959-FENLU,1,United States,California,Los Gatos,95033,"37.160194, -121.945611",37.160194,-121.945611,Female,No,No,No,9,Yes,No,Fiber optic,No,No,Yes,No,No,Yes,Month-to-month,Yes,Credit card (automatic),85.3,781.4,No,0,28,5850,Attitude of support person,0.5969999701407219,1,Medium,2,New High-Risk,-1.7749200938425982,-1.6035682777528957,Standard,3492.449825323223,3492.449825323223,0.9572625301718017,Critical,302
8875-AKBYH,1,United States,California,Mineral,96063,"40.408796, -121.579609",40.408796,-121.579609,Male,Yes,No,No,20,Yes,Yes,Fiber optic,No,No,No,No,Yes,No,Month-to-month,Yes,Electronic check,84.35,1745.2,No,0,70,4915,Attitude of support person,0.7105181147225429,1,High,2,New High-Risk,-2.9112067917847275,-2.3122406796146384,High Risk,3492.196533861298,3492.196533861298,0.9571205452222065,Critical,303
4195-NZGTA,1,United States,California,Valencia,91354,"34.457005, -118.573726",34.457005,-118.573726,Female,No,No,No,1,No,No phone service,DSL,No,No,No,No,No,No,Month-to-month,No,Electronic check,25.25,25.25,No,0,73,5858,Attitude of support person,0.5959544924042028,1,Medium,3,Mid-Tenure Moderate-Risk,-1.427912211043454,-4.382953198454843,Standard,3491.10141650382,3491.10141650382,0.9569785602726111,Critical,304
1960-UYCNN,1,United States,California,Julian,92036,"32.980678, -116.262854",32.980678,-116.262854,Male,No,No,No,10,Yes,Yes,Fiber optic,No,Yes,Yes,No,No,Yes,Month-to-month,Yes,Electronic check,95.25,1021.55,No,0,23,4810,Attitude of support person,0.7253523917469618,1,High,2,New High-Risk,-2.4780753064003624,-0.8385734566040656,High Risk,3488.945004302886,3488.945004302886,0.9568365753230158,Critical,305
0021-IKXGC,1,United States,California,San Marcos,92078,"33.119028, -117.166036",33.119028,-117.166036,Female,Yes,No,No,1,Yes,Yes,Fiber optic,No,No,No,No,No,No,Month-to-month,Yes,Electronic check,72.1,72.1,No,0,50,4432,Attitude of support person,0.7840758782143542,1,High,2,New High-Risk,-2.635314433648569,-3.667665889635912,High Risk,3475.024292246018,3475.024292246018,0.9566945903734204,Critical,306
8835-VSDSE,1,United States,California,Johannesburg,93528,"35.363339, -117.637641",35.363339,-117.637641,Female,No,Yes,No,2,Yes,No,Fiber optic,No,No,No,No,No,No,Month-to-month,Yes,Electronic check,70.7,141.45,Yes,1,86,4559,Competitor had better devices,0.7617589533544855,1,High,2,New High-Risk,-1.784610440670692,-3.274900333621875,High Risk,3472.8590683430994,3472.8590683430994,0.956552605423825,Critical,307
5685-IIXLY,1,United States,California,Novato,94945,"38.135897, -122.563683",38.135897,-122.563683,Female,No,Yes,No,5,Yes,No,Fiber optic,No,Yes,No,No,No,Yes,Month-to-month,Yes,Electronic check,83.6,404.2,Yes,1,93,4565,Competitor offered higher download speeds,0.7604919612324726,1,High,2,New High-Risk,-1.9503322142554809,-1.6712968162461344,High Risk,3471.6458030262374,3471.6458030262374,0.9564106204742298,Critical,308
2754-SDJRD,1,United States,California,Somis,93066,"34.297628, -119.014627",34.297628,-119.014627,Female,Yes,No,No,8,Yes,Yes,Fiber optic,No,No,No,Yes,Yes,Yes,Month-to-month,Yes,Credit card (automatic),100.15,908.55,No,0,42,5157,Attitude of support person,0.6729246677813724,1,Medium,2,New High-Risk,-2.6981669770485586,-0.4860073667617035,Standard,3470.2725117485375,3470.2725117485375,0.9562686355246344,Critical,309
9773-PEQBZ,1,United States,California,Lake Elsinore,92530,"33.655421, -117.391751",33.655421,-117.391751,Male,No,No,No,10,Yes,Yes,Fiber optic,No,Yes,No,No,No,No,Month-to-month,No,Electronic check,79.85,797.25,No,0,65,5739,Attitude of support person,0.6045409029141484,1,Medium,2,New High-Risk,-1.7957100132140915,-2.3620015679069803,Standard,3469.4602418242976,3469.4602418242976,0.9561266505750391,Critical,310
9647-ERGBE,1,United States,California,Turlock,95380,"37.474396, -120.875917",37.474396,-120.875917,Female,No,Yes,No,30,Yes,Yes,Fiber optic,No,No,Yes,No,Yes,Yes,Month-to-month,Yes,Electronic check,100.05,3046.15,Yes,1,100,4664,Lack of affordable download/upload speed,0.7437368319994794,1,High,0,Established High-Value,-2.7335325237167543,0.5716011311131687,High Risk,3468.788584445572,3468.788584445572,0.9559846656254437,Critical,311
8356-WUAOJ,1,United States,California,Glendale,91205,"34.13658, -118.245839",34.13658,-118.245839,Female,No,Yes,No,1,Yes,No,DSL,No,No,No,No,No,No,Month-to-month,Yes,Electronic check,45.0,45.0,No,0,63,5669,Attitude of support person,0.6117662570493012,1,Medium,2,New High-Risk,-1.412299657212731,-3.3403031232548503,Standard,3468.1029112124884,3468.1029112124884,0.9558426806758483,Critical,312
3066-RRJIO,1,United States,California,San Francisco,94132,"37.722302, -122.491129",37.722302,-122.491129,Female,No,No,No,1,Yes,No,Fiber optic,No,No,No,No,No,No,Month-to-month,Yes,Mailed check,69.95,69.95,Yes,1,65,5341,Competitor made better offer,0.6492816886595377,1,Medium,2,New High-Risk,-1.2796927433287166,-3.969975020889854,Standard,3467.813499130591,3467.813499130591,0.955700695726253,Critical,313
7703-ZEKEF,1,United States,California,Heber,92249,"32.730583, -115.501083",32.730583,-115.501083,Male,No,No,No,23,Yes,Yes,Fiber optic,No,No,Yes,No,No,No,Month-to-month,Yes,Electronic check,81.0,1917.1,Yes,1,78,5701,Competitor offered more data,0.6082102189569522,1,Medium,2,New High-Risk,-2.3848254089948995,-1.9502196338218711,Standard,3467.406458273584,3467.406458273584,0.9555587107766577,Critical,314
0637-YLETY,1,United States,California,Douglas City,96024,"40.586588, -122.903677",40.586588,-122.903677,Female,No,No,No,16,Yes,Yes,Fiber optic,No,Yes,Yes,No,No,Yes,Month-to-month,Yes,Credit card (automatic),95.6,1555.65,Yes,1,96,5915,Attitude of service provider,0.5862025815748961,1,Medium,2,New High-Risk,-2.2963420012474063,-0.0412476934390083,Standard,3467.3882700155104,3467.3882700155104,0.9554167258270624,Critical,315
2737-WFVYW,1,United States,California,Marina Del Rey,90292,"33.977468, -118.445475",33.977468,-118.445475,Female,No,No,No,2,No,No phone service,DSL,No,No,No,No,Yes,Yes,Month-to-month,Yes,Electronic check,45.25,85.5,Yes,1,74,4566,Product dissatisfaction,0.7592875106452653,1,High,3,Mid-Tenure Moderate-Risk,-2.2230691290219857,-2.99148345871463,High Risk,3466.9067736062816,3466.9067736062816,0.955274740877467,Critical,316
6910-HADCM,1,United States,California,Long Beach,90808,"33.823943, -118.111335",33.823943,-118.111335,Female,No,No,No,1,Yes,No,Fiber optic,No,No,Yes,No,No,No,Month-to-month,No,Electronic check,76.35,76.35,Yes,1,67,5613,Attitude of support person,0.6171968258712158,1,Medium,2,New High-Risk,-1.3092601308121987,-3.083800092709488,Standard,3464.3257836151342,3464.3257836151342,0.9551327559278716,Critical,317
3329-WDIOK,1,United States,California,Edwards,93523,"34.966777, -117.961179",34.966777,-117.961179,Female,No,No,No,3,No,No phone service,DSL,No,Yes,No,No,Yes,Yes,Month-to-month,Yes,Electronic check,50.6,155.35,Yes,1,83,4800,Poor expertise of online support,0.7216346350931487,1,High,3,Mid-Tenure Moderate-Risk,-2.248044204743235,-2.1931790127464006,High Risk,3463.846248447114,3463.846248447114,0.9549907709782763,Critical,318
7056-IMHCC,1,United States,California,Torrance,90501,"33.833699, -118.314387",33.833699,-118.314387,Male,Yes,Yes,No,53,Yes,Yes,Fiber optic,No,Yes,No,No,Yes,Yes,Month-to-month,Yes,Electronic check,101.9,5549.4,Yes,1,94,5884,Price too high,0.5883928096292607,1,Medium,0,Established High-Value,-3.3405350627509254,1.1752485271762942,Standard,3462.1032918585697,3462.1032918585697,0.954848786028681,Critical,319
2685-SREOM,1,United States,California,Rancho Cucamonga,91730,"34.10097, -117.57882",34.10097,-117.57882,Female,No,Yes,No,25,Yes,Yes,Fiber optic,No,No,Yes,No,No,Yes,Month-to-month,Yes,Electronic check,89.1,2368.4,Yes,1,96,4793,Service dissatisfaction,0.7219690534523661,1,High,2,New High-Risk,-2.53886765782013,-0.3668890906692639,High Risk,3460.3976731971907,3460.3976731971907,0.9547068010790856,Critical,320
0318-QUUOB,1,United States,California,Santa Rosa,95403,"38.488431, -122.752839",38.488431,-122.752839,Male,No,Yes,No,1,Yes,No,Fiber optic,No,No,No,No,Yes,No,Month-to-month,Yes,Electronic check,80.55,80.55,Yes,1,91,4273,Service dissatisfaction,0.8096497376277638,1,High,2,New High-Risk,-1.9235665783277416,-2.548558230755296,High Risk,3459.633328883435,3459.633328883435,0.9545648161294903,Critical,321
0219-YTZUE,1,United States,California,San Diego,92103,"32.747484, -117.166877",32.747484,-117.166877,Male,No,Yes,No,4,Yes,Yes,Fiber optic,No,Yes,Yes,No,No,No,Month-to-month,Yes,Bank transfer (automatic),84.8,371.9,Yes,1,73,4939,Don't know,0.7000911233984455,1,High,2,New High-Risk,-2.062340407712125,-0.473086802826367,High Risk,3457.7500584649224,3457.7500584649224,0.9544228311798949,Critical,322
3276-HDUEG,1,United States,California,Maricopa,93252,"34.737031, -119.460557",34.737031,-119.460557,Female,No,No,No,1,Yes,Yes,Fiber optic,No,No,No,No,No,No,Month-to-month,Yes,Mailed check,75.05,75.05,Yes,1,78,4838,Competitor offered higher download speeds,0.7142743810838074,1,High,2,New High-Risk,-1.731488236771071,-3.429525848656099,High Risk,3455.6594556834602,3455.6594556834602,0.9542808462302996,Critical,323
4806-KEXQR,1,United States,California,Lockeford,95237,"38.166791, -121.14207",38.166791,-121.14207,Male,No,No,No,4,Yes,No,Fiber optic,No,No,No,No,No,Yes,Month-to-month,Yes,Electronic check,79.9,324.3,Yes,1,77,4669,Competitor had better devices,0.7398332496090491,1,High,2,New High-Risk,-1.9412069148449933,-3.2460980265670583,High Risk,3454.28144242465,3454.28144242465,0.9541388612807042,Critical,324
9227-LUNBG,1,United States,California,Pescadero,94060,"37.22565, -122.297533",37.22565,-122.297533,Female,No,No,No,1,No,No phone service,DSL,No,No,No,No,No,No,Month-to-month,No,Electronic check,24.6,24.6,Yes,1,76,5768,Price too high,0.5985126798167127,1,Medium,3,Mid-Tenure Moderate-Risk,-1.42205255453546,-4.397514025131944,Standard,3452.2211371827993,3452.2211371827993,0.9539968763311089,Critical,325
0601-WZHJF,1,United States,California,Shafter,93263,"35.490705, -119.286833",35.490705,-119.286833,Male,No,Yes,No,14,No,No phone service,DSL,No,No,No,No,Yes,Yes,Month-to-month,No,Electronic check,46.35,667.7,Yes,1,76,5360,Attitude of service provider,0.6437875947983644,1,Medium,3,Mid-Tenure Moderate-Risk,-1.7748628445132404,-1.770457423696869,Standard,3450.7015081192335,3450.7015081192335,0.9538548913815136,Critical,326
4587-VVTOX,1,United States,California,Frazier Park,93222,"34.907911, -119.234281",34.907911,-119.234281,Female,No,Yes,No,6,Yes,Yes,Fiber optic,No,Yes,Yes,No,Yes,Yes,Month-to-month,Yes,Electronic check,105.3,545.2,Yes,1,90,4163,Competitor offered more data,0.8288946324455135,1,High,0,Established High-Value,-2.5898997745390435,0.5681365594614496,High Risk,3450.688354870673,3450.688354870673,0.9537129064319182,Critical,327
0248-IPDFW,1,United States,California,Lake Elsinore,92530,"33.655421, -117.391751",33.655421,-117.391751,Female,No,No,No,1,Yes,Yes,DSL,No,No,No,No,No,No,Month-to-month,Yes,Electronic check,50.1,50.1,No,0,57,5617,Attitude of support person,0.6141748279777706,1,Medium,2,New High-Risk,-1.8679735524492167,-3.5678952088895377,Standard,3449.8200087511373,3449.8200087511373,0.9535709214823229,Critical,328
1219-NNDDO,1,United States,California,Los Angeles,90015,"34.039224, -118.266293",34.039224,-118.266293,Female,No,No,No,9,Yes,Yes,Fiber optic,No,No,No,No,No,No,Month-to-month,Yes,Electronic check,76.85,663.55,No,0,38,4834,Attitude of support person,0.7134186124414942,1,High,2,New High-Risk,-2.285321358870262,-3.2867713751503587,High Risk,3448.665572542183,3448.665572542183,0.9534289365327275,Critical,329
8622-ZLFKO,1,United States,California,Fresno,93710,"36.822715, -119.761826",36.822715,-119.761826,Female,No,Yes,No,6,Yes,Yes,Fiber optic,No,Yes,No,No,No,Yes,Month-to-month,Yes,Electronic check,90.75,512.25,No,0,54,4297,Attitude of support person,0.8011480258134864,1,High,2,New High-Risk,-2.426696389934424,-1.0631730171963991,High Risk,3442.5330669205514,3442.5330669205514,0.9532869515831321,Critical,330
6352-TWCAU,1,United States,California,Fort Bidwell,96112,"41.932207, -120.135941",41.932207,-120.135941,Female,No,No,No,35,Yes,Yes,Fiber optic,No,No,No,No,Yes,No,Month-to-month,Yes,Electronic check,86.45,3029.1,Yes,1,68,5874,Competitor made better offer,0.5858839121263852,1,Medium,2,New High-Risk,-2.587691873640966,-1.6778575867520356,Standard,3441.4820998303867,3441.4820998303867,0.9531449666335369,Critical,331
8714-EUHJO,1,United States,California,Castella,96017,"41.121108, -122.336613",41.121108,-122.336613,Female,No,Yes,No,31,Yes,Yes,Fiber optic,No,Yes,No,No,No,Yes,Month-to-month,Yes,Electronic check,91.15,2995.45,Yes,1,83,5219,Poor expertise of online support,0.659372498345102,1,Medium,2,New High-Risk,-2.5941182832644443,-0.2485802526043261,Standard,3441.2650688630874,3441.2650688630874,0.9530029816839415,Critical,332
1965-AKTSX,1,United States,California,Byron,94514,"37.83323, -121.601461",37.83323,-121.601461,Female,Yes,No,No,14,Yes,Yes,Fiber optic,No,Yes,No,No,No,No,Month-to-month,Yes,Electronic check,78.95,1101.85,Yes,1,88,5203,Competitor made better offer,0.6611098773530371,1,Medium,2,New High-Risk,-2.738990149975468,-2.4934328508398416,Standard,3439.7546918678518,3439.7546918678518,0.9528609967343462,Critical,333
3365-SAIGS,1,United States,California,Rancho Santa Fe,92067,"33.012751, -117.200617",33.012751,-117.200617,Female,No,No,No,17,Yes,No,Fiber optic,No,Yes,No,No,Yes,No,Month-to-month,Yes,Electronic check,83.55,1329.15,No,0,59,5564,Attitude of support person,0.6182094605690822,1,Medium,2,New High-Risk,-2.0152111516484563,-2.078847188152246,Standard,3439.7174386063734,3439.7174386063734,0.9527190117847508,Critical,334
6702-OHFWR,1,United States,California,Reseda,91335,"34.200175, -118.540958",34.200175,-118.540958,Male,Yes,No,No,1,No,No phone service,DSL,No,Yes,Yes,No,No,Yes,Month-to-month,Yes,Electronic check,43.3,43.3,Yes,1,91,4972,Don't know,0.6917167420688578,1,Medium,3,Mid-Tenure Moderate-Risk,-2.526429273436708,-2.2654913266498395,Standard,3439.2156415663612,3439.2156415663612,0.9525770268351554,Critical,335
4706-AXVKM,1,United States,California,Stevenson Ranch,91381,"34.364153, -118.615583",34.364153,-118.615583,Female,Yes,No,No,11,Yes,Yes,Fiber optic,No,No,No,No,No,Yes,Month-to-month,Yes,Credit card (automatic),84.8,906.85,Yes,1,67,5118,Extra data charges,0.6706925319342606,1,Medium,2,New High-Risk,-2.63930874206294,-2.025213841087875,Standard,3432.6043784395456,3432.6043784395456,0.9524350418855602,Critical,336
0722-SVSFK,1,United States,California,Half Moon Bay,94019,"37.45567, -122.407992",37.45567,-122.407992,Female,No,No,No,7,Yes,No,Fiber optic,No,No,Yes,Yes,Yes,Yes,Month-to-month,Yes,Electronic check,100.4,715.0,No,0,56,5041,Attitude of support person,0.6806174452644406,1,Medium,2,New High-Risk,-2.0496286459617856,-0.666499848767109,Standard,3430.992541578045,3430.992541578045,0.9522930569359648,Critical,337
2514-GINMM,1,United States,California,Dana Point,92629,"33.477923, -117.705314",33.477923,-117.705314,Male,No,No,No,1,Yes,No,Fiber optic,No,No,No,No,Yes,No,Month-to-month,Yes,Electronic check,79.5,79.5,Yes,1,92,4490,Attitude of service provider,0.7639964159986125,1,High,2,New High-Risk,-1.9173935689168125,-3.3514745501626764,High Risk,3430.34390783377,3430.34390783377,0.9521510719863694,Critical,338
4988-IQIGL,1,United States,California,Canoga Park,91304,"34.224377, -118.632656",34.224377,-118.632656,Male,Yes,No,No,1,Yes,Yes,Fiber optic,No,No,No,No,No,No,Month-to-month,Yes,Electronic check,75.35,75.35,Yes,1,92,4403,Lack of self-service on Website,0.7772536451687861,1,High,2,New High-Risk,-2.6614461773343803,-3.6562329825160496,High Risk,3422.2477996781654,3422.2477996781654,0.9520090870367741,Critical,339
7394-LWLYN,1,United States,California,Oakland,94610,"37.808731, -122.238708",37.808731,-122.238708,Female,No,No,No,2,Yes,No,Fiber optic,No,No,No,No,No,No,Month-to-month,Yes,Electronic check,70.15,123.8,No,0,75,4840,Attitude of support person,0.7062712779249154,1,High,2,New High-Risk,-1.781966376659761,-4.06972449838571,High Risk,3418.3529851565904,3418.3529851565904,0.9518671020871787,Critical,340
3707-GNWHM,1,United States,California,Carmel Valley,93924,"36.414611, -121.6386",36.414611,-121.6386,Male,No,No,No,1,Yes,Yes,Fiber optic,No,No,No,No,No,No,Month-to-month,Yes,Mailed check,74.25,74.25,Yes,1,93,4750,Don't know,0.719635340780962,1,High,2,New High-Risk,-1.7244268730362975,-3.444529589250072,High Risk,3418.2678687095695,3418.2678687095695,0.9517251171375835,Critical,341
1086-LXKFY,1,United States,California,Westwood,96137,"40.271535, -121.018087",40.271535,-121.018087,Female,No,Yes,No,1,Yes,No,Fiber optic,No,No,No,No,No,No,Month-to-month,Yes,Mailed check,69.1,69.1,Yes,1,92,4779,Don't know,0.7150400415455133,1,High,2,New High-Risk,-1.2681959548211954,-3.2201174012013567,High Risk,3417.176358546008,3417.176358546008,0.9515831321879881,Critical,342
3957-LXOLK,1,United States,California,Shingletown,96088,"40.497441, -121.827524",40.497441,-121.827524,Female,Yes,No,No,28,Yes,Yes,Fiber optic,No,Yes,Yes,No,Yes,Yes,Month-to-month,Yes,Electronic check,106.15,3152.5,Yes,1,83,5030,Competitor offered more data,0.6790373000238049,1,Medium,0,Established High-Value,-3.1960415563652207,0.4141103518831134,Standard,3415.557619119739,3415.557619119739,0.9514411472383927,Critical,343
3722-WPXTK,1,United States,California,Benton,93512,"37.653947, -118.231443",37.653947,-118.231443,Male,No,No,No,1,Yes,No,Fiber optic,No,No,No,No,Yes,Yes,Month-to-month,Yes,Electronic check,88.35,88.35,Yes,1,72,4254,Competitor offered higher download speeds,0.8027764590186761,1,High,2,New High-Risk,-2.056702515498244,-2.594816192332435,High Risk,3415.011056665448,3415.011056665448,0.9512991622887974,Critical,344
4871-JTKJF,1,United States,California,Selma,93662,"36.545322, -119.642281",36.545322,-119.642281,Female,Yes,No,No,1,Yes,No,Fiber optic,No,No,No,No,No,No,Month-to-month,Yes,Electronic check,69.65,69.65,Yes,1,82,4741,Attitude of service provider,0.720283621828614,1,High,2,New High-Risk,-2.203700198989565,-4.220619201114488,High Risk,3414.864651089459,3414.864651089459,0.951157177339202,Critical,345
5935-FCCNB,1,United States,California,Downey,90242,"33.921793, -118.140588",33.921793,-118.140588,Female,Yes,No,No,17,Yes,Yes,Fiber optic,No,No,No,No,Yes,Yes,Month-to-month,Yes,Electronic check,94.2,1608.15,No,0,54,4425,Attitude of support person,0.7717122137614784,1,High,2,New High-Risk,-3.0463027402579503,-1.6452801676600013,High Risk,3414.8265458945416,3414.8265458945416,0.9510151923896067,Critical,346
4183-MYFRB,1,United States,California,Los Angeles,90021,"34.029043, -118.239504",34.029043,-118.239504,Female,No,No,No,21,Yes,No,Fiber optic,No,Yes,Yes,No,No,Yes,Month-to-month,Yes,Electronic check,90.05,1862.9,No,0,57,5982,Attitude of support person,0.5707208609270435,1,Medium,2,New High-Risk,-2.085878265235002,-1.0232111662555716,Standard,3414.0521900655745,3414.0521900655745,0.9508732074400114,Critical,347
6646-VRFOL,1,United States,California,Larkspur,94939,"37.937082, -122.532369",37.937082,-122.532369,Male,Yes,Yes,No,53,Yes,Yes,Fiber optic,No,Yes,Yes,No,Yes,Yes,Month-to-month,Yes,Electronic check,103.85,5485.5,Yes,1,87,5860,Competitor had better devices,0.5820654512930404,1,Medium,0,Established High-Value,-3.331947725479196,2.009123775671976,Standard,3410.903544577217,3410.903544577217,0.950731222490416,Critical,348
5299-SJCZT,1,United States,California,Ladera Ranch,92694,"33.569186, -117.640055",33.569186,-117.640055,Male,No,No,No,3,Yes,Yes,Fiber optic,No,No,Yes,No,Yes,Yes,Month-to-month,Yes,Bank transfer (automatic),101.55,298.35,Yes,1,73,4480,Network reliability,0.7609741412532838,1,High,2,New High-Risk,-2.349351899126124,-0.5402829999635453,High Risk,3409.164152814711,3409.164152814711,0.9505892375408207,Critical,349
3398-FSHON,1,United States,California,Los Angeles,90019,"34.049841, -118.33846",34.049841,-118.33846,Female,Yes,No,No,12,Yes,Yes,Fiber optic,No,Yes,No,No,Yes,No,Month-to-month,Yes,Electronic check,91.3,1094.5,Yes,1,94,4703,Competitor offered more data,0.723503230089166,1,High,2,New High-Risk,-2.8987567607021454,-1.7892002752054024,High Risk,3402.6356911093476,3402.6356911093476,0.9504472525912253,Critical,350
4236-UJPWO,1,United States,California,Alviso,95002,"37.449537, -121.994813",37.449537,-121.994813,Female,No,No,No,2,No,No phone service,DSL,No,No,No,No,No,No,Month-to-month,No,Electronic check,24.5,46.4,No,0,54,5786,Attitude of support person,0.587739849814036,1,Medium,3,Mid-Tenure Moderate-Risk,-1.423412007215954,-4.37892818258928,Standard,3400.6627710240127,3400.6627710240127,0.95030526764163,Critical,351
3318-NMQXL,1,United States,California,El Monte,91731,"34.079934, -118.046695",34.079934,-118.046695,Male,No,No,No,3,Yes,No,Fiber optic,No,No,No,No,Yes,Yes,Month-to-month,Yes,Electronic check,92.0,266.8,No,0,42,4345,Attitude of support person,0.7825525860617762,1,High,2,New High-Risk,-2.098199253966968,-2.513973225139232,High Risk,3400.190986438418,3400.190986438418,0.9501632826920346,Critical,352
4929-XIHVW,1,United States,California,Los Angeles,90034,"34.030578, -118.399613",34.030578,-118.399613,Male,Yes,Yes,No,2,Yes,No,Fiber optic,No,No,Yes,No,Yes,Yes,Month-to-month,Yes,Credit card (automatic),95.5,181.65,No,0,69,4449,Attitude of support person,0.7633121227872147,1,High,2,New High-Risk,-2.3038715293856464,-0.4658573122764174,High Risk,3395.9756342803184,3395.9756342803184,0.9500212977424393,Critical,353
4716-HHKQH,1,United States,California,Pomona,91767,"34.083086, -117.737997",34.083086,-117.737997,Male,Yes,Yes,No,20,Yes,Yes,Fiber optic,No,Yes,No,Yes,Yes,Yes,Month-to-month,No,Electronic check,107.05,2172.05,No,0,65,5328,Attitude of support person,0.6373032602619312,1,Medium,0,Established High-Value,-2.5321850142128755,1.0028462205413455,Standard,3395.5517706755695,3395.5517706755695,0.949879312792844,Critical,354
8263-JQAIK,1,United States,California,Palmdale,93591,"34.598221, -117.79593",34.598221,-117.79593,Male,Yes,No,No,2,No,No phone service,DSL,No,No,No,No,No,No,Month-to-month,Yes,Mailed check,24.45,47.5,Yes,1,77,5573,Competitor offered more data,0.6092478868638479,1,Medium,3,Mid-Tenure Moderate-Risk,-1.8553832443416616,-4.505138267821626,Standard,3395.3384734922242,3395.3384734922242,0.9497373278432486,Critical,355
4910-GMJOT,1,United States,California,San Francisco,94129,"37.797526, -122.464531",37.797526,-122.464531,Female,No,No,No,1,Yes,Yes,Fiber optic,No,No,No,No,Yes,Yes,Month-to-month,Yes,Electronic check,94.6,94.6,Yes,1,96,4033,Don't know,0.8418350440436323,1,High,2,New High-Risk,-2.5196766875594845,-2.0128759160965,High Risk,3395.120732627969,3395.120732627969,0.9495953428936533,Critical,356
9692-TUSXH,1,United States,California,Los Angeles,90041,"34.137412, -118.207607",34.137412,-118.207607,Female,No,No,No,18,Yes,No,Fiber optic,Yes,No,No,No,Yes,Yes,Month-to-month,Yes,Electronic check,96.05,1740.7,Yes,1,97,5581,Competitor offered higher download speeds,0.6079970004230275,1,Medium,2,New High-Risk,-2.092407190321889,-1.24985198249271,Standard,3393.2312593609167,3393.2312593609167,0.9494533579440579,Critical,357
8276-MQBYC,1,United States,California,Los Angeles,90028,"34.099869, -118.326843",34.099869,-118.326843,Male,Yes,No,No,51,Yes,Yes,Fiber optic,No,No,Yes,No,Yes,Yes,Month-to-month,Yes,Electronic check,97.8,4913.3,Yes,1,81,6204,Long distance charges,0.5469268683474289,1,Medium,0,Established High-Value,-3.277488798057872,0.3706335481650541,Standard,3393.1342912274486,3393.1342912274486,0.9493113729944626,Critical,358
3070-DVEYC,1,United States,California,Williams,95987,"39.117537, -122.284654",39.117537,-122.284654,Male,Yes,No,No,7,Yes,Yes,Fiber optic,No,No,No,No,No,No,Month-to-month,No,Mailed check,73.75,545.15,Yes,1,84,5638,Lack of self-service on Website,0.6015658068866687,1,Medium,2,New High-Risk,-1.6839160959966044,-3.2567297620650715,Standard,3391.6280192270383,3391.6280192270383,0.9491693880448673,Critical,359
4290-BSXUX,1,United States,California,Fields Landing,95537,"40.726949, -124.217378",40.726949,-124.217378,Male,No,Yes,No,3,Yes,Yes,Fiber optic,No,No,No,Yes,No,No,Month-to-month,Yes,Bank transfer (automatic),79.65,251.75,Yes,1,87,5036,Competitor offered more data,0.6730436447121956,1,Medium,2,New High-Risk,-1.93071120004144,-1.3078092699041275,Standard,3389.447794770617,3389.447794770617,0.9490274030952719,Critical,360
4659-NZRUF,1,United States,California,Oakland,94609,"37.834341, -122.26437",37.834341,-122.26437,Female,No,No,No,19,Yes,Yes,Fiber optic,Yes,Yes,No,No,No,Yes,Month-to-month,Yes,Electronic check,95.15,1789.25,Yes,1,78,5830,Long distance charges,0.5811766789451676,1,Medium,2,New High-Risk,-2.4140283936321825,-0.640564645143501,Standard,3388.260038250327,3388.260038250327,0.9488854181456765,Critical,361
2235-DWLJU,1,United States,California,Thousand Palms,92276,"33.849263, -116.382778",33.849263,-116.382778,Female,Yes,No,No,6,No,No phone service,DSL,No,No,No,No,Yes,Yes,Month-to-month,Yes,Electronic check,44.4,263.05,No,0,71,4611,Attitude of support person,0.7347584699929371,1,High,3,Mid-Tenure Moderate-Risk,-2.659936764436152,-3.02435665571414,High Risk,3387.9713051374333,3387.9713051374333,0.9487434331960812,Critical,362
8634-MPHTR,1,United States,California,Forbestown,95941,"39.531028, -121.24807",39.531028,-121.24807,Male,Yes,Yes,No,47,Yes,Yes,Fiber optic,No,No,Yes,No,Yes,Yes,Month-to-month,Yes,Electronic check,100.05,4871.05,Yes,1,91,5166,Lack of self-service on Website,0.6539273375995771,1,Medium,0,Established High-Value,-3.2821312592815084,1.0131163933283205,Standard,3378.1886260394153,3378.1886260394153,0.9486014482464858,Critical,363
6330-JKLPC,1,United States,California,Somis,93066,"34.297628, -119.014627",34.297628,-119.014627,Male,No,Yes,No,11,Yes,Yes,Fiber optic,No,Yes,No,No,No,No,Month-to-month,Yes,Bank transfer (automatic),80.5,896.9,Yes,1,75,5119,Product dissatisfaction,0.6586525715063914,1,Medium,2,New High-Risk,-2.084398000610354,-1.136483801283086,Standard,3371.642513541218,3371.642513541218,0.9484594632968906,Critical,364
3797-VTIDR,1,United States,California,San Jose,95121,"37.304681, -121.809955",37.304681,-121.809955,Male,No,Yes,No,1,No,No phone service,DSL,No,No,No,No,No,No,Month-to-month,Yes,Electronic check,23.45,23.45,Yes,1,90,4517,Price too high,0.7464091546862145,1,High,3,Mid-Tenure Moderate-Risk,-1.9072136303029503,-3.779340355102703,High Risk,3371.530151717631,3371.530151717631,0.9483174783472952,Critical,365
2276-YDAVZ,1,United States,California,Wofford Heights,93285,"35.690535, -118.552784",35.690535,-118.552784,Female,No,No,No,3,Yes,Yes,Fiber optic,No,No,No,No,No,No,Month-to-month,Yes,Credit card (automatic),75.1,270.7,Yes,1,69,4965,Competitor offered higher download speeds,0.6780701325228232,1,Medium,2,New High-Risk,-2.018990737717896,-2.9193769744847176,Standard,3366.6182079758173,3366.6182079758173,0.9481754933976998,Critical,366
6923-JHPMP,1,United States,California,Templeton,93465,"35.536115, -120.739231",35.536115,-120.739231,Female,No,No,No,2,Yes,No,Fiber optic,Yes,No,Yes,No,No,No,Month-to-month,Yes,Electronic check,80.45,137.1,No,0,67,5602,Attitude of support person,0.600641434252551,1,Medium,2,New High-Risk,-1.709482958762641,-2.413455108832358,Standard,3364.793314682791,3364.793314682791,0.9480335084481045,Critical,367
7044-YAACC,1,United States,California,Napa,94559,"38.232389, -122.324944",38.232389,-122.324944,Male,Yes,Yes,No,4,Yes,No,Fiber optic,No,No,No,No,No,No,Month-to-month,Yes,Electronic check,70.2,280.35,No,0,53,4444,Attitude of support person,0.756520600992301,1,High,2,New High-Risk,-2.219419324463749,-3.3594489525832323,High Risk,3361.9775508097855,3361.9775508097855,0.9478915234985091,Critical,368
5835-BEQEU,1,United States,California,Westley,95387,"37.546007, -121.28257",37.546007,-121.28257,Male,No,No,No,3,Yes,Yes,Fiber optic,No,No,No,No,No,No,Month-to-month,Yes,Electronic check,76.95,228.4,Yes,1,92,4428,Don't know,0.7565423097974316,1,High,2,New High-Risk,-2.2543726568626696,-3.482123910737747,High Risk,3349.9693477830274,3349.9693477830274,0.9477495385489139,Critical,369
8063-GBATB,1,United States,California,Cobb,95426,"38.838088, -122.73203",38.838088,-122.73203,Female,Yes,No,No,27,Yes,Yes,Fiber optic,No,No,No,No,No,Yes,Month-to-month,Yes,Electronic check,85.25,2287.25,Yes,1,80,5172,Competitor had better devices,0.6475280932022572,1,Medium,2,New High-Risk,-2.959332062957812,-2.097734292137305,Standard,3349.0152980420744,3349.0152980420744,0.9476075535993185,Critical,370
9898-KZQDZ,1,United States,California,Lee Vining,93541,"37.890145, -119.184087",37.890145,-119.184087,Female,Yes,Yes,No,40,Yes,Yes,Fiber optic,No,No,No,No,Yes,Yes,Month-to-month,Yes,Credit card (automatic),94.55,3640.45,Yes,1,95,5676,Competitor offered higher download speeds,0.5896174628553474,1,Medium,2,New High-Risk,-2.9616432354333404,0.4417965289396951,Standard,3346.668719166952,3346.668719166952,0.9474655686497231,Critical,371
8816-VXNZD,1,United States,California,Coronado,92118,"32.68674, -117.186612",32.68674,-117.186612,Female,No,No,No,1,Yes,Yes,Fiber optic,No,No,No,No,No,No,Month-to-month,Yes,Electronic check,75.1,75.1,Yes,1,83,4335,Lack of self-service on Website,0.7719516327359712,1,High,2,New High-Risk,-2.2287307385919783,-3.551503704613131,High Risk,3346.410327910435,3346.410327910435,0.9473235837001278,Critical,372
4077-CROMM,1,United States,California,Modesto,95350,"37.671806, -121.007575",37.671806,-121.007575,Female,No,Yes,No,31,Yes,Yes,Fiber optic,No,No,Yes,Yes,Yes,Yes,Month-to-month,Yes,Electronic check,104.2,3243.45,Yes,1,68,5000,Product dissatisfaction,0.6687307385462306,1,Medium,0,Established High-Value,-2.652607469059213,1.439850820437416,Standard,3343.6536927311527,3343.6536927311527,0.9471815987505324,Critical,373
6457-USBER,1,United States,California,Los Angeles,90014,"34.043144, -118.251977",34.043144,-118.251977,Male,No,No,No,1,Yes,No,Fiber optic,No,No,No,No,No,Yes,Month-to-month,Yes,Electronic check,80.8,80.8,Yes,1,82,4424,Moved,0.7557390160281853,1,High,2,New High-Risk,-1.930861554978077,-3.349011432235878,High Risk,3343.389406908692,3343.389406908692,0.9470396138009372,Critical,374
6567-HOOPW,1,United States,California,Folsom,95630,"38.672638, -121.147403",38.672638,-121.147403,Female,Yes,No,No,1,Yes,No,Fiber optic,No,No,No,No,Yes,No,Month-to-month,Yes,Electronic check,79.2,79.2,Yes,1,76,4363,Competitor made better offer,0.7662803141764002,1,High,2,New High-Risk,-2.3443651771356406,-3.4837515300636768,High Risk,3343.281010751634,3343.281010751634,0.9468976288513418,Critical,375
1100-DDVRV,1,United States,California,Twain Harte,95383,"38.107441, -120.230625",38.107441,-120.230625,Male,No,Yes,No,17,No,No phone service,DSL,No,Yes,No,No,Yes,Yes,Month-to-month,Yes,Mailed check,49.8,836.35,No,0,24,5575,Attitude of support person,0.5988860653679342,1,Medium,3,Mid-Tenure Moderate-Risk,-1.7950446603656791,-0.9260822452185188,Standard,3338.789814426233,3338.789814426233,0.9467556439017464,Critical,376
7245-NIIWQ,1,United States,California,Fellows,93224,"35.215731, -119.57013",35.215731,-119.57013,Female,No,No,No,3,Yes,No,Fiber optic,No,No,No,No,No,No,Month-to-month,Yes,Electronic check,69.85,199.85,No,0,40,4764,Attitude of support person,0.7001654081120507,1,High,2,New High-Risk,-1.7840901033943943,-4.056350445566089,High Risk,3335.5880042458098,3335.5880042458098,0.9466136589521511,Critical,377
0139-IVFJG,1,United States,California,Inyokern,93527,"36.041315, -118.188235",36.041315,-118.188235,Female,No,Yes,No,2,Yes,No,Fiber optic,Yes,Yes,No,No,Yes,No,Month-to-month,No,Electronic check,90.35,190.5,No,0,29,5361,Attitude of support person,0.6209459772603497,1,Medium,2,New High-Risk,-1.348031835798466,-0.9000509935120466,Standard,3328.891384092735,3328.891384092735,0.9464716740025557,Critical,378
5183-SNMJQ,1,United States,California,Frazier Park,93225,"34.827662, -118.999073",34.827662,-118.999073,Male,No,No,No,10,Yes,No,Fiber optic,No,No,No,Yes,Yes,Yes,Month-to-month,Yes,Credit card (automatic),95.1,865.1,No,0,33,5787,Attitude of support person,0.5748409842281521,1,Medium,2,New High-Risk,-1.816938457671008,-0.8735743108228458,Standard,3326.6047757283163,3326.6047757283163,0.9463296890529603,Critical,379
5655-JSMZM,1,United States,California,Coalinga,93210,"36.186867, -120.387793",36.186867,-120.387793,Male,Yes,No,No,49,Yes,Yes,Fiber optic,No,No,No,No,Yes,Yes,Month-to-month,Yes,Electronic check,96.2,4718.25,Yes,1,74,5904,Competitor offered higher download speeds,0.5629689170087969,1,Medium,2,New High-Risk,-3.2707728769809177,-0.567342067856432,Standard,3323.768486019937,3323.768486019937,0.9461877041033651,Critical,380
5196-SGOAK,1,United States,California,Caliente,93518,"35.358953, -118.527064",35.358953,-118.527064,Female,No,No,No,1,Yes,No,Fiber optic,No,Yes,No,No,No,No,Month-to-month,Yes,Electronic check,75.7,75.7,Yes,1,93,4884,Attitude of support person,0.6800267057175691,1,Medium,2,New High-Risk,-1.7991004466517813,-3.338924376035856,Standard,3321.250430724607,3321.250430724607,0.9460457191537697,Critical,381
3249-ZPQRG,1,United States,California,Diamond Springs,95619,"38.683605, -120.811852",38.683605,-120.811852,Male,No,No,No,4,Yes,Yes,Fiber optic,No,Yes,No,No,No,No,Month-to-month,No,Electronic check,78.45,330.05,Yes,1,67,5048,Competitor made better offer,0.6571476148489532,1,Medium,2,New High-Risk,-1.749041636306074,-2.605217091660563,Standard,3317.281159757516,3317.281159757516,0.9459037342041744,Critical,382
6712-OAWRH,1,United States,California,San Bernardino,92408,"34.084909, -117.258107",34.084909,-117.258107,Female,Yes,No,No,26,Yes,No,Fiber optic,No,No,No,No,Yes,Yes,Month-to-month,Yes,Electronic check,91.25,2351.8,Yes,1,76,5154,Competitor offered higher download speeds,0.6429543362991899,1,Medium,2,New High-Risk,-2.662200826870495,-1.9176871346093456,Standard,3313.7866492860244,3313.7866492860244,0.945761749254579,Critical,383
8617-ENBDS,1,United States,California,Helendale,92342,"34.757783, -117.33997",34.757783,-117.33997,Male,No,No,No,3,Yes,No,Fiber optic,No,No,Yes,No,No,No,Month-to-month,Yes,Credit card (automatic),73.6,232.5,No,0,53,5510,Attitude of support person,0.6014031469732767,1,Medium,2,New High-Risk,-1.5740174824423987,-2.6056474538217054,Standard,3313.7313398227543,3313.7313398227543,0.9456197643049836,Critical,384
3934-HXCFZ,1,United States,California,Pinecrest,95364,"38.224869, -119.755729",38.224869,-119.755729,Male,No,Yes,No,23,Yes,Yes,Fiber optic,Yes,Yes,Yes,No,Yes,No,Month-to-month,Yes,Electronic check,99.25,2186.4,Yes,1,76,5338,Service dissatisfaction,0.6204269890138316,1,Medium,0,Established High-Value,-2.4441863873681258,1.0842619058959602,Standard,3311.8392673558333,3311.8392673558333,0.9454777793553883,Critical,385
4795-KTRTH,1,United States,California,San Diego,92122,"32.85723, -117.209774",32.85723,-117.209774,Female,Yes,Yes,No,5,Yes,Yes,Fiber optic,No,Yes,No,No,No,No,Month-to-month,Yes,Electronic check,81.0,371.65,Yes,1,99,4287,Product dissatisfaction,0.7724786176668955,1,High,2,New High-Risk,-2.700648313342153,-2.002432663330464,High Risk,3311.6158339379813,3311.6158339379813,0.945335794405793,Critical,386
2959-MJHIC,1,United States,California,Hinkley,92347,"34.983808, -117.239306",34.983808,-117.239306,Male,No,Yes,No,4,Yes,No,Fiber optic,No,No,No,No,Yes,No,Month-to-month,Yes,Electronic check,80.35,307.4,Yes,1,65,4167,Product dissatisfaction,0.7938133460663657,1,High,2,New High-Risk,-1.9363035365040453,-2.489827416045741,High Risk,3307.8202130585455,3307.8202130585455,0.9451938094561977,Critical,387
7817-BOQPW,1,United States,California,Rio Dell,95562,"40.485849, -124.163234",40.485849,-124.163234,Female,No,No,No,2,Yes,Yes,Fiber optic,No,No,No,No,No,No,Month-to-month,Yes,Electronic check,75.55,166.3,Yes,1,77,4320,Competitor made better offer,0.7651346036010278,1,High,2,New High-Risk,-2.238127229265502,-3.524765001440924,High Risk,3305.3814875564403,3305.3814875564403,0.9450518245066023,Critical,388
7801-KICAO,1,United States,California,Pasadena,91103,"34.167465, -118.165327",34.167465,-118.165327,Female,No,No,No,18,Yes,Yes,Fiber optic,No,No,No,No,No,No,Month-to-month,Yes,Electronic check,74.15,1345.75,No,0,73,5033,Attitude of support person,0.6566117143718027,1,Medium,2,New High-Risk,-2.310147974740534,-3.053592549092248,Standard,3304.7267584332826,3304.7267584332826,0.9449098395570069,Critical,389
4647-MUZON,1,United States,California,Port Hueneme,93041,"34.110124, -119.100972",34.110124,-119.100972,Female,No,Yes,No,18,Yes,No,Fiber optic,No,No,Yes,No,Yes,Yes,Month-to-month,Yes,Credit card (automatic),95.95,1745.5,No,0,20,5009,Attitude of support person,0.6589205154228409,1,Medium,2,New High-Risk,-1.9807403164048951,0.1634901269706878,Standard,3300.53286175301,3300.53286175301,0.9447678546074116,Critical,390
6993-OHLXR,1,United States,California,Walnut Creek,94596,"37.900662, -122.052782",37.900662,-122.052782,Female,No,No,No,2,Yes,No,Fiber optic,No,No,No,No,No,No,Month-to-month,No,Electronic check,68.95,119.75,Yes,1,84,5225,Competitor offered more data,0.6314416943921287,1,Medium,2,New High-Risk,-1.270992246900645,-3.984388131758384,Standard,3299.2828531988725,3299.2828531988725,0.9446258696578163,Critical,391
6161-UUUTA,1,United States,California,Stockton,95206,"37.902422, -121.440029",37.902422,-121.440029,Male,Yes,No,No,3,Yes,No,Fiber optic,No,No,No,No,Yes,No,Month-to-month,Yes,Electronic check,79.9,260.9,Yes,1,97,4367,Price too high,0.7553339704461565,1,High,2,New High-Risk,-2.361735418816395,-3.426921429917245,High Risk,3298.543448938365,3298.543448938365,0.944483884708221,Critical,392
4529-CKBCL,1,United States,California,Ventura,93001,"34.360261, -119.306383",34.360261,-119.306383,Female,No,No,No,2,Yes,No,Fiber optic,No,No,No,No,Yes,No,Month-to-month,Yes,Electronic check,80.2,146.05,Yes,1,85,4381,Attitude of service provider,0.752768504994747,1,High,2,New High-Risk,-1.926819076311864,-3.3391647022502275,High Risk,3297.8788203819868,3297.8788203819868,0.9443418997586256,Critical,393
9809-IMGCQ,1,United States,California,Canyon Dam,95923,"40.171312, -121.120605",40.171312,-121.120605,Male,Yes,No,No,22,Yes,Yes,Fiber optic,No,No,No,No,Yes,Yes,Month-to-month,Yes,Electronic check,96.7,2082.95,Yes,1,93,4458,Competitor made better offer,0.7388008229691037,1,High,2,New High-Risk,-3.097047975509419,-1.4939389772532887,High Risk,3293.574068796264,3293.574068796264,0.9441999148090302,Critical,394
2955-BJZHG,1,United States,California,Apple Valley,92308,"34.424926, -117.184503",34.424926,-117.184503,Male,No,Yes,No,17,Yes,No,Fiber optic,No,No,No,No,Yes,No,Month-to-month,No,Electronic check,80.85,1400.85,Yes,1,77,5174,Attitude of service provider,0.6364829432694081,1,Medium,2,New High-Risk,-1.5146377646714029,-1.983524814832208,Standard,3293.162748475918,3293.162748475918,0.9440579298594349,Critical,395
1965-DDBWU,1,United States,California,Twentynine Palms,92277,"34.17211, -115.769773",34.17211,-115.769773,Male,No,No,No,16,Yes,Yes,Fiber optic,No,No,No,Yes,No,Yes,Month-to-month,Yes,Credit card (automatic),89.05,1448.6,Yes,1,87,5953,Competitor made better offer,0.5525184582377906,1,Medium,2,New High-Risk,-2.154625365400947,-0.8743644048724197,Standard,3289.1423818895673,3289.1423818895673,0.9439159449098395,Critical,396
7240-ETPTR,1,United States,California,Pope Valley,94567,"38.672708, -122.403219",38.672708,-122.403219,Female,No,Yes,No,9,No,No phone service,DSL,No,No,Yes,No,Yes,Yes,Month-to-month,Yes,Electronic check,48.75,442.2,Yes,1,97,4359,Lack of affordable download/upload speed,0.7544927255966486,1,High,3,Mid-Tenure Moderate-Risk,-2.253951355790476,-1.1928916768619713,High Risk,3288.8337908757912,3288.8337908757912,0.9437739599602443,Critical,397
3550-SAHFP,1,United States,California,Saint Helena,94574,"38.581354, -122.296283",38.581354,-122.296283,Female,No,No,No,33,Yes,Yes,Fiber optic,No,No,No,No,No,Yes,Month-to-month,Yes,Electronic check,83.35,2757.85,Yes,1,66,5456,Price too high,0.6026113580906834,1,Medium,2,New High-Risk,-2.546710247866304,-1.8064843284973089,Standard,3287.847569742769,3287.847569742769,0.9436319750106489,Critical,398
9430-FRQOC,1,United States,California,San Diego,92106,"32.71346, -117.236378",32.71346,-117.236378,Female,No,No,No,4,Yes,Yes,Fiber optic,No,No,Yes,Yes,No,No,Month-to-month,Yes,Mailed check,87.1,341.45,Yes,1,80,5587,Competitor offered higher download speeds,0.5880106901031701,1,Medium,2,New High-Risk,-1.70175304788514,-1.598315382544342,Standard,3285.215725606411,3285.215725606411,0.9434899900610535,Critical,399
2034-GDRCN,1,United States,California,Valley Center,92082,"33.25283, -116.986079",33.25283,-116.986079,Female,No,No,No,2,Yes,No,Fiber optic,No,No,No,No,Yes,Yes,Month-to-month,Yes,Electronic check,90.4,168.2,Yes,1,76,4157,Don't know,0.7896845963507046,1,High,2,New High-Risk,-2.07780133824476,-2.5729724543799444,High Risk,3282.718867029879,3282.718867029879,0.9433480051114582,Critical,400
3519-ZKXGG,1,United States,California,San Francisco,94123,"37.800254, -122.436975",37.800254,-122.436975,Female,No,Yes,No,3,Yes,Yes,Fiber optic,No,No,No,No,No,No,Month-to-month,Yes,Electronic check,75.85,256.6,Yes,1,79,4062,Competitor offered more data,0.8077103917149412,1,High,2,New High-Risk,-2.2437640216714243,-2.7041414261222605,High Risk,3280.919611146091,3280.919611146091,0.9432060201618628,Critical,401
3138-BKYAV,1,United States,California,Kerman,93630,"36.727418, -120.123526",36.727418,-120.123526,Male,No,No,No,6,Yes,No,Fiber optic,No,Yes,No,No,Yes,No,Month-to-month,Yes,Electronic check,85.35,489.45,Yes,1,75,4694,Attitude of service provider,0.69873642316021,1,Medium,2,New High-Risk,-1.9683318898526208,-2.451767594905299,Standard,3279.868770314026,3279.868770314026,0.9430640352122674,Critical,402
0378-TOVMS,1,United States,California,Vernalis,95385,"37.609095, -121.263381",37.609095,-121.263381,Female,No,No,No,3,Yes,No,Fiber optic,No,No,No,Yes,No,Yes,Month-to-month,No,Electronic check,85.8,272.2,Yes,1,89,5641,Extra data charges,0.5814194022725321,1,Medium,2,New High-Risk,-1.3594715940742668,-2.3092539530907508,Standard,3279.7868482193535,3279.7868482193535,0.9429220502626722,Critical,403
5276-KQWHG,1,United States,California,Woody,93287,"35.710244, -118.881679",35.710244,-118.881679,Female,Yes,No,No,2,Yes,No,Fiber optic,No,No,No,No,No,No,Month-to-month,Yes,Electronic check,69.6,131.65,Yes,1,74,4596,Extra data charges,0.7128651550134312,1,High,2,New High-Risk,-2.2066033204181976,-4.216959454050349,High Risk,3276.3282524417295,3276.3282524417295,0.9427800653130768,Critical,404
1010-DIAUQ,1,United States,California,San Diego,92116,"32.765299, -117.122565",32.765299,-117.122565,Male,No,No,No,5,Yes,No,Fiber optic,No,No,Yes,No,Yes,Yes,Month-to-month,No,Bank transfer (automatic),96.5,492.55,Yes,1,98,5383,Price too high,0.608484350991736,1,Medium,2,New High-Risk,-1.4096446737490358,-0.931584096539824,Standard,3275.471261388515,3275.471261388515,0.9426380803634815,Critical,405
2845-AFFTX,1,United States,California,Westport,95488,"39.724433, -123.767578",39.724433,-123.767578,Male,Yes,Yes,No,41,Yes,Yes,Fiber optic,No,No,Yes,No,Yes,Yes,Month-to-month,Yes,Electronic check,99.8,4259.3,Yes,1,76,4726,Product dissatisfaction,0.6923880113525884,1,Medium,0,Established High-Value,-3.238394129097422,0.7866447175902913,Standard,3272.225741652333,3272.225741652333,0.9424960954138861,Critical,406
7120-RFMVS,1,United States,California,Isleton,95641,"38.154823, -121.601358",38.154823,-121.601358,Male,No,No,No,1,Yes,Yes,Fiber optic,No,No,No,No,Yes,No,Month-to-month,No,Electronic check,84.5,84.5,Yes,1,73,4340,Price too high,0.7537601729723393,1,High,2,New High-Risk,-1.8670701835541084,-2.7242554030960164,High Risk,3271.319150699953,3271.319150699953,0.9423541104642907,Critical,407
4369-HTUIF,1,United States,California,Pismo Beach,93449,"35.165668, -120.655842",35.165668,-120.655842,Male,Yes,No,No,6,Yes,No,Fiber optic,Yes,No,No,No,Yes,No,Month-to-month,Yes,Bank transfer (automatic),85.15,503.6,Yes,1,90,5831,Attitude of service provider,0.5605527449083694,1,Medium,2,New High-Risk,-2.0675142428681976,-1.9768303656472388,Standard,3268.5830555607017,3268.5830555607017,0.9422121255146955,Critical,408
1028-FFNJK,1,United States,California,Burbank,91504,"34.213049, -118.317651",34.213049,-118.317651,Male,Yes,Yes,No,30,Yes,Yes,Fiber optic,No,No,No,Yes,Yes,Yes,Month-to-month,Yes,Electronic check,101.5,2917.65,No,0,73,4828,Attitude of support person,0.6769684788128468,1,Medium,2,New High-Risk,-3.061754270629622,0.3936770418920624,Standard,3268.4038157084246,3268.4038157084246,0.9420701405651001,Critical,409
4713-LZDRV,1,United States,California,Malibu,90263,"34.037037, -118.705803",34.037037,-118.705803,Female,Yes,No,No,2,Yes,No,Fiber optic,No,No,No,No,No,Yes,Month-to-month,Yes,Electronic check,79.6,195.05,Yes,1,94,4322,Long distance charges,0.756101950191838,1,High,2,New High-Risk,-2.3579231410025843,-3.452195230845498,High Risk,3267.872628729124,3267.872628729124,0.9419281556155048,Critical,410
1335-NTIUC,1,United States,California,Pacoima,91331,"34.255442, -118.421314",34.255442,-118.421314,Male,No,No,No,9,No,No phone service,DSL,No,No,No,No,No,No,Month-to-month,Yes,Electronic check,24.95,190.25,No,0,24,5473,Attitude of support person,0.59685632201318,1,Medium,3,Mid-Tenure Moderate-Risk,-1.9424365624936148,-4.343133409767062,Standard,3266.594650378134,3266.594650378134,0.9417861706659094,Critical,411
4603-JANFB,1,United States,California,Glencoe,95232,"38.358464, -120.579304",38.358464,-120.579304,Male,No,No,No,1,Yes,No,Fiber optic,No,No,No,No,No,No,Month-to-month,Yes,Electronic check,69.85,69.85,Yes,1,97,4548,Poor expertise of online support,0.7180471909297844,1,High,2,New High-Risk,-1.7738032052601829,-4.129807895293125,High Risk,3265.6786243486595,3265.6786243486595,0.941644185716314,Critical,412
0375-HVGXO,1,United States,California,Los Angeles,90045,"33.954017, -118.402447",33.954017,-118.402447,Female,No,No,No,1,No,No phone service,DSL,No,No,No,No,Yes,No,Month-to-month,Yes,Electronic check,34.7,34.7,Yes,1,81,4476,Don't know,0.7290416035271596,1,High,3,Mid-Tenure Moderate-Risk,-2.064772578962219,-3.8171962104983455,High Risk,3263.1902173875665,3263.1902173875665,0.9415022007667188,Critical,413
7979-CORPM,1,United States,California,Oakdale,95361,"37.785033, -120.776141",37.785033,-120.776141,Male,No,No,No,24,Yes,Yes,Fiber optic,No,Yes,No,No,Yes,No,Month-to-month,Yes,Credit card (automatic),90.55,2282.55,Yes,1,67,5927,Don't know,0.550173091197799,1,Medium,2,New High-Risk,-2.319867073670199,-0.6920062105161131,Standard,3260.8759115293547,3260.8759115293547,0.9413602158171234,Critical,414
4060-LDNLU,1,United States,California,Diamond Bar,91765,"33.992416, -117.807874",33.992416,-117.807874,Male,No,No,No,7,Yes,Yes,Fiber optic,No,No,No,No,Yes,Yes,Month-to-month,No,Electronic check,96.2,639.7,No,0,38,4329,Attitude of support person,0.7530906376943433,1,High,2,New High-Risk,-2.066000183239101,-1.7662493070566945,High Risk,3260.129370578812,3260.129370578812,0.9412182308675281,Critical,415
0511-JTEOY,1,United States,California,Canyon Dam,95923,"40.171312, -121.120605",40.171312,-121.120605,Female,No,No,No,1,Yes,No,Fiber optic,No,No,No,No,No,No,Month-to-month,No,Mailed check,71.1,71.1,Yes,1,98,5824,Competitor made better offer,0.5594996573961631,1,Medium,2,New High-Risk,-0.7885576648970153,-3.860722628721232,Standard,3258.526004675254,3258.526004675254,0.9410762459179327,Critical,416
8785-CJSHH,1,United States,California,West Sacramento,95691,"38.627951, -121.593287",38.627951,-121.593287,Female,No,Yes,No,60,Yes,Yes,Fiber optic,No,Yes,No,No,Yes,Yes,Month-to-month,Yes,Electronic check,99.8,5985.75,No,0,38,6213,Attitude of support person,0.5241588502616565,1,Medium,0,Established High-Value,-2.925552851571484,1.4800996307897922,Standard,3256.598936675672,3256.598936675672,0.9409342609683373,Critical,417
4039-HEUNW,1,United States,California,Irvine,92620,"33.716136, -117.752574",33.716136,-117.752574,Male,Yes,Yes,No,36,Yes,Yes,Fiber optic,No,Yes,No,No,Yes,Yes,Month-to-month,Yes,Electronic check,96.5,3436.1,Yes,1,82,4652,Lack of affordable download/upload speed,0.6997941104968916,1,Medium,2,New High-Risk,-3.1579927642611283,0.4600731591708052,Standard,3255.4422020315396,3255.4422020315396,0.940792276018742,Critical,418
4548-SDBKE,1,United States,California,Fresno,93711,"36.833002, -119.82947",36.833002,-119.82947,Female,No,No,No,5,Yes,Yes,Fiber optic,No,No,No,No,Yes,No,Month-to-month,Yes,Electronic check,85.2,474.8,Yes,1,87,4109,Attitude of service provider,0.7914998767379656,1,High,2,New High-Risk,-2.399727042452368,-2.682552446448605,High Risk,3252.2729935163006,3252.2729935163006,0.9406502910691467,Critical,419
7503-ZGUZJ,1,United States,California,Riverside,92505,"33.920907, -117.489426",33.920907,-117.489426,Male,No,No,No,1,Yes,Yes,Fiber optic,No,No,No,No,Yes,No,Month-to-month,Yes,Mailed check,84.65,84.65,Yes,1,79,4261,Lack of self-service on Website,0.7631997651253947,1,High,2,New High-Risk,-1.8712426562138789,-2.717921729353286,High Risk,3251.994199199307,3251.994199199307,0.9405083061195513,Critical,420
4367-NHWMM,1,United States,California,Corte Madera,94925,"37.924014, -122.511694",37.924014,-122.511694,Female,No,No,No,1,No,No phone service,DSL,No,No,No,No,No,No,Month-to-month,Yes,Mailed check,24.9,24.9,No,0,61,5318,Attitude of support person,0.6102473779689706,1,Medium,3,Mid-Tenure Moderate-Risk,-1.4249873756804967,-4.438015062716644,Standard,3245.2955560389855,3245.2955560389855,0.940366321169956,Critical,421
4855-SNKMY,1,United States,California,Los Angeles,90024,"34.066303, -118.435479",34.066303,-118.435479,Female,No,No,No,1,Yes,No,DSL,No,No,No,No,No,No,Month-to-month,Yes,Electronic check,44.1,44.1,Yes,1,70,5955,Competitor made better offer,0.5446975348645622,1,Medium,2,New High-Risk,-1.4077977167376534,-4.1336797499043145,Standard,3243.6738201184676,3243.6738201184676,0.9402243362203606,Critical,422
3902-FOIGH,1,United States,California,Doyle,96109,"40.012675, -120.101857",40.012675,-120.101857,Male,Yes,Yes,No,12,Yes,Yes,Fiber optic,No,Yes,No,No,Yes,Yes,Month-to-month,Yes,Electronic check,101.35,1218.55,Yes,1,68,3967,Product dissatisfaction,0.8176016759784753,1,High,2,New High-Risk,-3.049875499195929,-0.2489301215546432,High Risk,3243.4258486066115,3243.4258486066115,0.9400823512707653,Critical,423
8778-LMWTJ,1,United States,California,River Pines,95675,"38.545775, -120.743325",38.545775,-120.743325,Female,No,No,No,9,Yes,No,Fiber optic,Yes,No,No,No,No,No,Month-to-month,Yes,Electronic check,74.85,708.2,No,0,66,5770,Attitude of support person,0.5620574074751133,1,Medium,2,New High-Risk,-1.7235482752311482,-3.07769020266403,Standard,3243.071241131404,3243.071241131404,0.93994036632117,Critical,424
7153-OANIO,1,United States,California,Mendocino,95460,"39.305545, -123.743697",39.305545,-123.743697,Male,No,No,No,1,Yes,No,Fiber optic,No,No,No,No,No,No,Month-to-month,No,Electronic check,69.95,69.95,Yes,1,79,5066,Moved,0.6399676041788529,1,Medium,2,New High-Risk,-1.2743950015352572,-4.020965303983989,Standard,3242.075882770069,3242.075882770069,0.9397983813715746,Critical,425
0781-LKXBR,1,United States,California,San Francisco,94102,"37.7795, -122.419233",37.7795,-122.419233,Male,Yes,No,No,9,Yes,Yes,Fiber optic,No,No,Yes,No,Yes,Yes,Month-to-month,Yes,Electronic check,100.5,918.6,Yes,1,70,4038,Price too high,0.802682904718442,1,High,2,New High-Risk,-3.0290408233556,-1.036454041842702,High Risk,3241.2335692530687,3241.2335692530687,0.9396563964219793,Critical,426
8010-EZLOU,1,United States,California,San Marino,91108,"34.122671, -118.112911",34.122671,-118.112911,Male,Yes,No,No,15,Yes,Yes,Fiber optic,No,Yes,No,No,No,No,Month-to-month,Yes,Electronic check,80.2,1217.25,Yes,1,76,4958,Competitor offered higher download speeds,0.6537048417331449,1,Medium,2,New High-Risk,-2.754637450191259,-2.489097110758225,Standard,3241.0686053129325,3241.0686053129325,0.9395144114723839,Critical,427
5293-WXJAK,1,United States,California,San Jose,95135,"37.28682, -121.723877",37.28682,-121.723877,Female,Yes,Yes,No,11,Yes,Yes,Fiber optic,No,No,Yes,Yes,Yes,Yes,Month-to-month,Yes,Bank transfer (automatic),104.05,1133.65,Yes,1,82,4553,Competitor offered more data,0.7118189913272291,1,High,0,Established High-Value,-2.723867006742933,1.1843663822719663,High Risk,3240.9118675128743,3240.9118675128743,0.9393724265227886,Critical,428
0921-OHLVP,1,United States,California,Paradise,95969,"39.69676, -121.644379",39.69676,-121.644379,Male,No,No,No,22,Yes,Yes,Fiber optic,No,No,No,No,No,Yes,Month-to-month,No,Electronic check,83.05,1799.3,No,0,59,5357,Attitude of support person,0.6049521754806302,1,Medium,2,New High-Risk,-1.977831855311077,-2.065048656534059,Standard,3240.728804049736,3240.728804049736,0.9392304415731932,Critical,429
1447-GIQMR,1,United States,California,Los Angeles,90062,"34.003553, -118.308933",34.003553,-118.308933,Male,No,Yes,No,1,Yes,No,Fiber optic,No,No,No,No,No,No,Month-to-month,Yes,Electronic check,69.15,69.15,Yes,1,87,4179,Competitor offered more data,0.7749451213817825,1,High,2,New High-Risk,-1.7647972159973146,-3.354523250786294,High Risk,3238.495662254469,3238.495662254469,0.9390884566235979,Critical,430
3916-NRPAP,1,United States,California,Escalon,95320,"37.818543, -121.006907",37.818543,-121.006907,Male,No,No,No,3,Yes,No,Fiber optic,No,No,Yes,No,No,Yes,Month-to-month,No,Credit card (automatic),85.7,256.75,No,0,33,5806,Attitude of support person,0.5577238388739574,1,Medium,2,New High-Risk,-1.2401949461143276,-1.721937914770636,Standard,3238.1446085021967,3238.1446085021967,0.9389464716740026,Critical,431
3422-LYEPQ,1,United States,California,Carmel By The Sea,93921,"36.554618, -121.922239",36.554618,-121.922239,Male,No,Yes,No,1,Yes,No,Fiber optic,No,No,No,No,No,No,Month-to-month,Yes,Electronic check,71.0,71.0,Yes,1,89,4207,Attitude of support person,0.7696222034369219,1,High,2,New High-Risk,-1.7799664368178931,-3.3423128004740468,High Risk,3237.8006098591304,3237.8006098591304,0.9388044867244072,Critical,432
7341-LXCAF,1,United States,California,Berkeley,94705,"37.858898, -122.240512",37.858898,-122.240512,Male,No,Yes,No,4,Yes,Yes,Fiber optic,No,No,No,No,No,No,Month-to-month,Yes,Electronic check,74.65,301.4,Yes,1,87,4013,Product dissatisfaction,0.8064719824921545,1,High,2,New High-Risk,-2.2371013752746096,-2.6958306211114973,High Risk,3236.372065741016,3236.372065741016,0.9386625017748119,Critical,433
0256-LTHVJ,1,United States,California,Ludlow,92338,"34.702766, -116.093376",34.702766,-116.093376,Female,No,Yes,No,28,Yes,No,Fiber optic,No,No,No,No,No,Yes,Month-to-month,Yes,Electronic check,81.05,2227.1,Yes,1,98,5201,Competitor had better devices,0.6221272764818947,1,Medium,2,New High-Risk,-2.078307832187136,-1.748642067766923,Standard,3235.683964982334,3235.683964982334,0.9385205168252165,Critical,434
0746-JTRFU,1,United States,California,Kingsburg,93631,"36.478239, -119.52137",36.478239,-119.52137,Male,No,No,No,2,No,No phone service,DSL,No,No,No,No,No,No,Month-to-month,Yes,Electronic check,25.05,56.35,Yes,1,77,4810,Product dissatisfaction,0.6723839239980028,1,Medium,3,Mid-Tenure Moderate-Risk,-1.925576059265962,-4.5420813551675705,Standard,3234.166674430394,3234.166674430394,0.9383785318756211,Critical,435
2446-PLQVO,1,United States,California,Santa Clarita,91350,"34.502432, -118.41459",34.502432,-118.41459,Male,No,No,No,1,Yes,No,Fiber optic,No,No,No,No,No,No,Month-to-month,Yes,Electronic check,70.3,70.3,Yes,1,78,4512,Don't know,0.7165541888522869,1,High,2,New High-Risk,-1.777210005091618,-4.132322862911964,High Risk,3233.092500101519,3233.092500101519,0.9382365469260259,Critical,436
0447-RXSGD,1,United States,California,Monterey,93940,"36.362741, -121.869685",36.362741,-121.869685,Male,No,No,No,24,Yes,Yes,Fiber optic,No,Yes,No,No,Yes,Yes,Month-to-month,Yes,Bank transfer (automatic),99.65,2404.85,No,0,47,5207,Attitude of support person,0.6204933967994648,1,Medium,2,New High-Risk,-2.4691047770668355,0.0140433425576412,Standard,3230.909117134813,3230.909117134813,0.9380945619764305,Critical,437
6778-YSNIH,1,United States,California,Riverside,92501,"33.994676, -117.372498",33.994676,-117.372498,Female,No,No,No,2,Yes,No,DSL,No,Yes,No,No,Yes,No,Month-to-month,Yes,Electronic check,59.0,114.15,No,0,33,5810,Attitude of support person,0.5554096446656255,1,Medium,2,New High-Risk,-1.5729150489046786,-2.5999689768794725,Standard,3226.930035507284,3226.930035507284,0.9379525770268352,Critical,438
1723-HKXJQ,1,United States,California,San Diego,92120,"32.807867, -117.060993",32.807867,-117.060993,Male,No,No,No,42,Yes,Yes,Fiber optic,No,Yes,No,No,Yes,Yes,Month-to-month,Yes,Electronic check,101.75,4273.45,Yes,1,66,5545,Don't know,0.5811007581579214,1,Medium,2,New High-Risk,-2.82805501939301,0.088127597225719,Standard,3222.203703985674,3222.203703985674,0.9378105920772398,Critical,439
0727-IWKVK,1,United States,California,Yermo,92398,"35.013299, -116.834092",35.013299,-116.834092,Male,No,Yes,No,9,Yes,No,Fiber optic,No,Yes,Yes,No,No,No,Month-to-month,Yes,Electronic check,79.9,741.7,Yes,1,100,4748,Extra data charges,0.6785707259082084,1,Medium,2,New High-Risk,-1.8539976775188,-1.4703466676357797,Standard,3221.8538066121737,3221.8538066121737,0.9376686071276444,Critical,440
5349-IECLD,1,United States,California,San Jose,95111,"37.284265, -121.827673",37.284265,-121.827673,Male,No,No,No,2,Yes,No,Fiber optic,No,No,Yes,No,Yes,Yes,Month-to-month,No,Electronic check,94.95,178.1,Yes,1,87,4493,Long distance charges,0.7161919283059408,1,High,2,New High-Risk,-1.5929402848188174,-1.628693026478164,High Risk,3217.850333878592,3217.850333878592,0.9375266221780492,Critical,441
4277-PVRAN,1,United States,California,Daly City,94014,"37.691561, -122.445202",37.691561,-122.445202,Female,No,No,No,8,Yes,No,Fiber optic,No,No,No,No,Yes,No,Month-to-month,Yes,Bank transfer (automatic),80.1,679.3,Yes,1,67,5071,Network reliability,0.6344406179476468,1,Medium,2,New High-Risk,-1.7435303907252513,-2.603068235355554,Standard,3217.2483736125173,3217.2483736125173,0.9373846372284538,Critical,442
2034-CGRHZ,1,United States,California,San Francisco,94104,"37.791222, -122.402241",37.791222,-122.402241,Male,Yes,No,No,24,Yes,Yes,Fiber optic,No,Yes,Yes,No,Yes,Yes,Month-to-month,Yes,Credit card (automatic),102.95,2496.7,Yes,1,66,5245,Competitor offered higher download speeds,0.6127306555266084,1,Medium,0,Established High-Value,-2.9057704846231003,0.7754671765593798,Standard,3213.7722882370613,3213.7722882370613,0.9372426522788584,Critical,443
5229-PRWKT,1,United States,California,Lompoc,93437,"34.757477, -120.550507",34.757477,-120.550507,Male,No,No,No,8,Yes,Yes,Fiber optic,No,No,No,No,No,Yes,Month-to-month,Yes,Electronic check,86.55,649.65,Yes,1,80,4193,Attitude of service provider,0.7660947837542027,1,High,2,New High-Risk,-2.4266933059786617,-2.595029308387645,High Risk,3212.235428281372,3212.235428281372,0.9371006673292631,Critical,444
5628-FCGYG,1,United States,California,Riverside,92509,"34.004379, -117.447864",34.004379,-117.447864,Male,No,No,No,21,Yes,Yes,Fiber optic,No,No,No,No,No,Yes,Month-to-month,Yes,Electronic check,84.1,1737.45,No,0,69,4649,Attitude of support person,0.6908415290366455,1,Medium,2,New High-Risk,-2.480984901460076,-2.215466435856212,Standard,3211.722268491365,3211.722268491365,0.9369586823796677,Critical,445
5605-IYGFG,1,United States,California,Thousand Palms,92276,"33.849263, -116.382778",33.849263,-116.382778,Female,No,No,No,7,Yes,No,Fiber optic,No,No,No,No,No,No,Month-to-month,Yes,Bank transfer (automatic),69.85,515.45,No,0,51,5501,Attitude of support person,0.5837513991600507,1,Medium,2,New High-Risk,-1.5882193783991885,-3.372061110739524,Standard,3211.2164467794387,3211.2164467794387,0.9368166974300725,Critical,446
3765-JXVKY,1,United States,California,Paynes Creek,96075,"40.343213, -121.815412",40.343213,-121.815412,Female,No,No,No,1,Yes,No,Fiber optic,No,Yes,No,No,No,No,Month-to-month,Yes,Electronic check,74.7,74.7,Yes,1,75,4692,Competitor offered more data,0.6835762726920231,1,Medium,2,New High-Risk,-1.7897316622629778,-3.3681851907214995,Standard,3207.3398714709724,3207.3398714709724,0.9366747124804771,Critical,447
3420-ZDBMA,1,United States,California,Brea,92821,"33.930199, -117.862898",33.930199,-117.862898,Male,Yes,No,No,5,Yes,No,Fiber optic,No,No,No,No,No,No,Month-to-month,Yes,Mailed check,71.45,371.6,No,0,36,5171,Attitude of support person,0.6196281247465438,1,Medium,2,New High-Risk,-1.740893437308196,-4.00208089349567,Standard,3204.097033064378,3204.097033064378,0.9365327275308817,Critical,448
7969-AULMZ,1,United States,California,San Francisco,94104,"37.791222, -122.402241",37.791222,-122.402241,Female,No,No,No,21,Yes,Yes,Fiber optic,No,No,No,No,Yes,Yes,Month-to-month,Yes,Electronic check,97.35,2119.5,Yes,1,89,4321,Moved,0.741501380144067,1,High,2,New High-Risk,-2.6723060607786144,-1.402359262253167,High Risk,3204.0274636025133,3204.0274636025133,0.9363907425812864,Critical,449
5244-IRFIH,1,United States,California,Los Alamos,93440,"34.758699, -120.275839",34.758699,-120.275839,Male,Yes,Yes,No,33,Yes,Yes,Fiber optic,No,No,No,No,Yes,Yes,Month-to-month,Yes,Electronic check,94.5,3105.55,Yes,1,96,4333,Competitor made better offer,0.7371602306187938,1,High,2,New High-Risk,-3.143330772508005,-0.3984041833049922,High Risk,3194.1152792712332,3194.1152792712332,0.936248757631691,Critical,450
5261-QSHQM,1,United States,California,Maricopa,93252,"34.737031, -119.460557",34.737031,-119.460557,Female,No,No,No,4,No,No phone service,DSL,No,No,No,No,No,No,Month-to-month,Yes,Electronic check,24.45,86.6,Yes,1,70,4909,Product dissatisfaction,0.6502271801253391,1,Medium,3,Mid-Tenure Moderate-Risk,-1.924756803191335,-4.500548856125184,Standard,3191.9652272352896,3191.9652272352896,0.9361067726820957,Critical,451
1925-TIBLE,1,United States,California,Los Angeles,90049,"34.091829, -118.491244",34.091829,-118.491244,Female,No,Yes,No,7,Yes,Yes,Fiber optic,No,No,No,No,Yes,No,Month-to-month,Yes,Electronic check,86.5,582.5,Yes,1,74,3887,Competitor offered higher download speeds,0.8211691611594989,1,High,2,New High-Risk,-2.4154481629701148,-1.8366938680362148,High Risk,3191.884529426972,3191.884529426972,0.9359647877325004,Critical,452
1452-VOQCH,1,United States,California,Hinkley,92347,"34.983808, -117.239306",34.983808,-117.239306,Male,No,No,No,1,Yes,Yes,Fiber optic,No,No,No,No,No,No,Month-to-month,Yes,Electronic check,75.1,75.1,No,0,28,4120,Attitude of support person,0.7742896116058927,1,High,2,New High-Risk,-2.2273094320081697,-3.579050288427561,High Risk,3190.073199816278,3190.073199816278,0.935822802782905,Critical,453
6339-YPSAH,1,United States,California,Tehama,96090,"40.021787, -122.127576",40.021787,-122.127576,Male,No,No,No,9,Yes,No,Fiber optic,No,No,Yes,No,No,No,Month-to-month,Yes,Electronic check,73.8,704.3,No,0,52,4895,Attitude of support person,0.6506076856468684,1,Medium,2,New High-Risk,-1.8290377703099343,-3.0307998366644022,Standard,3184.724621241421,3184.724621241421,0.9356808178333097,Critical,454
8695-ARGXZ,1,United States,California,Fresno,93722,"36.78979, -119.929894",36.78979,-119.929894,Male,Yes,Yes,No,34,Yes,Yes,Fiber optic,No,No,No,No,No,No,Month-to-month,Yes,Electronic check,75.55,2425.4,No,0,22,5381,Attitude of support person,0.5918082677177365,1,Medium,2,New High-Risk,-2.826115116957086,-1.9195459268486432,Standard,3184.5202885891404,3184.5202885891404,0.9355388328837143,Critical,455
9432-VOFYX,1,United States,California,Delano,93215,"35.772244, -119.209689",35.772244,-119.209689,Male,No,No,No,17,Yes,No,Fiber optic,No,No,No,No,No,No,Month-to-month,Yes,Electronic check,70.8,1207.0,No,0,56,5420,Attitude of support person,0.5874916150906044,1,Medium,2,New High-Risk,-1.863444302352883,-3.633676919570051,Standard,3184.2045537910763,3184.2045537910763,0.935396847934119,Critical,456
8111-SLLHI,1,United States,California,San Jose,95128,"37.316146, -121.936285",37.316146,-121.936285,Male,Yes,Yes,No,39,Yes,Yes,Fiber optic,No,Yes,Yes,No,Yes,Yes,Month-to-month,Yes,Electronic check,105.65,4284.8,Yes,1,96,4687,Competitor offered higher download speeds,0.6792671716627227,1,Medium,0,Established High-Value,-3.2606139020594096,1.5050377825597916,Standard,3183.7252335831813,3183.7252335831813,0.9352548629845236,Critical,457
6956-SMUCM,1,United States,California,Miranda,95553,"40.210895, -123.86",40.210895,-123.86,Female,No,No,No,3,Yes,No,Fiber optic,Yes,No,Yes,No,Yes,Yes,Month-to-month,Yes,Credit card (automatic),99.0,287.4,Yes,1,77,5236,Competitor offered higher download speeds,0.6079640903260567,1,Medium,2,New High-Risk,-1.7740405015686191,-0.3587738134125825,Standard,3183.299976947233,3183.299976947233,0.9351128780349283,Critical,458
1731-TVIUK,1,United States,California,Tipton,93272,"36.047414, -119.344304",36.047414,-119.344304,Female,No,No,No,4,Yes,Yes,Fiber optic,No,Yes,No,Yes,No,Yes,Month-to-month,Yes,Electronic check,93.5,362.2,Yes,1,73,4554,Limited range of services,0.6983918327020203,1,Medium,2,New High-Risk,-2.3131859512138493,-1.1275937585767946,Standard,3180.4764061250007,3180.4764061250007,0.934970893085333,Critical,459
7493-TPUWZ,1,United States,California,Diamond Springs,95619,"38.683605, -120.811852",38.683605,-120.811852,Male,No,No,No,1,Yes,Yes,Fiber optic,No,Yes,No,No,No,No,Month-to-month,Yes,Electronic check,79.15,79.15,Yes,1,85,4243,Lack of self-service on Website,0.7492416825734123,1,High,2,New High-Risk,-2.236619444072076,-2.823847040191457,High Risk,3179.0324591589883,3179.0324591589883,0.9348289081357376,Critical,460
8224-DWCKX,1,United States,California,Burlingame,94010,"37.57028, -122.365778",37.57028,-122.365778,Male,Yes,No,No,12,Yes,Yes,Fiber optic,No,No,No,No,No,No,Month-to-month,Yes,Credit card (automatic),73.3,828.05,No,0,38,5159,Attitude of support person,0.6160611331653165,1,Medium,2,New High-Risk,-2.4743736215454897,-2.815181498153044,Standard,3178.259385999868,3178.259385999868,0.9346869231861422,Critical,461
7005-CCBKV,1,United States,California,Thornton,95686,"38.157794, -121.520223",38.157794,-121.520223,Male,No,No,No,6,Yes,No,Fiber optic,No,Yes,No,No,No,Yes,Month-to-month,Yes,Electronic check,84.4,556.35,Yes,1,77,4539,Service dissatisfaction,0.7001342965064254,1,High,2,New High-Risk,-1.9667328453315585,-2.4615201401360465,High Risk,3177.909571842665,3177.909571842665,0.9345449382365469,Critical,462
4291-SHSBH,1,United States,California,Modesto,95354,"37.639029, -120.964772",37.639029,-120.964772,Male,No,No,No,7,Yes,No,Fiber optic,No,No,No,No,No,No,Month-to-month,Yes,Electronic check,69.55,521.35,No,0,71,4704,Attitude of support person,0.675531004054434,1,Medium,2,New High-Risk,-1.80239286430238,-3.96505861474995,Standard,3177.6978430720574,3177.6978430720574,0.9344029532869516,Critical,463
2968-SSGAA,1,United States,California,San Francisco,94117,"37.770533, -122.445121",37.770533,-122.445121,Female,No,No,No,10,Yes,Yes,Fiber optic,No,No,Yes,No,Yes,Yes,Month-to-month,Yes,Electronic check,100.6,1060.2,Yes,1,77,4001,Competitor offered more data,0.7937008654740938,1,High,2,New High-Risk,-2.608017367330568,-0.8923220171506693,High Risk,3175.597162761849,3175.597162761849,0.9342609683373563,Critical,464
5666-CYCYZ,1,United States,California,Montebello,90640,"34.015217, -118.109962",34.015217,-118.109962,Female,No,No,No,24,Yes,Yes,Fiber optic,No,No,No,Yes,No,Yes,Month-to-month,Yes,Electronic check,89.55,2259.35,No,0,76,5352,Attitude of support person,0.5929186398498606,1,Medium,2,New High-Risk,-2.432544320189177,-1.2207905026103938,Standard,3173.300560476454,3173.300560476454,0.9341189833877609,Critical,465
8008-HAWED,1,United States,California,Los Angeles,90027,"34.127194, -118.295647",34.127194,-118.295647,Male,No,No,No,14,No,No phone service,DSL,No,No,Yes,No,Yes,Yes,Month-to-month,Yes,Electronic check,50.75,712.75,Yes,1,82,4883,Competitor had better devices,0.649562445391499,1,Medium,3,Mid-Tenure Moderate-Risk,-2.293542856423099,-1.835850132223788,Standard,3171.8134208466895,3171.8134208466895,0.9339769984381655,Critical,466
5561-NWEVX,1,United States,California,Hermosa Beach,90254,"33.86532, -118.396336",33.86532,-118.396336,Female,Yes,Yes,No,2,Yes,Yes,Fiber optic,No,No,Yes,No,No,No,Month-to-month,No,Electronic check,79.2,172.85,Yes,1,67,4225,Price too high,0.7494806921723124,1,High,2,New High-Risk,-2.1723362069560173,-1.9290331110024908,High Risk,3166.55592442802,3166.55592442802,0.9338350134885702,Critical,467
6719-OXYBR,1,United States,California,California City,93505,"35.151491, -117.927597",35.151491,-117.927597,Male,No,No,No,15,Yes,No,Fiber optic,No,No,Yes,No,Yes,No,Month-to-month,No,Electronic check,85.3,1219.85,No,0,51,5559,Attitude of support person,0.5692165602682122,1,Medium,2,New High-Risk,-1.5216150791309493,-1.9557191325056,Standard,3164.274858530992,3164.274858530992,0.9336930285389748,Critical,468
5923-GXUOC,1,United States,California,Hayfork,96041,"40.547857, -123.187265",40.547857,-123.187265,Male,No,No,No,10,Yes,No,Fiber optic,Yes,Yes,Yes,No,Yes,Yes,Month-to-month,Yes,Electronic check,104.4,1081.45,Yes,1,84,5035,Competitor made better offer,0.6282997156355234,1,Medium,2,New High-Risk,-2.06795138371501,0.0727525531735245,Standard,3163.4890682248606,3163.4890682248606,0.9335510435893796,Critical,469
0611-DFXKO,1,United States,California,Comptche,95427,"39.239818, -123.565432",39.239818,-123.565432,Male,No,Yes,No,20,Yes,No,Fiber optic,No,No,No,No,Yes,Yes,Month-to-month,Yes,Mailed check,89.0,1820.45,Yes,1,78,4594,Service dissatisfaction,0.6884052193986175,1,Medium,2,New High-Risk,-1.6747190472789788,-1.1589096548757136,Standard,3162.533577917249,3162.533577917249,0.9334090586397842,Critical,470
7321-PKUYW,1,United States,California,Branscomb,95417,"39.710591, -123.682799",39.710591,-123.682799,Female,No,No,No,11,Yes,Yes,Fiber optic,No,No,No,Yes,Yes,No,Month-to-month,No,Electronic check,90.15,987.95,Yes,1,66,5250,Competitor offered higher download speeds,0.6021106320787234,1,Medium,2,New High-Risk,-1.8485589519427497,-1.552387846137432,Standard,3161.080818413298,3161.080818413298,0.9332670736901888,Critical,471
6599-RCLCJ,1,United States,California,Crescent City,95531,"41.701223, -124.003393",41.701223,-124.003393,Male,No,Yes,No,47,Yes,Yes,Fiber optic,No,Yes,Yes,Yes,Yes,Yes,Month-to-month,Yes,Electronic check,109.55,5124.55,Yes,1,90,5863,Don't know,0.5387360260506171,1,Medium,0,Established High-Value,-2.7943432415945084,2.7813568382292826,Standard,3158.609320734768,3158.609320734768,0.9331250887405935,Critical,472
0337-CNPZE,1,United States,California,Los Angeles,90033,"34.050198, -118.210946",34.050198,-118.210946,Female,No,No,No,41,Yes,Yes,Fiber optic,No,Yes,Yes,No,Yes,Yes,Month-to-month,Yes,Electronic check,106.3,4443.45,Yes,1,85,5383,Price too high,0.5861228805412881,1,Medium,0,Established High-Value,-2.8515401489546663,0.9357987447232956,Standard,3155.099465953754,3155.099465953754,0.9329831037909981,Critical,473
4741-WWJQZ,1,United States,California,Forestville,95436,"38.499302, -122.92444",38.499302,-122.92444,Female,No,Yes,No,2,Yes,No,Fiber optic,Yes,No,No,Yes,No,No,Month-to-month,Yes,Electronic check,80.15,194.55,No,0,26,5251,Attitude of support person,0.6007659894771791,1,Medium,2,New High-Risk,-1.5993488799826237,-1.6983235595220745,Standard,3154.6222107446674,3154.6222107446674,0.9328411188414029,Critical,474
7206-GZCDC,1,United States,California,Loleta,95551,"40.665952, -124.240051",40.665952,-124.240051,Female,Yes,No,No,1,Yes,No,Fiber optic,No,No,No,No,No,No,Month-to-month,Yes,Electronic check,69.25,69.25,Yes,1,75,4371,Competitor offered higher download speeds,0.7216002916814375,1,High,2,New High-Risk,-2.198014419697426,-4.26988937989289,High Risk,3154.1148749395634,3154.1148749395634,0.9326991338918075,Critical,475
1262-OPMFY,1,United States,California,Likely,96116,"41.266008, -120.490731",41.266008,-120.490731,Female,No,Yes,No,9,Yes,No,Fiber optic,No,No,Yes,No,No,No,Month-to-month,Yes,Bank transfer (automatic),75.75,655.9,Yes,1,96,5105,Competitor made better offer,0.6177423310877922,1,Medium,2,New High-Risk,-1.6210140017108747,-1.6857904839764322,Standard,3153.574600203179,3153.574600203179,0.9325571489422121,Critical,476
4112-LUEIZ,1,United States,California,La Palma,90623,"33.850504, -118.039892",33.850504,-118.039892,Male,No,No,No,10,Yes,No,Fiber optic,No,No,No,No,Yes,Yes,Month-to-month,Yes,Electronic check,89.5,863.1,Yes,1,84,4206,Lack of self-service on Website,0.7496344135021642,1,High,2,New High-Risk,-2.1159756053738548,-2.362690999563387,High Risk,3152.9623431901027,3152.9623431901027,0.9324151639926168,Critical,477
0644-OQMDK,1,United States,California,Merced,95348,"37.40122, -120.514191",37.40122,-120.514191,Male,Yes,No,No,4,Yes,No,Fiber optic,No,No,No,No,No,No,Month-to-month,Yes,Electronic check,70.65,293.85,No,0,34,4510,Attitude of support person,0.6982626604384553,1,Medium,2,New High-Risk,-2.225117729313165,-4.172859525530339,Standard,3149.1645985774335,3149.1645985774335,0.9322731790430214,Critical,478
0952-KMEEH,1,United States,California,Mountain View,94043,"37.419725, -122.062947",37.419725,-122.062947,Male,No,No,No,13,Yes,Yes,Fiber optic,Yes,No,No,No,Yes,Yes,Month-to-month,No,Mailed check,98.15,1230.25,Yes,1,98,5525,Long distance charges,0.5699174311550758,1,Medium,2,New High-Risk,-1.4865538393165127,-0.7075413008592552,Standard,3148.7938071317935,3148.7938071317935,0.9321311940934262,Critical,479
5027-QPKTE,1,United States,California,Modesto,95350,"37.671806, -121.007575",37.671806,-121.007575,Male,No,Yes,No,7,Yes,No,Fiber optic,No,No,No,No,No,No,Month-to-month,Yes,Electronic check,69.35,451.1,Yes,1,82,4292,Lack of affordable download/upload speed,0.7332545252002554,1,High,2,New High-Risk,-1.7932856836382116,-3.2029412079786965,High Risk,3147.128422159496,3147.128422159496,0.9319892091438308,Critical,480
4910-AQFFX,1,United States,California,Soulsbyville,95372,"37.990574, -120.261821",37.990574,-120.261821,Male,No,Yes,No,9,Yes,Yes,Fiber optic,No,No,Yes,No,No,No,Month-to-month,Yes,Bank transfer (automatic),79.35,661.25,Yes,1,93,4533,Network reliability,0.6939367559651978,1,Medium,2,New High-Risk,-2.0603006663772887,-1.1609239221538006,Standard,3145.6153147902414,3145.6153147902414,0.9318472241942354,Critical,481
9588-OZDMQ,1,United States,California,Tollhouse,93667,"36.993666, -119.348267",36.993666,-119.348267,Female,No,Yes,No,2,Yes,No,DSL,No,No,No,No,No,No,Month-to-month,Yes,Electronic check,45.0,89.75,No,0,60,5225,Attitude of support person,0.6019382290335396,1,Medium,2,New High-Risk,-1.4126762038126233,-3.377186106624407,Standard,3145.127246700244,3145.127246700244,0.9317052392446401,Critical,482
5519-NPHVG,1,United States,California,Klamath River,96050,"41.816595, -122.948287",41.816595,-122.948287,Female,No,No,No,12,Yes,Yes,Fiber optic,No,No,No,No,Yes,Yes,Month-to-month,Yes,Electronic check,94.2,1046.1,Yes,1,73,3975,Price too high,0.7904424454504528,1,High,2,New High-Risk,-2.577854501276113,-1.736586766453985,High Risk,3142.00872066555,3142.00872066555,0.9315632542950447,Critical,483
1902-XBTFB,1,United States,California,North Hollywood,91605,"34.207295, -118.400022",34.207295,-118.400022,Male,No,No,No,22,Yes,No,Fiber optic,No,Yes,Yes,No,Yes,No,Month-to-month,Yes,Electronic check,89.4,2001.5,Yes,1,99,5438,Lack of self-service on Website,0.5775126606132968,1,Medium,2,New High-Risk,-2.082170444592128,-1.0673213002637367,Standard,3140.513848415108,3140.513848415108,0.9314212693454493,Critical,484
0411-EZJZE,1,United States,California,Stockton,95215,"37.946282, -121.139499",37.946282,-121.139499,Female,No,No,No,3,Yes,Yes,DSL,No,No,No,No,Yes,No,Month-to-month,Yes,Electronic check,60.25,170.5,No,0,31,4830,Attitude of support person,0.6499594169097798,1,Medium,2,New High-Risk,-2.018563257347337,-2.8376668824386253,Standard,3139.3039836742364,3139.3039836742364,0.9312792843958541,Critical,485
0581-MDMPW,1,United States,California,San Jose,95148,"37.339533, -121.777179",37.339533,-121.777179,Female,No,No,No,24,Yes,Yes,Fiber optic,No,No,Yes,No,Yes,No,Month-to-month,Yes,Credit card (automatic),88.95,2072.75,No,0,37,5557,Attitude of support person,0.5646973211154297,1,Medium,2,New High-Risk,-2.2966877116499065,-0.6598729909682188,Standard,3138.023013438443,3138.023013438443,0.9311372994462587,Critical,486
2325-NBPZG,1,United States,California,Novato,94949,"38.067204, -122.524004",38.067204,-122.524004,Female,No,No,No,3,Yes,No,Fiber optic,Yes,No,No,No,No,No,Month-to-month,Yes,Electronic check,74.55,233.65,No,0,58,5125,Attitude of support person,0.6120234083707561,1,Medium,2,New High-Risk,-1.685627036995177,-3.3110897455026405,Standard,3136.6199679001247,3136.6199679001247,0.9309953144966634,Critical,487
7517-LDMPS,1,United States,California,Modesto,95356,"37.716186, -121.025836",37.716186,-121.025836,Female,No,No,No,12,Yes,No,Fiber optic,No,Yes,No,No,No,Yes,Month-to-month,Yes,Electronic check,84.6,1017.35,No,0,75,4807,Attitude of support person,0.6517960065106352,1,Medium,2,New High-Risk,-2.000609459530856,-2.2788071602151883,Standard,3133.1834032966235,3133.1834032966235,0.930853329547068,Critical,488
7903-CMPEY,1,United States,California,Corte Madera,94925,"37.924014, -122.511694",37.924014,-122.511694,Male,Yes,Yes,No,1,Yes,Yes,Fiber optic,Yes,No,No,No,No,No,Month-to-month,Yes,Electronic check,80.3,80.3,Yes,1,87,4138,Competitor had better devices,0.7571483659081406,1,High,2,New High-Risk,-2.5583664209258767,-2.168336774870206,High Risk,3133.0799381278857,3133.0799381278857,0.9307113445974726,Critical,489
4607-CHPCA,1,United States,California,San Martin,95046,"37.084697, -121.606417",37.084697,-121.606417,Male,No,Yes,No,25,Yes,No,Fiber optic,No,No,No,No,Yes,Yes,One year,Yes,Electronic check,90.4,2178.6,Yes,1,100,5801,Competitor made better offer,0.539966676219678,1,Medium,2,New High-Risk,-2.038342444017896,-0.1174591390546924,Standard,3132.346688750352,3132.346688750352,0.9305693596478773,Critical,490
2789-HQBOU,1,United States,California,Bakersfield,93306,"35.449881, -118.841442",35.449881,-118.841442,Male,No,No,No,3,Yes,No,Fiber optic,No,No,No,No,No,Yes,Month-to-month,Yes,Electronic check,80.35,253.8,No,0,51,4203,Attitude of support person,0.7451871813242994,1,High,2,New High-Risk,-1.937013176842847,-3.327445945897313,High Risk,3132.0217231060305,3132.0217231060305,0.930427374698282,Critical,491
0495-ZBNGW,1,United States,California,Loma Mar,94021,"37.266388, -122.26308",37.266388,-122.26308,Male,Yes,Yes,No,5,Yes,Yes,Fiber optic,No,No,Yes,No,No,No,Month-to-month,Yes,Bank transfer (automatic),79.9,343.95,Yes,1,90,4324,Competitor offered more data,0.7240444951646272,1,High,2,New High-Risk,-2.4727035649617224,-1.3995594673305487,High Risk,3130.768397091848,3130.768397091848,0.9302853897486867,Critical,492
0923-PNFUB,1,United States,California,Westlake Village,91361,"34.130992, -118.894673",34.130992,-118.894673,Female,No,No,No,3,Yes,No,Fiber optic,No,Yes,No,No,Yes,No,Month-to-month,No,Electronic check,83.75,247.25,Yes,1,65,4852,Attitude of support person,0.6447701495208434,1,Medium,2,New High-Risk,-1.4369690849923824,-2.472149579225382,Standard,3128.4247654751325,3128.4247654751325,0.9301434047990913,Critical,493
0259-GBZSH,1,United States,California,San Diego,92122,"32.85723, -117.209774",32.85723,-117.209774,Male,No,No,No,2,Yes,Yes,Fiber optic,No,No,No,No,Yes,No,Month-to-month,Yes,Electronic check,85.65,181.5,Yes,1,73,3878,Product dissatisfaction,0.8065989675449508,1,High,2,New High-Risk,-2.383105374381924,-2.792806441515788,High Risk,3127.990796139319,3127.990796139319,0.9300014198494959,Critical,494
1792-UXAFY,1,United States,California,San Jose,95110,"37.34667, -121.910019",37.34667,-121.910019,Female,Yes,No,No,17,Yes,No,Fiber optic,No,Yes,Yes,No,Yes,No,Month-to-month,Yes,Electronic check,89.15,1496.9,Yes,1,89,5082,Service dissatisfaction,0.6149144526714921,1,Medium,2,New High-Risk,-2.4759857733768915,-1.3687359872717682,Standard,3124.995248476523,3124.995248476523,0.9298594348999006,Critical,495
9822-OAOVB,1,United States,California,Santa Maria,93455,"34.818227, -120.418784",34.818227,-120.418784,Female,No,No,No,1,Yes,No,DSL,No,No,No,No,No,Yes,Month-to-month,Yes,Electronic check,55.45,55.45,No,0,45,5286,Attitude of support person,0.5908275241899559,1,Medium,2,New High-Risk,-1.5644930293561288,-3.420846243837056,Standard,3123.114292868107,3123.114292868107,0.9297174499503053,Critical,496
8739-WWKDU,1,United States,California,San Diego,92109,"32.787836, -117.232376",32.787836,-117.232376,Male,Yes,No,No,25,Yes,Yes,Fiber optic,No,Yes,No,No,Yes,No,Month-to-month,Yes,Electronic check,89.5,2196.15,Yes,1,90,4849,Attitude of service provider,0.6422637181747093,1,Medium,2,New High-Risk,-2.956992348627434,-1.4444438408230278,Standard,3114.3367694291655,3114.3367694291655,0.92957546500071,Critical,497
0772-GYEQQ,1,United States,California,Lodi,95240,"38.123544, -121.159078",38.123544,-121.159078,Male,No,No,No,3,Yes,No,Fiber optic,No,No,Yes,Yes,Yes,No,Month-to-month,Yes,Mailed check,88.35,262.05,Yes,1,93,5202,Competitor offered more data,0.5976895447371282,1,Medium,2,New High-Risk,-1.3560392272788524,-1.507278293190811,Standard,3109.181011722541,3109.181011722541,0.9294334800511146,Critical,498
9734-UYXQI,1,United States,California,Holtville,92250,"32.811001, -115.152865",32.811001,-115.152865,Female,No,No,No,2,Yes,Yes,DSL,No,No,No,No,No,No,Month-to-month,Yes,Electronic check,49.4,106.55,Yes,1,97,5115,Product dissatisfaction,0.6077613092990444,1,Medium,2,New High-Risk,-1.8629814776458635,-3.613703994907539,Standard,3108.699097064612,3108.699097064612,0.9292914951015192,Critical,499
7274-RTAPZ,1,United States,California,Long Beach,90804,"33.783047, -118.1486",33.783047,-118.1486,Male,No,No,No,1,Yes,No,Fiber optic,No,No,No,No,Yes,Yes,Month-to-month,Yes,Electronic check,90.55,90.55,Yes,1,89,3898,Product dissatisfaction,0.7970152918941192,1,High,2,New High-Risk,-2.072168050247394,-2.6301738457968216,High Risk,3106.765607803277,3106.765607803277,0.9291495101519239,Critical,500
1197-BVMVG,1,United States,California,Friant,93626,"37.027663, -119.69056",37.027663,-119.69056,Female,Yes,No,No,4,Yes,Yes,Fiber optic,No,No,No,No,No,No,Month-to-month,Yes,Electronic check,74.45,294.45,No,0,50,4093,Attitude of support person,0.7588928790207348,1,High,2,New High-Risk,-2.666775726556271,-3.6279074062254297,High Risk,3106.1485538318675,3106.1485538318675,0.9290075252023285,Critical,501
5419-KLXBN,1,United States,California,Palomar Mountain,92060,"33.309852, -116.823091",33.309852,-116.823091,Female,No,Yes,No,25,Yes,No,Fiber optic,No,Yes,Yes,No,Yes,No,Month-to-month,Yes,Bank transfer (automatic),89.15,2257.75,Yes,1,97,5853,Competitor offered higher download speeds,0.5303728627230964,1,Medium,2,New High-Risk,-1.877145404506259,0.378321886334666,Standard,3104.272365518283,3104.272365518283,0.9288655402527332,Critical,502
9606-PBKBQ,1,United States,California,Long Beach,90813,"33.781086, -118.199049",33.781086,-118.199049,Male,Yes,Yes,No,32,Yes,Yes,Fiber optic,No,No,No,No,No,Yes,Month-to-month,Yes,Electronic check,85.0,2642.05,Yes,1,94,4584,Attitude of support person,0.6767864816800971,1,Medium,2,New High-Risk,-2.976329293288222,-1.2296695448667303,Standard,3102.3892320215655,3102.3892320215655,0.9287235553031379,Critical,503
0093-EXYQL,1,United States,California,Ojai,93023,"34.581308, -118.931948",34.581308,-118.931948,Female,Yes,No,No,40,Yes,No,Fiber optic,No,No,No,No,Yes,Yes,Month-to-month,Yes,Electronic check,91.55,3673.6,No,0,59,5742,Attitude of support person,0.5402066598163647,1,Medium,2,New High-Risk,-2.753245060902121,-1.4617969583056252,Standard,3101.866640665566,3101.866640665566,0.9285815703535425,Critical,504
9250-WYPLL,1,United States,California,Whitethorn,95589,"40.053159, -123.995867",40.053159,-123.995867,Female,No,No,No,5,Yes,Yes,Fiber optic,No,No,No,No,No,No,Month-to-month,No,Electronic check,75.55,413.65,Yes,1,79,4600,Competitor made better offer,0.673636183824137,1,Medium,2,New High-Risk,-1.7525138604363977,-3.3707432238200496,Standard,3098.7264455910304,3098.7264455910304,0.9284395854039472,Critical,505
9851-KIELU,1,United States,California,Loma Mar,94021,"37.266388, -122.26308",37.266388,-122.26308,Male,No,No,No,10,Yes,No,Fiber optic,Yes,Yes,Yes,Yes,Yes,Yes,Month-to-month,Yes,Electronic check,110.1,1043.3,Yes,1,76,5803,Competitor made better offer,0.5336902612628834,1,Medium,0,Established High-Value,-1.988512702408649,0.9561594013053468,Standard,3097.0045861085127,3097.0045861085127,0.9282976004543518,Critical,506
9903-LYSAB,1,United States,California,Studio City,91604,"34.139082, -118.39275",34.139082,-118.39275,Male,No,Yes,No,18,Yes,Yes,Fiber optic,No,No,No,No,No,No,Month-to-month,Yes,Electronic check,73.15,1305.95,No,0,73,4283,Attitude of support person,0.7230196451415044,1,High,2,New High-Risk,-2.2940517180936126,-2.334053843964293,High Risk,3096.6931401410634,3096.6931401410634,0.9281556155047564,Critical,507
4229-CZMLL,1,United States,California,Salinas,93901,"36.64152, -121.622188",36.64152,-121.622188,Male,No,No,No,6,Yes,Yes,Fiber optic,No,No,No,No,No,No,Month-to-month,Yes,Electronic check,74.9,469.8,Yes,1,87,4160,Service dissatisfaction,0.7442283538697929,1,High,2,New High-Risk,-2.2519598207914244,-3.450433632106942,High Risk,3095.9899520983386,3095.9899520983386,0.9280136305551612,Critical,508
5889-JTMUL,1,United States,California,Castaic,91384,"34.506627, -118.699048",34.506627,-118.699048,Female,Yes,Yes,No,50,Yes,Yes,Fiber optic,No,Yes,Yes,No,Yes,No,Month-to-month,Yes,Electronic check,95.05,4888.7,Yes,1,92,5863,Price too high,0.5276558126482854,1,Medium,0,Established High-Value,-3.156521763664738,1.098133516978669,Standard,3093.6460295568972,3093.6460295568972,0.9278716456055658,Critical,509
2982-IHMFT,1,United States,California,Indian Wells,92210,"33.537646, -116.291089",33.537646,-116.291089,Female,Yes,No,No,1,Yes,Yes,Fiber optic,No,No,No,No,No,No,Month-to-month,Yes,Mailed check,74.45,74.45,Yes,1,67,4291,Price too high,0.7205481485710092,1,High,2,New High-Risk,-2.153253481738503,-3.6170130821458137,High Risk,3091.8721055182004,3091.8721055182004,0.9277296606559705,Critical,510
9552-TGUZV,1,United States,California,Upland,91784,"34.141146, -117.655583",34.141146,-117.655583,Male,No,Yes,No,8,Yes,No,Fiber optic,Yes,No,No,No,No,No,Month-to-month,Yes,Mailed check,75.0,658.1,No,0,80,5413,Attitude of support person,0.5711672073507138,1,Medium,2,New High-Risk,-1.2177281840008118,-2.2599296075268085,Standard,3091.728093389414,3091.728093389414,0.9275876757063751,Critical,511
8949-JTMAY,1,United States,California,Mc Kittrick,93251,"35.38381, -119.730885",35.38381,-119.730885,Female,No,No,No,29,Yes,Yes,Fiber optic,No,No,Yes,No,Yes,Yes,Month-to-month,Yes,Credit card (automatic),98.6,2933.2,Yes,1,72,5144,Attitude of support person,0.601014606508619,1,Medium,2,New High-Risk,-2.492477283330729,0.2672672354508713,Standard,3091.619135880336,3091.619135880336,0.9274456907567797,Critical,512
6986-IXNDM,1,United States,California,Three Rivers,93271,"36.413433, -118.854708",36.413433,-118.854708,Male,No,No,No,14,Yes,No,Fiber optic,No,No,No,No,Yes,Yes,Month-to-month,Yes,Electronic check,92.9,1337.45,No,0,38,4296,Attitude of support person,0.7193417685259982,1,High,2,New High-Risk,-2.173471152369465,-2.2136672855402173,High Risk,3090.2922375876883,3090.2922375876883,0.9273037058071845,Critical,513
4770-UEZOX,1,United States,California,Whitethorn,95589,"40.053159, -123.995867",40.053159,-123.995867,Male,No,No,No,2,Yes,No,Fiber optic,No,Yes,No,No,No,No,Month-to-month,Yes,Electronic check,74.75,144.8,No,0,34,4545,Attitude of support person,0.6785682935403236,1,Medium,2,New High-Risk,-1.7938731069661111,-3.363174860183668,Standard,3084.0928941407706,3084.0928941407706,0.9271617208575891,Critical,514
4587-NUKOX,1,United States,California,Walnut,91789,"34.018354, -117.85492",34.018354,-117.85492,Female,No,No,No,3,Yes,No,Fiber optic,Yes,Yes,No,No,No,No,Month-to-month,Yes,Electronic check,79.1,246.5,Yes,1,74,5339,Attitude of support person,0.5772195956224031,1,Medium,2,New High-Risk,-1.7000465395978437,-2.540713207735598,Standard,3081.77542102801,3081.77542102801,0.9270197359079938,Critical,515
2636-OHFMN,1,United States,California,Orosi,93647,"36.600185, -119.175655",36.600185,-119.175655,Male,No,Yes,No,4,No,No phone service,DSL,No,Yes,No,No,Yes,Yes,Month-to-month,Yes,Electronic check,48.55,201.0,Yes,1,97,3955,Long distance charges,0.7771466444201489,1,High,3,Mid-Tenure Moderate-Risk,-2.228431697775998,-1.4647491174291547,High Risk,3073.614978681689,3073.614978681689,0.9268777509583984,Critical,516
0004-TLHLJ,1,United States,California,Costa Mesa,92627,"33.645672, -117.922613",33.645672,-117.922613,Male,No,No,No,4,Yes,No,Fiber optic,No,No,Yes,No,No,No,Month-to-month,Yes,Electronic check,73.9,280.85,Yes,1,71,4479,Price too high,0.6860258670232589,1,Medium,2,New High-Risk,-1.7995103428948307,-3.2121423065135906,Standard,3072.7098583971765,3072.7098583971765,0.926735766008803,Critical,517
3754-DXMRT,1,United States,California,San Pablo,94806,"37.980269, -122.342635",37.980269,-122.342635,Male,Yes,No,No,2,Yes,No,DSL,No,No,No,No,No,No,Month-to-month,Yes,Electronic check,44.15,92.65,Yes,1,86,5655,Competitor offered higher download speeds,0.5430305454856676,1,Medium,2,New High-Risk,-1.8399792088984857,-4.265952115008193,Standard,3070.8377347214505,3070.8377347214505,0.9265937810592078,Critical,518
4086-YQSNZ,1,United States,California,Glencoe,95232,"38.358464, -120.579304",38.358464,-120.579304,Female,Yes,Yes,No,3,Yes,No,Fiber optic,No,No,No,No,Yes,No,Month-to-month,Yes,Electronic check,80.4,224.05,Yes,1,89,3834,Attitude of service provider,0.8002162957893342,1,High,2,New High-Risk,-2.359303015643544,-2.672381525505036,High Risk,3068.0292780563072,3068.0292780563072,0.9264517961096124,Critical,519
7852-LECYP,1,United States,California,Los Angeles,90019,"34.049841, -118.33846",34.049841,-118.33846,Male,Yes,Yes,No,13,Yes,Yes,Fiber optic,Yes,Yes,No,No,No,Yes,Month-to-month,No,Credit card (automatic),93.8,1261.0,No,0,43,5870,Attitude of support person,0.5225961050677516,1,Medium,2,New High-Risk,-2.068541528459072,0.4508976587197033,Standard,3067.6391367477017,3067.6391367477017,0.9263098111600171,Critical,520
9529-OFXHY,1,United States,California,Elk Creek,95939,"39.53222, -122.594879",39.53222,-122.594879,Male,No,No,No,15,Yes,Yes,Fiber optic,Yes,No,No,No,Yes,No,Month-to-month,Yes,Bank transfer (automatic),87.75,1242.2,No,0,61,5415,Attitude of support person,0.5663335713786789,1,Medium,2,New High-Risk,-2.1175954981033125,-1.0947266762032273,Standard,3066.6962890155464,3066.6962890155464,0.9261678262104217,Critical,521
7854-FOKSF,1,United States,California,Rosamond,93560,"34.903052, -118.411251",34.903052,-118.411251,Male,No,No,No,1,No,No phone service,DSL,No,No,No,No,No,Yes,Month-to-month,No,Electronic check,35.9,35.9,Yes,1,93,4747,Competitor offered higher download speeds,0.6460080097568083,1,Medium,3,Mid-Tenure Moderate-Risk,-1.5760159145656758,-3.73001309606902,Standard,3066.600022315569,3066.600022315569,0.9260258412608263,Critical,522
1624-WOIWJ,1,United States,California,Nicasio,94946,"38.065359, -122.665566",38.065359,-122.665566,Female,No,No,No,10,Yes,No,Fiber optic,Yes,No,No,No,Yes,No,Month-to-month,Yes,Mailed check,84.7,832.05,Yes,1,69,5686,Competitor had better devices,0.5390272207766287,1,Medium,2,New High-Risk,-1.3755581860353887,-2.2141128401419823,Standard,3064.9087773359106,3064.9087773359106,0.925883856311231,Critical,523
2697-NQBPF,1,United States,California,Fulton,95439,"38.493888, -122.777141",38.493888,-122.777141,Male,No,No,No,34,Yes,Yes,Fiber optic,No,Yes,No,Yes,Yes,Yes,Month-to-month,Yes,Electronic check,105.35,3540.65,No,0,74,5503,Attitude of support person,0.5564651611472642,1,Medium,0,Established High-Value,-2.6812921299181647,0.6502310908768074,Standard,3062.227781793395,3062.227781793395,0.9257418713616357,Critical,524
7137-RYLPP,1,United States,California,Paskenta,96074,"39.884395, -122.587513",39.884395,-122.587513,Male,Yes,Yes,No,37,Yes,Yes,Fiber optic,No,No,No,No,Yes,No,Month-to-month,Yes,Electronic check,85.7,3171.15,Yes,1,86,4712,Competitor offered higher download speeds,0.6487095197494468,1,Medium,2,New High-Risk,-3.0128451571531474,-1.0714071019322735,Standard,3056.7192570593934,3056.7192570593934,0.9255998864120403,Critical,525
8098-LLAZX,1,United States,California,Jacumba,91934,"32.649787, -116.2237",32.649787,-116.2237,Female,Yes,No,No,4,Yes,Yes,Fiber optic,No,No,No,No,Yes,Yes,Month-to-month,Yes,Electronic check,95.45,396.1,Yes,1,85,3677,Service dissatisfaction,0.8309814815897744,1,High,2,New High-Risk,-2.973569141459177,-2.08539418453472,High Risk,3055.5189078056005,3055.5189078056005,0.925457901462445,Critical,526
5673-FSSMF,1,United States,California,Delhi,95315,"37.422961, -120.765493",37.422961,-120.765493,Female,No,No,No,1,Yes,Yes,DSL,No,No,No,No,No,Yes,Month-to-month,Yes,Electronic check,60.15,60.15,Yes,1,91,4611,Attitude of support person,0.6624617256664802,1,Medium,2,New High-Risk,-2.0119116677091085,-2.9042987685432964,Standard,3054.61101704814,3054.61101704814,0.9253159165128496,Critical,527
9090-SGQXL,1,United States,California,Ben Lomond,95005,"37.078873, -122.090386",37.078873,-122.090386,Male,Yes,Yes,No,68,Yes,Yes,Fiber optic,No,Yes,Yes,No,Yes,Yes,Month-to-month,Yes,Electronic check,105.3,7299.65,Yes,1,79,6284,Competitor offered more data,0.4858851051144678,0,Medium,0,Established High-Value,-3.459177572198277,2.53302531458014,Standard,3053.3020005393155,3053.3020005393155,0.9251739315632543,Critical,528
6166-ILMNY,1,United States,California,Tomales,94971,"38.240769, -122.901041",38.240769,-122.901041,Female,No,No,No,2,Yes,No,Fiber optic,No,No,No,No,No,No,Month-to-month,No,Bank transfer (automatic),69.75,144.55,Yes,1,68,5667,Competitor offered more data,0.5387115097663647,1,Medium,2,New High-Risk,-1.0601887255700615,-3.430237754162002,Standard,3052.878125845989,3052.878125845989,0.925031946613659,Critical,529
2362-IBOOY,1,United States,California,Winterhaven,92283,"32.852947, -114.850784",32.852947,-114.850784,Male,No,No,No,36,Yes,Yes,Fiber optic,No,No,No,No,No,Yes,Month-to-month,Yes,Electronic check,84.75,3050.15,Yes,1,76,5272,Competitor offered higher download speeds,0.5788471540449867,1,Medium,2,New High-Risk,-2.575415266873699,-1.7411850408132563,Standard,3051.68219612517,3051.68219612517,0.9248899616640636,Critical,530
5564-NEMQO,1,United States,California,Thermal,92274,"33.53604, -116.119222",33.53604,-116.119222,Female,Yes,No,No,1,Yes,No,Fiber optic,No,No,Yes,No,No,No,Month-to-month,Yes,Bank transfer (automatic),75.3,75.3,Yes,1,67,4902,Network reliability,0.62208626850072,1,Medium,2,New High-Risk,-2.0084090840181283,-2.846036826536956,Standard,3049.4668881905295,3049.4668881905295,0.9247479767144683,Critical,531
7130-VTEWQ,1,United States,California,San Rafael,94903,"38.018065, -122.546024",38.018065,-122.546024,Female,Yes,No,No,8,Yes,Yes,Fiber optic,No,No,No,No,No,No,Month-to-month,Yes,Electronic check,75.75,606.25,Yes,1,92,4174,Competitor offered more data,0.7290526729004163,1,High,2,New High-Risk,-2.6983460903542564,-3.512703693470234,High Risk,3043.0658566863376,3043.0658566863376,0.9246059917648729,Critical,532
3703-KBKZP,1,United States,California,Standish,96128,"40.346634, -120.386422",40.346634,-120.386422,Male,Yes,No,No,16,Yes,Yes,Fiber optic,No,No,No,No,No,No,Month-to-month,Yes,Bank transfer (automatic),74.45,1261.35,No,0,47,5111,Attitude of support person,0.5952567517287628,1,Medium,2,New High-Risk,-2.5154461727227204,-2.7057622368594623,Standard,3042.3572580857067,3042.3572580857067,0.9244640068152776,Critical,533
8189-XRIKE,1,United States,California,Newark,94560,"37.504133, -122.032347",37.504133,-122.032347,Female,Yes,No,No,32,Yes,No,Fiber optic,No,No,No,No,Yes,Yes,Month-to-month,No,Electronic check,90.95,2897.95,No,0,52,5936,Attitude of support person,0.5124580855720994,1,Medium,2,New High-Risk,-2.196510876997885,-1.6172278340402595,Standard,3041.951195955982,3041.951195955982,0.9243220218656822,Critical,534
5701-YVSVF,1,United States,California,Fallbrook,92028,"33.362575, -117.299644",33.362575,-117.299644,Female,Yes,Yes,No,11,Yes,No,Fiber optic,No,No,No,Yes,Yes,No,Month-to-month,Yes,Electronic check,82.9,880.05,No,0,21,4413,Attitude of support person,0.6891113554283621,1,Medium,2,New High-Risk,-2.297921900156636,-1.6196861069416026,Standard,3041.048411505362,3041.048411505362,0.9241800369160869,Critical,535
1323-OOEPC,1,United States,California,Prather,93651,"37.007238, -119.505661",37.007238,-119.505661,Female,No,Yes,No,53,Yes,Yes,Fiber optic,No,Yes,No,No,Yes,Yes,Month-to-month,Yes,Credit card (automatic),98.4,5149.5,Yes,1,87,6481,Extra data charges,0.4691124530548308,0,Medium,0,Established High-Value,-2.6376266090855083,1.7897808575310508,Standard,3040.3178082483582,3040.3178082483582,0.9240380519664916,Critical,536
1565-RHDJD,1,United States,California,Palo Cedro,96073,"40.582399, -122.195512",40.582399,-122.195512,Female,No,No,No,4,Yes,Yes,Fiber optic,No,Yes,Yes,No,No,No,Month-to-month,No,Bank transfer (automatic),84.05,333.55,Yes,1,95,5552,Competitor offered higher download speeds,0.5474008331490526,1,Medium,2,New High-Risk,-1.5554971069403225,-1.1872208002260272,Standard,3039.1694256435403,3039.1694256435403,0.9238960670168962,Critical,537
5288-AHOUP,1,United States,California,Palm Desert,92260,"33.694501, -116.412711",33.694501,-116.412711,Male,Yes,No,No,11,Yes,No,Fiber optic,No,No,No,No,No,Yes,Month-to-month,Yes,Electronic check,78.5,874.2,No,0,51,4333,Attitude of support person,0.7013484804620795,1,High,2,New High-Risk,-2.394209503732233,-3.236308976029486,High Risk,3038.9429658421905,3038.9429658421905,0.9237540820673009,Critical,538
1173-NOEYG,1,United States,California,Santa Margarita,93453,"35.303926, -120.256567",35.303926,-120.256567,Female,No,Yes,No,27,Yes,Yes,Fiber optic,No,No,Yes,No,No,Yes,Month-to-month,No,Bank transfer (automatic),90.15,2423.4,No,0,67,5750,Attitude of support person,0.5283037995247938,1,Medium,2,New High-Risk,-1.8331873466895936,0.3279352400928888,Standard,3037.746847267564,3037.746847267564,0.9236120971177055,Critical,539
6583-QGCSI,1,United States,California,Indian Wells,92210,"33.537646, -116.291089",33.537646,-116.291089,Female,Yes,Yes,No,50,Yes,Yes,Fiber optic,No,Yes,No,No,Yes,No,Month-to-month,Yes,Electronic check,88.05,4367.35,Yes,1,87,5813,Competitor made better offer,0.5225752922496133,1,Medium,2,New High-Risk,-3.09169082825413,0.1485077345473907,Standard,3037.7301738470023,3037.7301738470023,0.9234701121681101,Critical,540
5543-QDCRY,1,United States,California,San Francisco,94103,"37.773147, -122.411287",37.773147,-122.411287,Male,No,No,No,4,Yes,No,DSL,No,No,No,No,Yes,No,Month-to-month,Yes,Electronic check,56.4,234.85,No,0,49,5344,Attitude of support person,0.5684199807783844,1,Medium,2,New High-Risk,-1.581571014932281,-3.3475326907182064,Standard,3037.6363772796863,3037.6363772796863,0.9233281272185149,Critical,541
7668-XCFYV,1,United States,California,Glendora,91741,"34.14649, -117.849815",34.14649,-117.849815,Female,Yes,Yes,No,17,Yes,Yes,Fiber optic,No,No,No,No,Yes,Yes,Month-to-month,Yes,Electronic check,92.55,1614.7,No,0,23,3689,Attitude of support person,0.8230317612832346,1,High,2,New High-Risk,-3.027628697464532,-0.9202756807160488,High Risk,3036.1641673738527,3036.1641673738527,0.9231861422689195,Critical,542
7786-WBJYI,1,United States,California,Truckee,96161,"39.342498, -120.247127",39.342498,-120.247127,Female,No,No,No,4,Yes,Yes,Fiber optic,No,Yes,No,No,No,No,Month-to-month,No,Bank transfer (automatic),77.95,305.55,Yes,1,89,5365,Price too high,0.5657720644929229,1,Medium,2,New High-Risk,-1.524232838362756,-2.079985906664976,Standard,3035.3671260045317,3035.3671260045317,0.9230441573193241,Critical,543
6581-NQCBA,1,United States,California,Snelling,95369,"37.521708, -120.426843",37.521708,-120.426843,Female,No,Yes,No,16,No,No phone service,DSL,No,No,No,Yes,Yes,Yes,Month-to-month,Yes,Electronic check,49.95,810.2,Yes,1,78,4840,Don't know,0.6269600075179289,1,Medium,3,Mid-Tenure Moderate-Risk,-2.1853137869204,-1.0505661369864316,Standard,3034.486436386776,3034.486436386776,0.9229021723697288,Critical,544
6017-PPLPX,1,United States,California,Daly City,94014,"37.691561, -122.445202",37.691561,-122.445202,Male,No,Yes,No,20,Yes,No,Fiber optic,No,No,No,No,No,No,Month-to-month,Yes,Electronic check,70.45,1470.95,Yes,1,87,4773,Attitude of support person,0.6352661051406464,1,Medium,2,New High-Risk,-1.872549128537824,-2.8138236434761303,Standard,3032.125119836305,3032.125119836305,0.9227601874201334,Critical,545
5385-SUIRI,1,United States,California,Delhi,95315,"37.422961, -120.765493",37.422961,-120.765493,Male,Yes,Yes,No,52,Yes,Yes,Fiber optic,Yes,No,Yes,No,Yes,Yes,Month-to-month,Yes,Electronic check,104.2,5568.35,Yes,1,68,5648,Competitor offered higher download speeds,0.5362006271004857,1,Medium,0,Established High-Value,-3.220876037182292,1.9341185981422528,Standard,3028.461141863543,3028.461141863543,0.9226182024705382,Critical,546
4597-NUCQV,1,United States,California,Oakland,94601,"37.776523, -122.219268",37.776523,-122.219268,Male,Yes,No,No,24,Yes,Yes,Fiber optic,No,Yes,No,No,Yes,Yes,Month-to-month,Yes,Electronic check,101.25,2440.15,Yes,1,87,4287,Attitude of support person,0.7046606135320519,1,High,2,New High-Risk,-3.12961324157192,-0.6965430460654437,High Risk,3020.8800502119066,3020.8800502119066,0.9224762175209428,Critical,547
3473-XIIIT,1,United States,California,Sacramento,95824,"38.517295, -121.439819",38.517295,-121.439819,Female,No,Yes,No,16,Yes,Yes,Fiber optic,No,Yes,No,No,Yes,Yes,Month-to-month,Yes,Electronic check,100.0,1534.75,Yes,1,68,3794,Competitor offered higher download speeds,0.7947585997485995,1,High,2,New High-Risk,-2.628451123047135,-0.0630094459160134,High Risk,3015.3141274461864,3015.3141274461864,0.9223342325713474,Critical,548
0365-BZUWY,1,United States,California,San Juan Capistrano,92675,"33.521447, -117.602555",33.521447,-117.602555,Male,No,Yes,No,17,Yes,Yes,Fiber optic,No,Yes,Yes,No,Yes,Yes,Month-to-month,Yes,Electronic check,102.55,1742.5,No,0,75,3803,Attitude of support person,0.7925626674259444,1,High,0,Established High-Value,-2.64074490599989,0.8301626531643884,High Risk,3014.1158242208667,3014.1158242208667,0.9221922476217521,Critical,549
0428-IKYCP,1,United States,California,Sonora,95370,"37.982716, -120.343732",37.982716,-120.343732,Male,No,Yes,No,22,Yes,No,Fiber optic,No,No,Yes,No,Yes,No,Month-to-month,Yes,Bank transfer (automatic),87.0,1850.65,No,0,49,5233,Attitude of support person,0.5757552935005432,1,Medium,2,New High-Risk,-1.8550614486212933,-0.5303137421364785,Standard,3012.9274508883427,3012.9274508883427,0.9220502626721567,Critical,550
4816-LXZYW,1,United States,California,Long Beach,90810,"33.819814, -118.222416",33.819814,-118.222416,Female,No,No,No,23,Yes,Yes,Fiber optic,No,Yes,No,No,No,No,Month-to-month,Yes,Electronic check,79.15,1676.95,Yes,1,68,5216,Attitude of support person,0.5772223681771912,1,Medium,2,New High-Risk,-2.3497628697268675,-2.1716458969708388,Standard,3010.791872412229,3010.791872412229,0.9219082777225615,Critical,551
0329-GTIAJ,1,United States,California,Garden Grove,92844,"33.766476, -117.969795",33.766476,-117.969795,Female,No,No,No,3,Yes,No,Fiber optic,No,Yes,No,Yes,Yes,Yes,Month-to-month,Yes,Electronic check,97.9,315.3,Yes,1,86,4330,Price too high,0.6945360773597312,1,Medium,2,New High-Risk,-1.995670051874963,-0.9970613483215536,Standard,3007.341214967636,3007.341214967636,0.9217662927729661,Critical,552
2074-GKOWZ,1,United States,California,Novato,94947,"38.112166, -122.634384",38.112166,-122.634384,Male,No,Yes,No,2,Yes,No,Fiber optic,No,No,No,No,Yes,Yes,Month-to-month,Yes,Bank transfer (automatic),89.55,185.55,Yes,1,73,3851,Competitor had better devices,0.7805731999999355,1,High,2,New High-Risk,-1.847471658899051,-1.2973513393499287,High Risk,3005.9873931997513,3005.9873931997513,0.9216243078233707,Critical,553
8443-WVPSS,1,United States,California,Galt,95632,"38.274451, -121.259201",38.274451,-121.259201,Male,No,Yes,No,10,Yes,No,Fiber optic,No,Yes,No,Yes,Yes,Yes,Month-to-month,Yes,Electronic check,99.85,990.9,Yes,1,69,4243,Service dissatisfaction,0.7078246238397516,1,High,2,New High-Risk,-2.053067729822161,0.0181230037019416,High Risk,3003.299878952066,3003.299878952066,0.9214823228737754,Critical,554
9402-ORRAH,1,United States,California,La Canada Flintridge,91011,"34.234912, -118.153729",34.234912,-118.153729,Female,Yes,No,No,15,Yes,No,Fiber optic,No,No,No,No,Yes,Yes,Month-to-month,Yes,Electronic check,91.5,1400.3,No,0,41,4173,Attitude of support person,0.7180984465042687,1,High,2,New High-Risk,-2.5959478176253,-2.327774524727096,High Risk,2996.624817262313,2996.624817262313,0.92134033792418,Critical,555
3315-TOTBP,1,United States,California,Mill Creek,96061,"40.331975, -121.460674",40.331975,-121.460674,Male,No,No,No,15,Yes,Yes,Fiber optic,No,No,No,No,No,No,Month-to-month,Yes,Mailed check,76.0,1130.85,Yes,1,74,4938,Lack of self-service on Website,0.6064889276534604,1,Medium,2,New High-Risk,-1.809852303822003,-3.071152046115826,Standard,2994.8423247527876,2994.8423247527876,0.9211983529745847,Critical,556
0778-NELLA,1,United States,California,Anaheim,92805,"33.830209, -117.906099",33.830209,-117.906099,Male,No,No,No,9,No,No phone service,DSL,No,No,No,No,Yes,No,Month-to-month,Yes,Credit card (automatic),34.7,296.1,Yes,1,95,5352,Competitor offered higher download speeds,0.5588228992432055,1,Medium,3,Mid-Tenure Moderate-Risk,-1.865340232750355,-3.0624306481833714,Standard,2990.8201567496358,2990.8201567496358,0.9210563680249894,Critical,557
0599-XNYDO,1,United States,California,Graton,95444,"38.434362, -122.86891",38.434362,-122.86891,Female,No,Yes,No,20,Yes,No,Fiber optic,No,No,No,No,No,No,Month-to-month,Yes,Bank transfer (automatic),69.8,1540.35,No,0,33,5456,Attitude of support person,0.5479186635873753,1,Medium,2,New High-Risk,-1.6541363976567396,-2.228987737169472,Standard,2989.4442285327195,2989.4442285327195,0.920914383075394,Critical,558
8709-KRDVL,1,United States,California,Scott Bar,96085,"41.737962, -123.07557",41.737962,-123.07557,Female,No,No,No,33,Yes,Yes,Fiber optic,No,Yes,No,No,Yes,Yes,Month-to-month,Yes,Electronic check,100.0,3320.6,No,0,76,4643,Attitude of support person,0.6436797485404768,1,Medium,2,New High-Risk,-2.7478441942890464,-0.2938215018028042,Standard,2988.605072473434,2988.605072473434,0.9207723981257987,Critical,559
2568-OIADY,1,United States,California,Fort Jones,96032,"41.5837, -122.935922",41.5837,-122.935922,Female,No,Yes,No,37,Yes,Yes,Fiber optic,No,No,Yes,No,Yes,Yes,Month-to-month,Yes,Electronic check,99.5,3762.0,Yes,1,92,4233,Competitor had better devices,0.7059505230029018,1,High,0,Established High-Value,-2.771664021794852,0.7113289802711413,High Risk,2988.2885638712837,2988.2885638712837,0.9206304131762033,Critical,560
4373-VVHQL,1,United States,California,Arroyo Grande,93420,"35.176236, -120.483243",35.176236,-120.483243,Male,No,No,No,1,Yes,No,DSL,No,No,No,No,No,No,Month-to-month,Yes,Electronic check,44.75,44.75,No,0,59,5479,Attitude of support person,0.5453656094357668,1,Medium,2,New High-Risk,-1.4099157010296677,-4.191636906664273,Standard,2988.0581740985667,2988.0581740985667,0.9204884282266079,Critical,561
1513-XNPPH,1,United States,California,Los Angeles,90037,"34.002642, -118.287596",34.002642,-118.287596,Female,No,No,No,12,Yes,No,Fiber optic,No,No,Yes,Yes,No,Yes,Month-to-month,Yes,Electronic check,89.4,1095.65,Yes,1,79,5047,Product dissatisfaction,0.5914958505851139,1,Medium,2,New High-Risk,-1.9205866339839857,-1.333827567743631,Standard,2985.27955790307,2985.27955790307,0.9203464432770126,Critical,562
6338-AVWCY,1,United States,California,Hollister,95023,"36.875409, -121.279679",36.875409,-121.279679,Male,No,No,No,3,No,No phone service,DSL,No,No,Yes,No,Yes,No,Month-to-month,Yes,Mailed check,40.15,130.75,Yes,1,75,4710,Lack of self-service on Website,0.6337453118598068,1,Medium,3,Mid-Tenure Moderate-Risk,-1.59639541889305,-2.82663232531548,Standard,2984.94041885969,2984.94041885969,0.9202044583274173,Critical,563
4510-HIMLV,1,United States,California,La Habra,90631,"33.940619, -117.9513",33.940619,-117.9513,Male,No,No,No,1,Yes,No,Fiber optic,No,No,No,No,No,No,Month-to-month,Yes,Electronic check,69.8,69.8,Yes,1,90,4154,Network reliability,0.718212784931327,1,High,2,New High-Risk,-1.7707936020834587,-4.180521665414696,High Risk,2983.4559086047325,2983.4559086047325,0.920062473377822,Critical,564
5569-OUICF,1,United States,California,Santee,92071,"32.847336, -116.997605",32.847336,-116.997605,Female,Yes,Yes,No,28,Yes,Yes,Fiber optic,No,No,No,Yes,Yes,Yes,Month-to-month,Yes,Credit card (automatic),101.3,2812.2,Yes,1,68,4994,Competitor offered more data,0.5970155856905502,1,Medium,0,Established High-Value,-2.8273541447136243,0.8680318826471731,Standard,2981.495834938608,2981.495834938608,0.9199204884282266,Critical,565
6715-OFDBP,1,United States,California,Palo Alto,94304,"37.386978, -122.177746",37.386978,-122.177746,Male,No,No,No,5,Yes,No,DSL,No,No,Yes,No,Yes,Yes,Month-to-month,Yes,Electronic check,70.05,346.4,Yes,1,84,4944,Price too high,0.6027673579835491,1,Medium,2,New High-Risk,-1.7443311623264206,-1.7246801575479282,Standard,2980.081817870667,2980.081817870667,0.9197785034786312,Critical,566
9565-DJPIB,1,United States,California,Vallejo,94590,"38.104705, -122.247387",38.104705,-122.247387,Female,No,No,No,4,Yes,Yes,Fiber optic,No,Yes,No,No,Yes,No,Month-to-month,No,Mailed check,89.6,365.65,Yes,1,87,4689,Network reliability,0.6350978353907961,1,Medium,2,New High-Risk,-1.4039783520447364,-1.7972063002928826,Standard,2977.973750147443,2977.973750147443,0.9196365185290359,Critical,567
6328-ZPBGN,1,United States,California,Riverbank,95367,"37.734971, -120.954271",37.734971,-120.954271,Female,Yes,No,No,11,Yes,Yes,Fiber optic,No,No,No,No,Yes,Yes,Month-to-month,Yes,Bank transfer (automatic),95.15,997.65,Yes,1,71,4074,Extra data charges,0.7306340836162891,1,High,2,New High-Risk,-2.791346294602032,-1.3643797231851746,High Risk,2976.603256652762,2976.603256652762,0.9194945335794406,Critical,568
3481-JHUZH,1,United States,California,Forks Of Salmon,96031,"41.232128, -123.194748",41.232128,-123.194748,Male,No,Yes,No,41,Yes,Yes,Fiber optic,No,Yes,No,No,No,No,Month-to-month,Yes,Electronic check,80.25,3439.0,No,0,49,5757,Attitude of support person,0.5169790663611922,1,Medium,2,New High-Risk,-2.4737024842152024,-0.7750703162825128,Standard,2976.2484850413834,2976.2484850413834,0.9193525486298453,Critical,569
5520-FVEWJ,1,United States,California,Santa Rosa,95405,"38.439696, -122.668817",38.439696,-122.668817,Female,No,Yes,No,12,Yes,Yes,Fiber optic,No,Yes,Yes,No,No,No,Month-to-month,Yes,Electronic check,84.5,916.9,Yes,1,84,4154,Lack of self-service on Website,0.7164491227515858,1,High,2,New High-Risk,-2.3130834472010853,-0.8786923771594435,High Risk,2976.1296559100874,2976.1296559100874,0.9192105636802499,Critical,570
3669-LVWZB,1,United States,California,Tahoma,96142,"39.061227, -120.179546",39.061227,-120.179546,Male,No,No,No,5,No,No phone service,DSL,No,Yes,No,No,Yes,Yes,Month-to-month,Yes,Mailed check,51.0,305.95,Yes,1,86,4630,Long distance charges,0.6425696386765812,1,Medium,3,Mid-Tenure Moderate-Risk,-1.7599714701464837,-2.10666781810484,Standard,2975.097427072571,2975.097427072571,0.9190685787306545,Critical,571
5022-KVDQT,1,United States,California,Woodland Hills,91364,"34.153733, -118.593408",34.153733,-118.593408,Male,No,No,No,27,Yes,Yes,Fiber optic,No,No,Yes,No,No,No,Month-to-month,Yes,Electronic check,81.3,2272.8,No,0,72,5158,Attitude of support person,0.5767258497253752,1,Medium,2,New High-Risk,-2.40664959042618,-1.913223841191204,Standard,2974.7519328834856,2974.7519328834856,0.9189265937810592,Critical,572
9866-QEVEE,1,United States,California,Modesto,95356,"37.716186, -121.025836",37.716186,-121.025836,Male,No,No,No,19,Yes,Yes,Fiber optic,No,No,No,No,No,Yes,Month-to-month,Yes,Bank transfer (automatic),86.0,1532.45,Yes,1,98,4857,Competitor offered higher download speeds,0.6115290728346516,1,Medium,2,New High-Risk,-2.263115383322452,-1.7463399239467092,Standard,2970.196706757903,2970.196706757903,0.9187846088314638,Critical,573
3990-QYKBE,1,United States,California,La Canada Flintridge,91011,"34.234912, -118.153729",34.234912,-118.153729,Male,Yes,Yes,No,37,Yes,Yes,Fiber optic,No,No,No,No,Yes,Yes,Month-to-month,Yes,Electronic check,92.5,3473.4,Yes,1,95,4127,Competitor had better devices,0.71943450454107,1,High,2,New High-Risk,-3.149551488944556,-0.3268907625016143,High Risk,2969.1062002409963,2969.1062002409963,0.9186426238818686,Critical,574
7426-RHZGU,1,United States,California,Oakland,94603,"37.739113, -122.175602",37.739113,-122.175602,Male,No,No,No,9,Yes,No,Fiber optic,No,No,No,Yes,Yes,Yes,Month-to-month,Yes,Bank transfer (automatic),95.9,827.45,No,0,66,5017,Attitude of support person,0.5917723133990365,1,Medium,2,New High-Risk,-1.8202187979538456,-0.9935097174376392,Standard,2968.921696322966,2968.921696322966,0.9185006389322732,Critical,575
0886-QGENL,1,United States,California,San Diego,92104,"32.741499, -117.127409",32.741499,-117.127409,Female,Yes,Yes,No,27,Yes,No,Fiber optic,Yes,No,Yes,No,Yes,Yes,Month-to-month,Yes,Electronic check,101.25,2754.45,Yes,1,77,4853,Attitude of service provider,0.6105541024593245,1,Medium,0,Established High-Value,-2.6017132410365256,0.4959968675217644,Standard,2963.019059235102,2963.019059235102,0.9183586539826778,Critical,576
2249-YPRNG,1,United States,California,The Sea Ranch,95497,"38.696659, -123.436861",38.696659,-123.436861,Female,No,Yes,No,20,Yes,Yes,Fiber optic,No,Yes,Yes,No,Yes,Yes,Month-to-month,Yes,Bank transfer (automatic),105.85,2239.65,Yes,1,84,4223,Service dissatisfaction,0.7014116165262219,1,High,0,Established High-Value,-2.478504685885035,1.5010120853906648,High Risk,2962.0612565902347,2962.0612565902347,0.9182166690330825,Critical,577
6704-UTUKK,1,United States,California,Exeter,93221,"36.301689, -119.018233",36.301689,-119.018233,Male,No,Yes,No,29,No,No phone service,DSL,No,No,No,No,Yes,Yes,Month-to-month,Yes,Electronic check,45.9,1332.4,No,0,37,5074,Attitude of support person,0.5836699761501761,1,Medium,3,Mid-Tenure Moderate-Risk,-2.322308838953367,-1.552017777403015,Standard,2961.541458985994,2961.541458985994,0.9180746840834871,Critical,578
0754-UKWQP,1,United States,California,Cool,95614,"38.880622, -120.973865",38.880622,-120.973865,Male,No,No,No,2,Yes,No,Fiber optic,No,No,Yes,No,Yes,Yes,Month-to-month,Yes,Electronic check,95.85,197.7,Yes,1,66,3790,Service dissatisfaction,0.781259348835513,1,High,2,New High-Risk,-2.100257250308667,-1.7539109768140455,High Risk,2960.972932086594,2960.972932086594,0.9179326991338919,Critical,579
7392-YYPYJ,1,United States,California,Santa Ana,92706,"33.765893, -117.881533",33.765893,-117.881533,Male,No,No,No,22,Yes,Yes,Fiber optic,No,Yes,No,No,Yes,Yes,Month-to-month,Yes,Electronic check,100.65,2415.95,No,0,34,4094,Attitude of support person,0.7221853274597562,1,High,2,New High-Risk,-2.69025082464008,-0.6400717224926759,High Risk,2956.6267306202417,2956.6267306202417,0.9177907141842965,Critical,580
0650-BWOZN,1,United States,California,Aguanga,92536,"33.482243, -116.827173",33.482243,-116.827173,Female,Yes,No,No,18,Yes,No,Fiber optic,No,Yes,No,No,No,No,Month-to-month,Yes,Electronic check,73.55,1359.45,No,0,66,5313,Attitude of support person,0.5564350883342799,1,Medium,2,New High-Risk,-2.30005034169326,-2.9936396824610605,Standard,2956.339624320029,2956.339624320029,0.9176487292347011,Critical,581
3714-NTNFO,1,United States,California,Los Angeles,90048,"34.072945, -118.37267",34.072945,-118.37267,Female,No,No,No,49,Yes,Yes,Fiber optic,No,No,No,No,No,Yes,Month-to-month,Yes,Electronic check,84.5,3906.7,No,0,71,6434,Attitude of support person,0.4587076317201696,0,Medium,2,New High-Risk,-2.639306775965676,-1.294200241657756,Standard,2951.3249024875713,2951.3249024875713,0.9175067442851058,Critical,582
9206-GVPEQ,1,United States,California,Fresno,93706,"36.654614, -119.903674",36.654614,-119.903674,Male,No,Yes,No,13,No,No phone service,DSL,Yes,No,No,Yes,Yes,Yes,Month-to-month,Yes,Electronic check,54.45,706.85,Yes,1,88,5212,Network reliability,0.5662390984960588,1,Medium,3,Mid-Tenure Moderate-Risk,-2.075219366337305,-0.3652250317715709,Standard,2951.2381813614584,2951.2381813614584,0.9173647593355104,Critical,583
3244-DCJWY,1,United States,California,Bakersfield,93312,"35.392599, -119.245341",35.392599,-119.245341,Female,No,No,No,1,Yes,No,Fiber optic,No,No,No,No,No,No,Month-to-month,Yes,Electronic check,70.25,70.25,Yes,1,89,4133,Attitude of support person,0.7140062727818492,1,High,2,New High-Risk,-1.7742995628393456,-4.181114778348807,High Risk,2950.987925407383,2950.987925407383,0.917222774385915,Critical,584
6356-ELRKD,1,United States,California,Rancho Mirage,92270,"33.763678, -116.429928",33.763678,-116.429928,Female,No,No,No,1,Yes,No,Fiber optic,Yes,No,No,No,Yes,Yes,Month-to-month,Yes,Electronic check,95.6,95.6,Yes,1,79,4091,Don't know,0.7211059521393542,1,High,2,New High-Risk,-1.97382292318668,-1.9089559230277684,High Risk,2950.0444502020982,2950.0444502020982,0.9170807894363198,Critical,585
0306-JAELE,1,United States,California,Tecopa,92389,"35.824572, -116.274755",35.824572,-116.274755,Male,No,No,No,5,Yes,No,Fiber optic,No,No,No,Yes,Yes,Yes,Month-to-month,Yes,Electronic check,96.1,453.4,Yes,1,66,4192,Competitor had better devices,0.7036773229943183,1,High,2,New High-Risk,-2.013890260400254,-1.6965046457779531,High Risk,2949.8153379921823,2949.8153379921823,0.9169388044867244,Critical,586
4143-OOBWZ,1,United States,California,Fresno,93726,"36.793601, -119.761131",36.793601,-119.761131,Male,No,Yes,No,5,Yes,Yes,Fiber optic,No,Yes,No,No,No,No,Month-to-month,Yes,Electronic check,81.3,416.3,Yes,1,100,3819,Attitude of service provider,0.771978427414656,1,High,2,New High-Risk,-2.2721913989641065,-1.9400653678354425,High Risk,2948.1856142965717,2948.1856142965717,0.9167968195371291,Critical,587
6215-NQCPY,1,United States,California,Yreka,96097,"41.764869, -122.671316",41.764869,-122.671316,Male,No,No,No,15,Yes,Yes,Fiber optic,Yes,No,No,No,Yes,Yes,Month-to-month,Yes,Electronic check,99.7,1566.75,No,0,60,4157,Attitude of support person,0.7089412500949571,1,High,2,New High-Risk,-2.5140418843630434,-0.9003562864853001,High Risk,2947.0687766447368,2947.0687766447368,0.9166548345875337,Critical,588
4695-WJZUE,1,United States,California,Irvine,92606,"33.703976, -117.824172",33.703976,-117.824172,Female,Yes,No,No,2,Yes,Yes,Fiber optic,No,No,Yes,No,No,Yes,Month-to-month,Yes,Electronic check,88.55,179.25,Yes,1,80,3685,Attitude of support person,0.7995952406239093,1,High,2,New High-Risk,-2.8180618940320628,-2.077247903250096,High Risk,2946.5084616991057,2946.5084616991057,0.9165128496379383,Critical,589
7598-UAASY,1,United States,California,Marshall,94940,"38.129308, -122.834815",38.129308,-122.834815,Male,No,Yes,No,2,Yes,No,Fiber optic,No,No,Yes,No,No,No,Month-to-month,No,Electronic check,76.4,151.8,Yes,1,71,4340,Attitude of service provider,0.6783065988021517,1,Medium,2,New High-Risk,-1.3053562469551208,-2.3964691064138486,Standard,2943.8506388013384,2943.8506388013384,0.9163708646883431,Critical,590
9921-QFQUL,1,United States,California,Garden Valley,95633,"38.852544, -120.837669",38.852544,-120.837669,Female,No,Yes,No,23,Yes,Yes,Fiber optic,No,No,Yes,No,No,Yes,Month-to-month,No,Mailed check,90.15,2044.95,No,0,50,5110,Attitude of support person,0.5757379666202864,1,Medium,2,New High-Risk,-1.5260673310887003,-0.2951231925435505,Standard,2942.0210094296635,2942.0210094296635,0.9162288797387477,Critical,591
0315-LVCRK,1,United States,California,El Dorado Hills,95762,"38.684437, -121.055634",38.684437,-121.055634,Male,No,No,No,11,Yes,No,Fiber optic,No,No,Yes,No,No,Yes,Month-to-month,No,Electronic check,84.8,888.75,No,0,60,4924,Attitude of support person,0.5972224953698207,1,Medium,2,New High-Risk,-1.495127403115264,-2.1361806710443902,Standard,2940.7235672009974,2940.7235672009974,0.9160868947891524,Critical,592
7379-FNIUJ,1,United States,California,Olympic Valley,96146,"39.191797, -120.212401",39.191797,-120.212401,Male,No,No,No,2,Yes,No,Fiber optic,Yes,Yes,No,No,Yes,Yes,Month-to-month,No,Electronic check,100.2,198.5,No,0,23,4855,Attitude of support person,0.605621596984949,1,Medium,2,New High-Risk,-1.4944502554141537,-0.9994137596031748,Standard,2940.2928533619274,2940.2928533619274,0.915944909839557,Critical,593
6734-GMPVK,1,United States,California,Santa Maria,93454,"34.943523, -120.256729",34.943523,-120.256729,Male,No,No,No,5,Yes,Yes,Fiber optic,No,Yes,Yes,No,Yes,Yes,Month-to-month,No,Electronic check,105.3,550.6,No,0,66,4024,Attitude of support person,0.7301450061854653,1,High,2,New High-Risk,-2.0856918548132786,-0.2463422201046843,High Risk,2938.1035048903123,2938.1035048903123,0.9158029248899616,Critical,594
8990-ZXLSU,1,United States,California,Sun City,92586,"33.707483, -117.200006",33.707483,-117.200006,Female,No,No,No,9,Yes,No,Fiber optic,No,No,No,No,No,No,Month-to-month,No,Electronic check,69.05,651.5,No,0,50,5121,Attitude of support person,0.5737061843739683,1,Medium,2,New High-Risk,-1.3063521224804775,-3.826077730449491,Standard,2937.9493701790916,2937.9493701790916,0.9156609399403663,Critical,595
2675-OTVVJ,1,United States,California,Novato,94945,"38.135897, -122.563683",38.135897,-122.563683,Male,Yes,Yes,No,31,Yes,Yes,Fiber optic,Yes,No,No,No,Yes,No,Month-to-month,No,Electronic check,89.45,2807.65,No,0,68,5597,Attitude of support person,0.5243429568603486,1,Medium,2,New High-Risk,-2.379581594280168,-0.3596828730575744,Standard,2934.747529547371,2934.747529547371,0.915518954990771,Critical,596
6424-ELEYH,1,United States,California,Lebec,93243,"34.845861, -118.885163",34.845861,-118.885163,Female,No,Yes,No,3,Yes,Yes,Fiber optic,No,No,No,No,No,No,Month-to-month,Yes,Credit card (automatic),74.75,229.5,Yes,1,65,3972,Attitude of service provider,0.7372561329450315,1,High,2,New High-Risk,-2.0064396070355404,-2.2282349270244177,High Risk,2928.381360057665,2928.381360057665,0.9153769700411757,Critical,597
1384-RCUXW,1,United States,California,French Gulch,96033,"40.740138, -122.587476",40.740138,-122.587476,Male,No,No,No,16,Yes,Yes,Fiber optic,No,Yes,No,No,No,No,Month-to-month,Yes,Mailed check,80.55,1248.9,No,0,24,5183,Attitude of support person,0.5647281667203509,1,Medium,2,New High-Risk,-1.8311252305973689,-2.268180169653495,Standard,2926.9860881115787,2926.9860881115787,0.9152349850915803,Critical,598
9451-LPGOO,1,United States,California,Panorama City,91402,"34.223768, -118.445461",34.223768,-118.445461,Male,No,No,No,7,Yes,Yes,Fiber optic,No,No,No,No,No,Yes,Month-to-month,Yes,Electronic check,86.8,620.35,Yes,1,66,3780,Network reliability,0.7732713113024604,1,High,2,New High-Risk,-2.423515271690853,-2.664615646402116,High Risk,2922.9655567233003,2922.9655567233003,0.9150930001419849,Critical,599
8696-JKZNU,1,United States,California,Anderson,96007,"40.448632, -122.306657",40.448632,-122.306657,Female,Yes,No,No,37,Yes,Yes,Fiber optic,No,No,No,No,No,No,Month-to-month,Yes,Electronic check,76.25,2841.55,Yes,1,100,5859,Don't know,0.4988581147819823,0,Medium,2,New High-Risk,-2.86129877397953,-2.580756924340009,Standard,2922.809694507634,2922.809694507634,0.9149510151923896,Critical,600
9728-FTTVZ,1,United States,California,Williams,95987,"39.117537, -122.284654",39.117537,-122.284654,Female,No,No,No,1,Yes,No,Fiber optic,No,No,No,No,No,No,Month-to-month,Yes,Electronic check,69.2,69.2,Yes,1,82,4073,Lack of self-service on Website,0.7175014249746248,1,High,2,New High-Risk,-1.7653984183579268,-4.193696325544903,High Risk,2922.3833039216465,2922.3833039216465,0.9148090302427943,Critical,601
5652-MSDEY,1,United States,California,Sutter Creek,95685,"38.432145, -120.77069",38.432145,-120.77069,Female,No,No,No,10,Yes,Yes,Fiber optic,No,No,No,No,No,No,Month-to-month,Yes,Mailed check,75.75,777.3,No,0,52,4525,Attitude of support person,0.6457695908603777,1,Medium,2,New High-Risk,-1.7813876071665886,-3.243724544764888,Standard,2922.107398643209,2922.107398643209,0.9146670452931989,Critical,602
0388-EOPEX,1,United States,California,Riverside,92503,"33.890046, -117.455583",33.890046,-117.455583,Female,No,Yes,No,2,Yes,No,Fiber optic,Yes,No,No,No,No,No,Month-to-month,Yes,Electronic check,74.4,139.4,Yes,1,77,4263,Lack of self-service on Website,0.6853990337358314,1,Medium,2,New High-Risk,-1.6717809148744684,-2.6234472193152243,Standard,2921.8560808158495,2921.8560808158495,0.9145250603436036,Critical,603
5364-EVNIB,1,United States,California,Orange,92868,"33.787796, -117.875928",33.787796,-117.875928,Male,No,No,No,13,Yes,No,Fiber optic,No,Yes,Yes,No,No,No,Month-to-month,Yes,Electronic check,79.8,973.45,Yes,1,75,5067,Service dissatisfaction,0.575816858012155,1,Medium,2,New High-Risk,-1.872357619546928,-2.1682147897548374,Standard,2917.6640195475893,2917.6640195475893,0.9143830753940082,Critical,604
5364-XYIRR,1,United States,California,Los Angeles,90013,"34.044639, -118.240413",34.044639,-118.240413,Male,No,Yes,No,51,Yes,Yes,Fiber optic,No,No,No,No,Yes,Yes,Month-to-month,Yes,Electronic check,94.65,4812.75,Yes,1,100,4747,Extra data charges,0.6146063082807823,1,Medium,2,New High-Risk,-2.8264169834713737,0.2585679826465193,Standard,2917.536145408874,2917.536145408874,0.9142410904444129,Critical,605
2809-ZMYOQ,1,United States,California,Camptonville,95922,"39.432127, -121.099287",39.432127,-121.099287,Female,No,No,No,32,Yes,Yes,Fiber optic,No,No,Yes,No,Yes,Yes,Month-to-month,Yes,Electronic check,101.35,3334.9,No,0,72,4341,Attitude of support person,0.6716500005746868,1,Medium,2,New High-Risk,-2.7603736725262595,-0.2213148287748636,Standard,2915.6326524947153,2915.6326524947153,0.9140991054948175,Critical,606
9248-OJYKK,1,United States,California,Los Angeles,90017,"34.052842, -118.264495",34.052842,-118.264495,Male,Yes,No,No,1,Yes,Yes,Fiber optic,No,No,No,No,No,No,Month-to-month,Yes,Electronic check,76.45,76.45,Yes,1,95,3763,Competitor offered higher download speeds,0.7741221664753134,1,High,2,New High-Risk,-2.666124788235841,-3.733104933537856,High Risk,2913.0217124466044,2913.0217124466044,0.9139571205452222,Critical,607
7402-EYFXX,1,United States,California,Salyer,95563,"40.89866, -123.539754",40.89866,-123.539754,Male,Yes,No,No,26,Yes,Yes,Fiber optic,No,No,No,No,Yes,Yes,Month-to-month,Yes,Electronic check,93.6,2404.1,No,0,54,4030,Attitude of support person,0.7227205084682072,1,High,2,New High-Risk,-3.090374557282265,-1.4624983107465217,High Risk,2912.563649126875,2912.563649126875,0.9138151355956269,Critical,608
5429-LWCMV,1,United States,California,Gardena,90248,"33.876482, -118.284077",33.876482,-118.284077,Female,No,No,No,12,Yes,Yes,Fiber optic,No,Yes,No,No,No,Yes,Month-to-month,Yes,Electronic check,89.15,1057.55,No,0,80,4041,Attitude of support person,0.7199521496984845,1,High,2,New High-Risk,-2.448179438503203,-1.7695347497097285,High Risk,2909.326636931576,2909.326636931576,0.9136731506460315,Critical,609
3841-CONLJ,1,United States,California,Morro Bay,93442,"35.369553, -120.763864",35.369553,-120.763864,Female,No,Yes,No,1,No,No phone service,DSL,No,No,No,No,No,Yes,Month-to-month,No,Electronic check,35.0,35.0,No,0,54,4099,Attitude of support person,0.7095363225469961,1,High,3,Mid-Tenure Moderate-Risk,-1.5635456271968402,-2.99140716364235,High Risk,2908.389386120137,2908.389386120137,0.9135311656964362,Critical,610
4971-PUYQO,1,United States,California,Campo,91906,"32.673483, -116.472863",32.673483,-116.472863,Female,No,No,No,27,Yes,Yes,Fiber optic,No,No,No,No,Yes,Yes,Month-to-month,Yes,Mailed check,94.55,2724.6,Yes,1,89,4464,Don't know,0.6511235413523645,1,Medium,2,New High-Risk,-2.189014816312924,-1.1709051967220991,Standard,2906.615488596955,2906.615488596955,0.9133891807468408,Critical,611
6032-IGALN,1,United States,California,Granite Bay,95746,"38.749466, -121.184196",38.749466,-121.184196,Female,No,No,No,1,No,No phone service,DSL,No,No,No,No,No,No,Month-to-month,Yes,Mailed check,25.1,25.1,Yes,1,79,4769,Service dissatisfaction,0.6094687967016834,1,Medium,3,Mid-Tenure Moderate-Risk,-1.4229779907567262,-4.507422729233451,Standard,2906.556691470328,2906.556691470328,0.9132471957972454,Critical,612
3583-EKAPL,1,United States,California,Redlands,92373,"34.003243, -117.138286",34.003243,-117.138286,Male,No,No,No,1,Yes,No,DSL,No,No,No,No,No,Yes,Month-to-month,Yes,Electronic check,55.0,55.0,Yes,1,71,4877,Competitor had better devices,0.59582020899774,1,Medium,2,New High-Risk,-1.5581444554326245,-3.4753462985318064,Standard,2905.815159281978,2905.815159281978,0.9131052108476502,Critical,613
7079-QRCBC,1,United States,California,Sacramento,95864,"38.585826, -121.376263",38.585826,-121.376263,Female,No,No,No,24,Yes,Yes,Fiber optic,No,No,Yes,No,Yes,Yes,Month-to-month,Yes,Electronic check,98.75,2407.3,Yes,1,85,4016,Competitor had better devices,0.7234475444075149,1,High,2,New High-Risk,-2.6793748897484706,-0.5159538936552903,High Risk,2905.36533834058,2905.36533834058,0.9129632258980548,Critical,614
7218-HKQFK,1,United States,California,Homeland,92548,"33.761894, -117.120868",33.761894,-117.120868,Male,No,Yes,No,2,Yes,No,Fiber optic,No,No,No,Yes,Yes,Yes,Month-to-month,Yes,Electronic check,94.2,167.5,Yes,1,72,3715,Don't know,0.781841487787002,1,High,2,New High-Risk,-1.976249697716122,-1.0220153047002078,High Risk,2904.5411271287126,2904.5411271287126,0.9128212409484595,Critical,615
8433-WXGNA,1,United States,California,Salinas,93906,"36.722898, -121.633648",36.722898,-121.633648,Male,No,No,No,2,Yes,No,Fiber optic,Yes,No,No,No,No,No,Month-to-month,Yes,Electronic check,75.7,189.2,Yes,1,82,4676,Don't know,0.6204232063030326,1,Medium,2,New High-Risk,-1.6886146440861771,-3.383382143617776,Standard,2901.0989126729805,2901.0989126729805,0.9126792559988641,Critical,616
1640-PLFMP,1,United States,California,Los Angeles,90026,"34.078991, -118.263804",34.078991,-118.263804,Female,No,No,No,1,Yes,No,Fiber optic,No,No,No,No,No,No,Month-to-month,Yes,Electronic check,70.25,70.25,No,0,58,4063,Attitude of support person,0.7140062727818492,1,High,2,New High-Risk,-1.7738368118585708,-4.190083433544203,High Risk,2901.0074863126533,2901.0074863126533,0.9125372710492687,Critical,617
1302-UHBDD,1,United States,California,Ladera Ranch,92694,"33.569186, -117.640055",33.569186,-117.640055,Male,Yes,No,No,20,Yes,No,Fiber optic,No,No,No,No,Yes,Yes,Month-to-month,No,Electronic check,89.95,1648.45,No,0,33,4812,Attitude of support person,0.602429802859311,1,Medium,2,New High-Risk,-2.1019662612691934,-2.1073999479111665,Standard,2898.8922113590047,2898.8922113590047,0.9123952860996735,Critical,618
5376-DEQCP,1,United States,California,Barstow,92311,"34.965648, -117.001509",34.965648,-117.001509,Female,No,No,No,1,Yes,No,Fiber optic,No,No,No,No,No,No,Month-to-month,Yes,Electronic check,70.6,70.6,Yes,1,85,4063,Competitor offered more data,0.7128354784275416,1,High,2,New High-Risk,-1.776671645453108,-4.188452057391808,High Risk,2896.2505488511015,2896.2505488511015,0.9122533011500781,Critical,619
2971-SGAFL,1,United States,California,Millbrae,94030,"37.601248, -122.403099",37.601248,-122.403099,Female,No,No,No,13,Yes,Yes,DSL,Yes,No,Yes,No,Yes,Yes,Month-to-month,Yes,Electronic check,78.75,995.35,No,0,79,5631,Attitude of support person,0.5141269113769832,1,Medium,2,New High-Risk,-2.134701721393723,-0.1417548801153052,Standard,2895.0486379637923,2895.0486379637923,0.9121113162004828,Critical,620
0310-MVLET,1,United States,California,Snelling,95369,"37.521708, -120.426843",37.521708,-120.426843,Female,No,Yes,No,61,Yes,Yes,Fiber optic,No,Yes,No,No,Yes,Yes,Month-to-month,Yes,Electronic check,99.15,6010.05,Yes,1,77,5612,Service dissatisfaction,0.5154316167916825,1,Medium,0,Established High-Value,-2.918533881985605,1.4172482463348144,Standard,2892.6022334349223,2892.6022334349223,0.9119693312508874,Critical,621
5759-RCVCB,1,United States,California,Orange,92869,"33.792791, -117.789749",33.792791,-117.789749,Female,No,No,No,3,No,No phone service,DSL,No,No,No,No,Yes,No,Month-to-month,No,Credit card (automatic),35.2,108.95,Yes,1,100,5450,Attitude of service provider,0.5304861388549698,1,Medium,3,Mid-Tenure Moderate-Risk,-1.3509879151155126,-3.1140306151698214,Standard,2891.149456759585,2891.149456759585,0.911827346301292,Critical,622
4299-SIMNS,1,United States,California,Temple City,91780,"34.101608, -118.055848",34.101608,-118.055848,Male,No,No,No,9,Yes,Yes,Fiber optic,Yes,No,No,No,No,No,Month-to-month,Yes,Electronic check,81.15,784.45,No,0,68,4544,Attitude of support person,0.6362498016919498,1,Medium,2,New High-Risk,-2.1841448140409176,-2.6143069372767016,Standard,2891.11909888822,2891.11909888822,0.9116853613516968,Critical,623
3196-NVXLZ,1,United States,California,Orange Cove,93646,"36.633498, -119.298895",36.633498,-119.298895,Female,No,No,No,25,Yes,Yes,Fiber optic,No,No,No,No,Yes,No,Month-to-month,Yes,Mailed check,84.6,2088.05,No,0,23,4874,Attitude of support person,0.5928761686537161,1,Medium,2,New High-Risk,-2.0056758381192403,-2.0269903630750385,Standard,2889.678446018212,2889.678446018212,0.9115433764021014,Critical,624
0195-IESCP,1,United States,California,Armona,93202,"36.315979, -119.710852",36.315979,-119.710852,Male,No,Yes,No,10,Yes,Yes,Fiber optic,No,No,No,No,No,Yes,Month-to-month,Yes,Electronic check,85.25,855.3,Yes,1,75,3573,Competitor offered more data,0.8087016796217461,1,High,2,New High-Risk,-2.424274855701991,-1.797945269330952,High Risk,2889.4911012884986,2889.4911012884986,0.911401391452506,Critical,625
7861-UVUFT,1,United States,California,Sloughhouse,95683,"38.470423, -121.114897",38.470423,-121.114897,Female,No,Yes,No,15,Yes,No,Fiber optic,No,No,Yes,No,Yes,No,Month-to-month,Yes,Electronic check,84.3,1308.4,Yes,1,86,4003,Competitor had better devices,0.7210636049647965,1,High,2,New High-Risk,-2.010917884985302,-1.3631550418313436,High Risk,2886.41761067408,2886.41761067408,0.9112594065029107,Critical,626
3804-RVTGV,1,United States,California,Mountain View,94043,"37.419725, -122.062947",37.419725,-122.062947,Male,No,Yes,No,50,Yes,Yes,Fiber optic,No,Yes,Yes,No,Yes,Yes,Month-to-month,Yes,Bank transfer (automatic),103.85,5017.9,Yes,1,100,5812,Price too high,0.4960148550796477,0,Medium,0,Established High-Value,-2.651523794711513,2.500405232127132,Standard,2882.8383377229125,2882.8383377229125,0.9111174215533153,Critical,627
9965-YOKZB,1,United States,California,Grizzly Flats,95636,"38.636102, -120.522149",38.636102,-120.522149,Male,Yes,No,No,9,Yes,Yes,Fiber optic,No,No,No,No,No,Yes,Month-to-month,Yes,Electronic check,83.85,790.15,Yes,1,71,3723,Network reliability,0.7742385938473432,1,High,2,New High-Risk,-2.840704630361902,-2.748397336755445,High Risk,2882.4902848936586,2882.4902848936586,0.91097543660372,Critical,628
5583-SXDAG,1,United States,California,Alhambra,91803,"34.074736, -118.145959",34.074736,-118.145959,Male,No,Yes,No,1,Yes,No,Fiber optic,No,No,No,No,No,No,Month-to-month,No,Electronic check,70.0,70.0,Yes,1,97,4094,Don't know,0.7036218277550537,1,High,2,New High-Risk,-1.2674773865262932,-3.319443411762366,High Risk,2880.6277628291896,2880.6277628291896,0.9108334516541247,Critical,629
7479-NITWS,1,United States,California,Green Valley Lake,92341,"34.244411, -117.072654",34.244411,-117.072654,Male,No,No,No,7,Yes,Yes,Fiber optic,No,No,Yes,No,Yes,No,Month-to-month,Yes,Credit card (automatic),89.35,631.85,Yes,1,91,4154,Price too high,0.6933779425109206,1,Medium,2,New High-Risk,-2.196787897402126,-1.2748725006180783,Standard,2880.291973190364,2880.291973190364,0.9106914667045293,Critical,630
1226-IENZN,1,United States,California,Los Angeles,90024,"34.066303, -118.435479",34.066303,-118.435479,Male,Yes,No,No,16,Yes,No,Fiber optic,No,No,No,No,No,Yes,Month-to-month,Yes,Electronic check,78.75,1218.25,No,0,74,4351,Attitude of support person,0.6615853633857957,1,Medium,2,New High-Risk,-2.4195385718832467,-3.115699926321879,Standard,2878.557916091597,2878.557916091597,0.910549481754934,Critical,631
7270-BDIOA,1,United States,California,Maxwell,95955,"39.281194, -122.226568",39.281194,-122.226568,Female,No,No,No,22,Yes,Yes,Fiber optic,No,No,No,Yes,Yes,No,Month-to-month,Yes,Electronic check,90.0,1993.8,Yes,1,95,4739,Limited range of services,0.6072568955529796,1,Medium,2,New High-Risk,-2.412395768081279,-1.3672677334164225,Standard,2877.7904280255702,2877.7904280255702,0.9104074968053386,Critical,632
9801-GDWGV,1,United States,California,Onyx,93255,"35.676978, -118.101378",35.676978,-118.101378,Female,No,No,No,39,Yes,Yes,Fiber optic,No,Yes,Yes,No,Yes,Yes,Month-to-month,Yes,Electronic check,103.45,3994.45,Yes,1,83,4811,Attitude of service provider,0.5981213147804055,1,Medium,0,Established High-Value,-2.798365011824836,0.758365255559788,Standard,2877.561645408531,2877.561645408531,0.9102655118557433,Critical,633
6941-PMGEP,1,United States,California,Novato,94945,"38.135897, -122.563683",38.135897,-122.563683,Female,No,No,No,5,Yes,No,Fiber optic,No,No,No,No,No,Yes,Month-to-month,Yes,Electronic check,80.0,412.5,Yes,1,97,3937,Competitor made better offer,0.7307802828363973,1,High,2,New High-Risk,-1.9428824022939224,-3.313233218067997,High Risk,2877.081973526896,2877.081973526896,0.910123526906148,Critical,634
6557-BZXLQ,1,United States,California,Cabazon,92230,"33.929812, -116.76058",33.929812,-116.76058,Male,Yes,No,No,16,Yes,No,Fiber optic,No,No,No,No,No,No,Month-to-month,No,Electronic check,69.65,1043.3,No,0,63,5610,Attitude of support person,0.5126487152059357,1,Medium,2,New High-Risk,-1.7721702459105295,-3.724093247708337,Standard,2875.959292305299,2875.959292305299,0.9099815419565526,Critical,635
8878-HMWBV,1,United States,California,Nice,95464,"39.12334, -122.838198",39.12334,-122.838198,Male,No,No,No,3,Yes,No,DSL,No,No,Yes,No,No,No,Month-to-month,Yes,Electronic check,49.15,169.05,Yes,1,68,5598,Competitor had better devices,0.5137042768178066,1,Medium,2,New High-Risk,-1.4340538600582164,-3.2742881860598936,Standard,2875.7165416260814,2875.7165416260814,0.9098395570069573,Critical,636
0115-TFERT,1,United States,California,Fresno,93650,"36.841655, -119.797113",36.841655,-119.797113,Male,No,Yes,No,21,Yes,Yes,Fiber optic,No,Yes,Yes,Yes,Yes,Yes,Month-to-month,Yes,Electronic check,111.2,2317.1,Yes,1,89,4123,Attitude of service provider,0.6970446242485316,1,Medium,0,Established High-Value,-2.6192647997471985,1.8113638889879675,Standard,2873.914985776696,2873.914985776696,0.9096975720573619,Critical,637
2519-FAKOD,1,United States,California,Tehachapi,93561,"35.073777, -118.652112",35.073777,-118.652112,Male,No,No,No,38,Yes,Yes,Fiber optic,No,No,Yes,No,Yes,Yes,Month-to-month,Yes,Bank transfer (automatic),99.25,3777.15,Yes,1,76,5274,Competitor offered more data,0.5448276804241236,1,Medium,0,Established High-Value,-2.557579630739057,0.5239029879368838,Standard,2873.4211865568277,2873.4211865568277,0.9095555871077666,Critical,638
4626-GYCZP,1,United States,California,Eureka,95503,"40.737431, -124.108897",40.737431,-124.108897,Male,No,No,No,7,Yes,Yes,Fiber optic,No,No,No,No,Yes,Yes,Month-to-month,Yes,Electronic check,93.85,635.6,Yes,1,79,3506,Network reliability,0.8192331084114588,1,High,2,New High-Risk,-2.545071586272642,-1.9249065616314835,High Risk,2872.2312780905745,2872.2312780905745,0.9094136021581712,Critical,639
9506-UXUSK,1,United States,California,San Jose,95116,"37.350284, -121.852855",37.350284,-121.852855,Male,No,No,No,13,Yes,No,Fiber optic,No,No,No,No,No,No,Month-to-month,Yes,Electronic check,70.15,931.75,No,0,30,4599,Attitude of support person,0.6242798719341521,1,Medium,2,New High-Risk,-1.834228335912919,-3.835543435759628,Standard,2871.0631310251656,2871.0631310251656,0.9092716172085759,Critical,640
8873-GLDMH,1,United States,California,Courtland,95615,"38.311609, -121.554034",38.311609,-121.554034,Female,No,No,No,6,Yes,Yes,Fiber optic,No,No,No,No,No,No,Month-to-month,Yes,Mailed check,73.85,401.3,No,0,76,4220,Attitude of support person,0.6798237468361538,1,Medium,2,New High-Risk,-1.7399660669063135,-3.399493349156401,Standard,2868.8562116485687,2868.8562116485687,0.9091296322589806,Critical,641
8563-OYMQY,1,United States,California,Covina,91722,"34.097345, -117.906736",34.097345,-117.906736,Male,No,No,No,17,Yes,No,Fiber optic,No,Yes,Yes,No,No,Yes,Month-to-month,Yes,Credit card (automatic),90.95,1612.2,No,0,23,5687,Attitude of support person,0.5040918376361162,1,Medium,2,New High-Risk,-1.8475785855504072,-0.6509082394479574,Standard,2866.770280636593,2866.770280636593,0.9089876473093852,Critical,642
6899-PPEEA,1,United States,California,Vallejo,94590,"38.104705, -122.247387",38.104705,-122.247387,Female,Yes,No,No,37,Yes,Yes,Fiber optic,No,No,No,No,Yes,Yes,Month-to-month,Yes,Electronic check,96.55,3580.3,Yes,1,81,4448,Attitude of service provider,0.6444531263874553,1,Medium,2,New High-Risk,-3.191050791203225,-1.0780453178497402,Standard,2866.5275061714015,2866.5275061714015,0.9088456623597898,Critical,643
3082-VQXNH,1,United States,California,Hat Creek,96040,"40.789799, -121.474529",40.789799,-121.474529,Male,No,Yes,No,3,No,No phone service,DSL,No,Yes,No,No,No,No,Month-to-month,No,Credit card (automatic),29.8,94.4,No,0,32,5614,Attitude of support person,0.5105671585218399,1,Medium,3,Mid-Tenure Moderate-Risk,-1.2168130515555102,-2.3138862793062693,Standard,2866.324027941609,2866.324027941609,0.9087036774101945,Critical,644
0841-NULXI,1,United States,California,Stockton,95209,"38.044523, -121.348048",38.044523,-121.348048,Male,No,No,No,1,No,No phone service,DSL,No,No,No,No,No,Yes,Month-to-month,Yes,Electronic check,35.55,35.55,Yes,1,71,3958,Don't know,0.7241617279496609,1,High,3,Mid-Tenure Moderate-Risk,-2.0716077297832176,-3.8747424640291848,High Risk,2866.232119224758,2866.232119224758,0.9085616924605991,Critical,645
5366-IJEQJ,1,United States,California,Alhambra,91801,"34.090925, -118.128164",34.090925,-118.128164,Male,No,No,No,20,Yes,Yes,Fiber optic,No,No,Yes,No,Yes,No,Month-to-month,Yes,Electronic check,88.7,1761.45,Yes,1,86,4115,Don't know,0.6960868350488297,1,Medium,2,New High-Risk,-2.4909790851370257,-1.440909441821544,Standard,2864.397326225934,2864.397326225934,0.9084197075110039,Critical,646
5439-WIKXB,1,United States,California,Newhall,91321,"34.370378, -118.504118",34.370378,-118.504118,Male,Yes,Yes,No,41,Yes,No,Fiber optic,No,Yes,No,No,Yes,Yes,Month-to-month,Yes,Electronic check,94.55,3851.45,No,0,45,4914,Attitude of support person,0.5821260730646832,1,Medium,2,New High-Risk,-2.757359910584064,0.031046524366274,Standard,2860.5675230398533,2860.5675230398533,0.9082777225614085,Critical,647
5143-EGQFK,1,United States,California,Imperial,92251,"32.858595, -115.662709",32.858595,-115.662709,Female,Yes,No,No,10,No,No phone service,DSL,No,No,No,Yes,No,No,Month-to-month,Yes,Electronic check,29.65,291.4,Yes,1,89,5702,Network reliability,0.5016605383837232,1,Medium,3,Mid-Tenure Moderate-Risk,-2.2901621798630383,-3.614424806720536,Standard,2860.4683898639896,2860.4683898639896,0.9081357376118131,Critical,648
8160-HOWOX,1,United States,California,San Bernardino,92407,"34.250069, -117.393949",34.250069,-117.393949,Female,No,No,No,7,Yes,No,DSL,No,No,No,No,Yes,Yes,Month-to-month,Yes,Electronic check,66.85,458.1,No,0,43,4858,Attitude of support person,0.5887525566666013,1,Medium,2,New High-Risk,-1.746457532775001,-2.544235302019201,Standard,2860.159920286349,2860.159920286349,0.9079937526622178,Critical,649
1977-STDKI,1,United States,California,The Sea Ranch,95497,"38.696659, -123.436861",38.696659,-123.436861,Female,Yes,No,No,1,Yes,No,Fiber optic,No,Yes,No,No,No,No,Month-to-month,Yes,Electronic check,73.0,73.0,Yes,1,76,4116,Competitor offered more data,0.6940666397258194,1,Medium,2,New High-Risk,-2.202395719098401,-3.5645151921282627,Standard,2856.7782891114725,2856.7782891114725,0.9078517677126224,Critical,650
1078-TDCRN,1,United States,California,Agoura Hills,91301,"34.129058, -118.759788",34.129058,-118.759788,Female,Yes,Yes,No,3,No,No phone service,DSL,No,Yes,No,No,No,No,Month-to-month,Yes,Electronic check,30.75,82.85,No,0,27,4133,Attitude of support person,0.6911170796612428,1,Medium,3,Mid-Tenure Moderate-Risk,-2.374295462045381,-3.15387930765146,Standard,2856.3868902399167,2856.3868902399167,0.9077097827630272,Critical,651
0434-CSFON,1,United States,California,Los Angeles,90071,"34.052917, -118.255178",34.052917,-118.255178,Female,No,Yes,No,47,Yes,Yes,Fiber optic,No,No,Yes,No,Yes,Yes,Month-to-month,Yes,Electronic check,100.5,4707.1,No,0,70,4488,Attitude of support person,0.6359791246056654,1,Medium,0,Established High-Value,-2.8419782222053778,1.019511136021814,Standard,2854.2743112302264,2854.2743112302264,0.9075677978134318,Critical,652
5480-TBGPH,1,United States,California,Sacramento,95842,"38.687367, -121.34848",38.687367,-121.34848,Female,No,Yes,No,24,Yes,No,Fiber optic,No,Yes,Yes,No,Yes,Yes,Month-to-month,Yes,Credit card (automatic),99.3,2431.35,Yes,1,69,4811,Competitor offered more data,0.5930874988036469,1,Medium,0,Established High-Value,-2.024981277536169,1.0533588548455124,Standard,2853.343956744345,2853.343956744345,0.9074258128638364,Critical,653
8417-FMLZI,1,United States,California,Santa Cruz,95060,"36.993451, -122.098858",36.993451,-122.098858,Male,No,Yes,No,6,Yes,No,Fiber optic,No,Yes,No,No,No,Yes,Month-to-month,Yes,Credit card (automatic),83.55,477.55,Yes,1,91,4242,Product dissatisfaction,0.6723966372593485,1,Medium,2,New High-Risk,-1.7263003379058108,-1.1925525168343605,Standard,2852.306535254156,2852.306535254156,0.9072838279142411,Critical,654
6110-OHIHY,1,United States,California,Burney,96013,"40.946785, -121.719489",40.946785,-121.719489,Male,No,No,No,3,Yes,No,Fiber optic,No,No,No,No,Yes,No,Month-to-month,No,Electronic check,79.25,267.6,Yes,1,89,4183,Competitor offered higher download speeds,0.6814557268401312,1,Medium,2,New High-Risk,-1.421776525234121,-3.2958624498815823,Standard,2850.529305372269,2850.529305372269,0.9071418429646457,Critical,655
9572-WUKSB,1,United States,California,South Pasadena,91030,"34.110444, -118.156957",34.110444,-118.156957,Male,No,Yes,No,3,No,No phone service,DSL,No,No,No,Yes,No,No,Month-to-month,Yes,Electronic check,29.9,92.25,No,0,23,4416,Attitude of support person,0.6453454628392714,1,Medium,3,Mid-Tenure Moderate-Risk,-1.835650113326008,-2.961388058527944,Standard,2849.8455638982227,2849.8455638982227,0.9069998580150505,Critical,656
4484-GLZOU,1,United States,California,San Dimas,91773,"34.102119, -117.815532",34.102119,-117.815532,Female,No,Yes,No,52,Yes,Yes,Fiber optic,No,Yes,Yes,No,Yes,Yes,Month-to-month,Yes,Electronic check,105.05,5624.85,Yes,1,65,4839,Don't know,0.5888095917024099,1,Medium,0,Established High-Value,-2.9114607667111176,2.004585648602516,Standard,2849.2496142479613,2849.2496142479613,0.9068578730654551,Critical,657
8481-YYXWG,1,United States,California,Hume,93628,"36.807595, -118.901544",36.807595,-118.901544,Female,No,No,No,5,Yes,No,Fiber optic,No,Yes,No,Yes,No,Yes,Month-to-month,Yes,Electronic check,89.35,461.7,Yes,1,70,4584,Network reliability,0.6214397248852386,1,Medium,2,New High-Risk,-1.872521064707264,-1.695814903675035,Standard,2848.679698873934,2848.679698873934,0.9067158881158597,Critical,658
6029-WTIPC,1,United States,California,Jacumba,91934,"32.649787, -116.2237",32.649787,-116.2237,Male,Yes,No,No,37,Yes,Yes,Fiber optic,No,No,Yes,No,Yes,Yes,Month-to-month,Yes,Electronic check,101.1,3744.05,Yes,1,87,4424,Competitor had better devices,0.6432572402004326,1,Medium,2,New High-Risk,-3.2159447604771154,-0.1999613029463763,Standard,2845.770030646714,2845.770030646714,0.9065739031662644,Critical,659
7207-RMRDB,1,United States,California,Santa Barbara,93110,"34.437945, -119.77191",34.437945,-119.77191,Female,No,Yes,No,65,Yes,Yes,Fiber optic,No,Yes,Yes,No,Yes,Yes,Month-to-month,Yes,Electronic check,105.5,6985.65,Yes,1,89,5720,Competitor had better devices,0.4973372428391638,0,Medium,0,Established High-Value,-3.006959802132507,2.490631857401602,Standard,2844.769029040017,2844.769029040017,0.906431918216669,Critical,660
6393-WRYZE,1,United States,California,Bridgeville,95526,"40.372532, -123.525626",40.372532,-123.525626,Female,No,Yes,No,34,Yes,Yes,Fiber optic,No,No,No,No,Yes,Yes,Month-to-month,Yes,Electronic check,97.65,3207.55,Yes,1,87,3979,Don't know,0.7142472614325991,1,High,2,New High-Risk,-2.7425610266893243,-0.2867525574392447,High Risk,2841.9898532403117,2841.9898532403117,0.9062899332670737,Critical,661
8818-XYFCQ,1,United States,California,Walnut Creek,94598,"37.916648, -122.008483",37.916648,-122.008483,Male,No,Yes,No,32,Yes,Yes,Fiber optic,Yes,No,No,No,Yes,Yes,Month-to-month,Yes,Credit card (automatic),99.55,3204.65,Yes,1,71,5026,Competitor made better offer,0.5651482054537191,1,Medium,0,Established High-Value,-2.396015100350522,0.9975423107099528,Standard,2840.434880610392,2840.434880610392,0.9061479483174784,Critical,662
2916-BQZLN,1,United States,California,Reseda,91335,"34.200175, -118.540958",34.200175,-118.540958,Male,No,No,No,19,Yes,Yes,Fiber optic,Yes,No,Yes,No,No,No,Month-to-month,Yes,Electronic check,84.75,1651.95,No,0,24,5157,Attitude of support person,0.5501772611384779,1,Medium,2,New High-Risk,-2.25286956020617,-1.4223227742304785,Standard,2837.2641356911304,2837.2641356911304,0.906005963367883,Critical,663
9512-UIBFX,1,United States,California,West Covina,91791,"34.061634, -117.893169",34.061634,-117.893169,Male,No,Yes,No,18,Yes,No,Fiber optic,No,No,Yes,No,Yes,Yes,Month-to-month,No,Mailed check,95.15,1779.95,Yes,1,68,4643,Don't know,0.609812305425322,1,Medium,2,New High-Risk,-1.1963664979853053,-0.2786046838826558,Standard,2831.3585340897703,2831.3585340897703,0.9058639784182877,Critical,664
3158-MOERK,1,United States,California,Hayward,94545,"37.62984, -122.120843",37.62984,-122.120843,Female,No,No,No,2,Yes,Yes,Fiber optic,No,No,No,No,Yes,Yes,Month-to-month,Yes,Electronic check,96.0,174.8,Yes,1,83,3391,Competitor offered more data,0.8341623730205446,1,High,2,New High-Risk,-2.5319631714574085,-2.063746673179574,High Risk,2828.644606912667,2828.644606912667,0.9057219934686923,Critical,665
0742-NXBGR,1,United States,California,Adin,96006,"41.171578, -120.913161",41.171578,-120.913161,Female,No,No,No,1,Yes,No,Fiber optic,No,Yes,Yes,No,No,No,Month-to-month,Yes,Electronic check,82.3,82.3,Yes,1,71,4278,Competitor had better devices,0.6606954337913619,1,Medium,2,New High-Risk,-1.8279633111136944,-2.548553513249864,Standard,2826.455065759446,2826.455065759446,0.9055800085190969,Critical,666
8543-MSDMF,1,United States,California,Coachella,92236,"33.680031, -116.171678",33.680031,-116.171678,Male,No,No,No,3,Yes,No,DSL,Yes,No,Yes,No,Yes,Yes,Month-to-month,Yes,Electronic check,77.4,206.15,No,0,24,5528,Attitude of support person,0.5110940515148695,1,Medium,2,New High-Risk,-1.657369252679906,-0.9909377509829944,Standard,2825.327916774199,2825.327916774199,0.9054380235695016,Critical,667
7077-XJMET,1,United States,California,Alta,95701,"39.218096, -120.79153",39.218096,-120.79153,Male,No,Yes,No,12,Yes,No,DSL,No,No,Yes,Yes,Yes,Yes,Month-to-month,Yes,Electronic check,74.15,741.4,No,0,52,5426,Attitude of support person,0.520509851108124,1,Medium,2,New High-Risk,-1.6790342625355676,0.097802772529787,Standard,2824.2864521126808,2824.2864521126808,0.9052960386199063,Critical,668
9611-CTWIH,1,United States,California,Garden Grove,92841,"33.786738, -117.982564",33.786738,-117.982564,Female,No,No,No,3,Yes,No,Fiber optic,No,No,No,No,Yes,Yes,Month-to-month,Yes,Electronic check,89.45,240.45,Yes,1,84,3591,Competitor made better offer,0.7864574307447024,1,High,2,New High-Risk,-2.071247240194202,-2.625857846293399,High Risk,2824.1686338042264,2824.1686338042264,0.905154053670311,Critical,669
0378-NHQXU,1,United States,California,South San Francisco,94080,"37.654436, -122.426468",37.654436,-122.426468,Female,No,Yes,No,17,Yes,Yes,Fiber optic,No,No,Yes,No,Yes,No,Month-to-month,No,Electronic check,88.25,1460.65,Yes,1,68,4041,Deceased,0.6988158398413263,1,Medium,2,New High-Risk,-1.9632019389111195,-0.6683506310405358,Standard,2823.9148087987996,2823.9148087987996,0.9050120687207156,Critical,670
1396-QWFBJ,1,United States,California,Rancho Santa Margarita,92688,"33.624654, -117.611733",33.624654,-117.611733,Female,No,Yes,No,21,Yes,No,Fiber optic,No,Yes,No,No,No,No,Month-to-month,Yes,Bank transfer (automatic),74.05,1565.7,Yes,1,91,5630,Lack of self-service on Website,0.5011037858002626,1,Medium,2,New High-Risk,-1.6674097145741285,-1.4496863159972528,Standard,2821.2143140554786,2821.2143140554786,0.9048700837711202,Critical,671
8107-KNCIM,1,United States,California,San Francisco,94111,"37.801776, -122.402293",37.801776,-122.402293,Male,Yes,Yes,No,14,Yes,Yes,Fiber optic,No,No,No,No,No,No,Month-to-month,Yes,Electronic check,75.1,1013.35,No,0,66,3771,Attitude of support person,0.7479655241120503,1,High,2,New High-Risk,-2.717077037884698,-2.6016629925724564,High Risk,2820.5779914265418,2820.5779914265418,0.9047280988215249,Critical,672
9102-IAYHT,1,United States,California,Salinas,93908,"36.624338, -121.615669",36.624338,-121.615669,Female,No,Yes,No,17,Yes,Yes,Fiber optic,No,No,No,No,No,Yes,Month-to-month,Yes,Electronic check,85.45,1451.6,Yes,1,94,3670,Attitude of support person,0.7684446551069171,1,High,2,New High-Risk,-2.46533101789465,-1.6042259557463547,High Risk,2820.1918842423856,2820.1918842423856,0.9045861138719296,Critical,673
7410-OIEDU,1,United States,California,Culver City,90230,"33.993991, -118.39704",33.993991,-118.39704,Male,No,No,No,10,Yes,No,Fiber optic,Yes,No,Yes,No,No,No,Month-to-month,Yes,Mailed check,79.85,887.35,No,0,38,5983,Attitude of support person,0.471323280824863,0,Medium,2,New High-Risk,-1.2551578299724806,-2.093623963153158,Standard,2819.9271891751555,2819.9271891751555,0.9044441289223343,Critical,674
0011-IGKFF,1,United States,California,Martinez,94553,"38.014457, -122.115432",38.014457,-122.115432,Male,Yes,Yes,No,13,Yes,No,Fiber optic,No,Yes,Yes,No,Yes,Yes,Month-to-month,Yes,Electronic check,98.0,1237.85,Yes,1,99,3714,Product dissatisfaction,0.7587013297112878,1,High,2,New High-Risk,-2.588760378177802,-0.0239805230453505,High Risk,2817.8167385477227,2817.8167385477227,0.9043021439727389,Critical,675
6833-JMZYP,1,United States,California,Hesperia,92345,"34.361387, -117.337509",34.361387,-117.337509,Female,No,No,No,15,Yes,No,Fiber optic,No,No,Yes,No,Yes,Yes,Month-to-month,Yes,Credit card (automatic),94.0,1505.45,No,0,77,4521,Attitude of support person,0.6226183007763901,1,Medium,2,New High-Risk,-1.9469496218270164,-0.8087680900087202,Standard,2814.8573378100596,2814.8573378100596,0.9041601590231435,Critical,676
1769-GRUIK,1,United States,California,Gridley,95948,"39.346898, -121.759537",39.346898,-121.759537,Female,No,No,No,18,Yes,No,Fiber optic,No,No,No,No,No,No,Month-to-month,Yes,Electronic check,71.1,1247.75,No,0,28,4911,Attitude of support person,0.572783349583829,1,Medium,2,New High-Risk,-1.8655836531321424,-3.678102756260344,Standard,2812.9390298061844,2812.9390298061844,0.9040181740735482,Critical,677
3834-XUIFC,1,United States,California,Long Beach,90814,"33.771612, -118.143866",33.771612,-118.143866,Male,No,No,No,7,Yes,Yes,Fiber optic,No,No,No,No,No,Yes,Month-to-month,Yes,Mailed check,85.2,602.55,Yes,1,86,3905,Lack of self-service on Website,0.7202099979660221,1,High,2,New High-Risk,-1.910325427154328,-2.6006031589860488,High Risk,2812.4200420573166,2812.4200420573166,0.9038761891239528,Critical,678
7590-VHVEG,1,United States,California,Los Angeles,90001,"33.973616, -118.24902",33.973616,-118.24902,Female,No,Yes,No,1,No,No phone service,DSL,No,Yes,No,No,No,No,Month-to-month,Yes,Electronic check,29.85,29.85,No,0,27,3964,Attitude of support person,0.7088183379596078,1,High,3,Mid-Tenure Moderate-Risk,-1.9310886727444083,-3.0997951657303413,High Risk,2809.7558916718854,2809.7558916718854,0.9037342041743576,Critical,679
6298-QDFNH,1,United States,California,Banning,92220,"33.936298, -116.849577",33.936298,-116.849577,Male,No,No,No,22,Yes,Yes,Fiber optic,No,Yes,No,No,No,No,Month-to-month,Yes,Electronic check,79.35,1730.35,Yes,1,68,4718,Product dissatisfaction,0.5949392476898815,1,Medium,2,New High-Risk,-2.350185667405864,-2.240556442040793,Standard,2806.923370600861,2806.923370600861,0.9035922192247622,Critical,680
5028-GZLDO,1,United States,California,Moraga,94556,"37.827946, -122.107185",37.827946,-122.107185,Male,No,No,No,2,Yes,No,Fiber optic,No,No,No,No,No,No,Month-to-month,No,Credit card (automatic),70.7,140.7,Yes,1,96,5317,Service dissatisfaction,0.5278997712805483,1,Medium,2,New High-Risk,-1.0604496261555056,-3.4654339795925373,Standard,2806.8430838986756,2806.8430838986756,0.9034502342751668,Critical,681
1104-TNLZA,1,United States,California,Klamath River,96050,"41.816595, -122.948287",41.816595,-122.948287,Male,Yes,Yes,No,28,Yes,Yes,Fiber optic,No,Yes,No,Yes,Yes,Yes,Month-to-month,Yes,Electronic check,105.8,2998.0,No,0,73,4174,Attitude of support person,0.6719196321279738,1,Medium,0,Established High-Value,-3.0704674081699217,1.0340914981847598,Standard,2804.5925445021626,2804.5925445021626,0.9033082493255715,Critical,682
5281-BUZGT,1,United States,California,Weaverville,96093,"40.759401, -122.939337",40.759401,-122.939337,Male,Yes,No,No,36,Yes,Yes,Fiber optic,Yes,No,No,No,Yes,No,Month-to-month,Yes,Electronic check,90.85,3186.7,Yes,1,92,5692,Competitor made better offer,0.4926353789993568,0,Medium,2,New High-Risk,-2.92114210583551,-1.0868548387197616,Standard,2804.080577264339,2804.080577264339,0.9031662643759761,Critical,683
8035-PWSEV,1,United States,California,Hayward,94542,"37.656695, -122.048361",37.656695,-122.048361,Female,No,No,No,6,Yes,No,Fiber optic,No,No,Yes,Yes,No,Yes,Month-to-month,Yes,Electronic check,89.25,487.05,No,0,76,4430,Attitude of support person,0.632778386076413,1,Medium,2,New High-Risk,-1.8766577144019896,-1.582076120533926,Standard,2803.2082503185097,2803.2082503185097,0.9030242794263807,Critical,684
6692-YQHXC,1,United States,California,Sacramento,95842,"38.687367, -121.34848",38.687367,-121.34848,Male,No,No,No,16,Yes,No,Fiber optic,No,No,No,No,No,No,Month-to-month,Yes,Credit card (automatic),69.95,1205.5,No,0,54,5596,Attitude of support person,0.5007146795600135,1,Medium,2,New High-Risk,-1.6304609649334052,-3.132532589493969,Standard,2801.9993468178354,2801.9993468178354,0.9028822944767855,Critical,685
1428-GTBJJ,1,United States,California,Jenner,95450,"38.505995, -123.187019",38.505995,-123.187019,Male,No,No,No,11,Yes,No,Fiber optic,No,Yes,No,No,No,No,Month-to-month,Yes,Electronic check,74.55,824.75,Yes,1,81,4601,Long distance charges,0.6085985023401296,1,Medium,2,New High-Risk,-1.8377410046659093,-3.137342333105617,Standard,2800.161709266936,2800.161709266936,0.9027403095271901,Critical,686
1658-TJVOA,1,United States,California,Cazadero,95421,"38.578807, -123.19338",38.578807,-123.19338,Female,Yes,No,No,6,Yes,No,Fiber optic,Yes,No,No,No,No,No,Month-to-month,Yes,Electronic check,74.1,450.9,No,0,79,4716,Attitude of support person,0.5937034761469384,1,Medium,2,New High-Risk,-2.124060980465861,-3.408285838940718,Standard,2799.9055935089614,2799.9055935089614,0.9025983245775948,Critical,687
1260-TTRXI,1,United States,California,Planada,95365,"37.329725, -120.306399",37.329725,-120.306399,Male,No,No,No,4,Yes,No,DSL,No,No,No,No,No,Yes,Month-to-month,No,Electronic check,54.3,195.3,Yes,1,87,5834,Long distance charges,0.4798890271759837,0,Medium,2,New High-Risk,-1.0654664651587855,-3.253012055386362,Standard,2799.672584544689,2799.672584544689,0.9024563396279994,Critical,688
1173-XZPYF,1,United States,California,Torrance,90501,"33.833699, -118.314387",33.833699,-118.314387,Female,No,No,No,11,Yes,Yes,Fiber optic,No,No,Yes,No,Yes,No,Month-to-month,Yes,Electronic check,89.2,990.3,No,0,32,3734,Attitude of support person,0.7494940398688661,1,High,2,New High-Risk,-2.4423418464563538,-1.7200308539813032,High Risk,2798.610744870346,2798.610744870346,0.902314354678404,Critical,689
7901-TBKJX,1,United States,California,Twentynine Palms,92278,"34.457829, -116.139589",34.457829,-116.139589,Male,Yes,No,No,56,Yes,Yes,Fiber optic,No,No,Yes,No,Yes,Yes,Month-to-month,Yes,Electronic check,101.05,5594.0,No,0,65,5514,Attitude of support person,0.5075088658311732,1,Medium,0,Established High-Value,-3.340853202082781,0.462089571750453,Standard,2798.403886193089,2798.403886193089,0.9021723697288088,Critical,690
3540-RZJYU,1,United States,California,Zenia,95595,"40.170357, -123.417298",40.170357,-123.417298,Female,No,No,No,15,Yes,No,Fiber optic,Yes,No,No,No,Yes,No,Month-to-month,No,Electronic check,86.2,1270.2,Yes,1,90,5829,Lack of self-service on Website,0.4798311130707428,0,Medium,2,New High-Risk,-1.41348343975409,-2.0741787521497383,Standard,2796.93555808936,2796.93555808936,0.9020303847792134,Critical,691
2077-MPJQO,1,United States,California,Menlo Park,94025,"37.449551, -122.183762",37.449551,-122.183762,Male,Yes,Yes,No,7,Yes,Yes,Fiber optic,No,No,No,No,No,No,Month-to-month,Yes,Electronic check,75.4,533.05,No,0,41,3533,Attitude of support person,0.7915049226945179,1,High,2,New High-Risk,-2.685514013757801,-2.794648010292017,High Risk,2796.3868918797316,2796.3868918797316,0.9018883998296181,Critical,692
4062-HBMOS,1,United States,California,Redding,96003,"40.677649, -122.29467",40.677649,-122.29467,Male,No,No,No,52,Yes,Yes,Fiber optic,No,Yes,Yes,No,Yes,Yes,Month-to-month,Yes,Electronic check,103.05,5364.8,No,0,80,5432,Attitude of support person,0.5143699439876199,1,Medium,0,Established High-Value,-2.885834731974778,1.208620343258041,Standard,2794.0575357407515,2794.0575357407515,0.9017464148800227,Critical,693
8404-GFGCZ,1,United States,California,Millville,96062,"40.531257, -122.148139",40.531257,-122.148139,Male,No,Yes,No,4,Yes,Yes,DSL,No,No,Yes,No,Yes,No,Month-to-month,No,Electronic check,65.6,250.1,No,0,44,4552,Attitude of support person,0.6136717543842445,1,Medium,2,New High-Risk,-1.539870639704911,-1.119054017393451,Standard,2793.433825957081,2793.433825957081,0.9016044299304273,Critical,694
7938-OUHIO,1,United States,California,Mill Valley,94941,"37.901371, -122.572024",37.901371,-122.572024,Male,No,No,No,3,Yes,No,Fiber optic,No,No,Yes,Yes,Yes,Yes,Month-to-month,Yes,Electronic check,98.7,293.65,Yes,1,72,3916,Attitude of service provider,0.71279582978873,1,High,2,New High-Risk,-2.001891897390617,-0.9328928208949958,High Risk,2791.308469452667,2791.308469452667,0.9014624449808321,Critical,695
4480-QQRHC,1,United States,California,Hydesville,95547,"40.557314, -124.081662",40.557314,-124.081662,Female,Yes,No,No,8,Yes,No,Fiber optic,No,No,Yes,No,No,No,Month-to-month,Yes,Bank transfer (automatic),74.05,600.15,No,0,79,4899,Attitude of support person,0.5690185826123298,1,Medium,2,New High-Risk,-2.033195930364442,-2.6818697646755205,Standard,2787.6220362178037,2787.6220362178037,0.9013204600312367,Critical,696
1766-GKNMI,1,United States,California,Bakersfield,93307,"35.280113, -118.962329",35.280113,-118.962329,Male,No,No,No,29,Yes,Yes,Fiber optic,No,No,No,No,No,Yes,Month-to-month,Yes,Electronic check,84.9,2516.2,No,0,69,4388,Attitude of support person,0.6352543877360595,1,Medium,2,New High-Risk,-2.535413635241224,-2.025265681851042,Standard,2787.496253385829,2787.496253385829,0.9011784750816414,Critical,697
1346-UFHAX,1,United States,California,Woodbridge,95258,"38.169605, -121.310964",38.169605,-121.310964,Female,No,No,No,13,Yes,Yes,Fiber optic,Yes,No,No,No,No,No,Month-to-month,Yes,Credit card (automatic),80.0,1029.35,No,0,78,5577,Attitude of support person,0.499771622998685,0,Medium,2,New High-Risk,-1.972222381063733,-1.9014669388578256,Standard,2787.2263414636664,2787.2263414636664,0.901036490132046,Critical,698
6693-FRIRW,1,United States,California,Newport Beach,92661,"33.601309, -117.902304",33.601309,-117.902304,Male,No,No,No,18,Yes,No,Fiber optic,No,Yes,Yes,No,Yes,Yes,Month-to-month,No,Credit card (automatic),101.3,1794.65,No,0,80,5948,Attitude of support person,0.4685499416678331,0,Medium,2,New High-Risk,-1.505646232284008,0.2517305405571181,Standard,2786.935053040271,2786.935053040271,0.9008945051824506,Critical,699
9921-ZVRHG,1,United States,California,Traver,93673,"36.456091, -119.486225",36.456091,-119.486225,Female,No,No,No,14,Yes,Yes,Fiber optic,No,No,Yes,No,No,No,Month-to-month,Yes,Electronic check,80.45,1072.0,Yes,1,94,4155,Service dissatisfaction,0.6699460916436836,1,Medium,2,New High-Risk,-2.3159581614542626,-2.393894062625677,Standard,2783.626010779505,2783.626010779505,0.9007525202328553,Critical,700
9787-XVQIU,1,United States,California,Sugarloaf,92386,"34.243088, -116.830015",34.243088,-116.830015,Male,No,No,No,1,Yes,Yes,Fiber optic,No,No,No,No,No,No,Month-to-month,Yes,Electronic check,75.3,75.3,Yes,1,100,3596,Attitude of support person,0.7737172147534763,1,High,2,New High-Risk,-2.2254653152918187,-3.645254863803156,High Risk,2782.2871042535007,2782.2871042535007,0.90061053528326,Critical,701
8645-KWHJO,1,United States,California,San Gabriel,91776,"34.089927, -118.095645",34.089927,-118.095645,Male,No,No,No,14,No,No phone service,DSL,No,No,Yes,Yes,Yes,Yes,Month-to-month,Yes,Electronic check,55.0,771.95,No,0,23,4900,Attitude of support person,0.5677936419345353,1,Medium,3,Mid-Tenure Moderate-Risk,-2.2028488721624813,-1.0413347676526048,Standard,2782.188845479223,2782.188845479223,0.9004685503336647,Critical,702
0685-MLYYM,1,United States,California,Buena Park,90620,"33.845706, -118.012204",33.845706,-118.012204,Female,Yes,No,No,2,Yes,No,Fiber optic,No,No,No,No,No,No,Month-to-month,No,Electronic check,70.75,154.85,Yes,1,96,4407,Long distance charges,0.6312292173987476,1,Medium,2,New High-Risk,-1.712242971280436,-4.190662033181535,Standard,2781.827161076281,2781.827161076281,0.9003265653840693,Critical,703
0612-RTZZA,1,United States,California,Vista,92084,"33.22784, -117.200024",33.22784,-117.200024,Female,Yes,No,No,1,No,No phone service,DSL,No,No,No,No,No,No,Month-to-month,No,Electronic check,25.25,25.25,Yes,1,87,4628,Price too high,0.601031992693193,1,Medium,3,Mid-Tenure Moderate-Risk,-1.8500220433176755,-4.655152237089816,Standard,2781.576062184097,2781.576062184097,0.9001845804344739,Critical,704
7881-EVUAD,1,United States,California,Oroville,95966,"39.473896, -121.415927",39.473896,-121.415927,Female,No,No,No,2,No,No phone service,DSL,Yes,Yes,No,No,No,Yes,Month-to-month,Yes,Electronic check,42.6,72.4,Yes,1,79,4648,Competitor offered more data,0.5982815536140738,1,Medium,3,Mid-Tenure Moderate-Risk,-1.970927486228776,-2.34208606408498,Standard,2780.8126611982148,2780.8126611982148,0.9000425954848786,Critical,705
1075-BGWOH,1,United States,California,Rosemead,91770,"34.065108, -118.082791",34.065108,-118.082791,Male,Yes,Yes,No,16,Yes,Yes,Fiber optic,No,No,Yes,No,Yes,Yes,Month-to-month,Yes,Electronic check,98.75,1587.55,Yes,1,87,3392,Lack of self-service on Website,0.8195245405794255,1,High,2,New High-Risk,-3.052612026176763,-0.1105574259191522,High Risk,2779.827241645411,2779.827241645411,0.8999006105352833,High,706
0786-VSSUD,1,United States,California,San Diego,92123,"32.808814, -117.134694",32.808814,-117.134694,Male,Yes,No,No,16,No,No phone service,DSL,No,Yes,No,No,Yes,No,Month-to-month,Yes,Mailed check,39.0,679.85,Yes,1,92,5692,Attitude of service provider,0.4883465519841401,0,Medium,3,Mid-Tenure Moderate-Risk,-2.06140890315435,-2.6819068064807343,Standard,2779.6685738937254,2779.6685738937254,0.8997586255856879,High,707
6326-MTTXK,1,United States,California,Yuba City,95993,"39.075694, -121.70606",39.075694,-121.70606,Male,No,No,No,8,Yes,Yes,Fiber optic,No,Yes,No,No,Yes,Yes,Month-to-month,No,Electronic check,100.85,819.55,Yes,1,97,3849,Attitude of service provider,0.722129613683356,1,High,2,New High-Risk,-2.086696064879764,-1.0469031378211076,High Risk,2779.4768830672374,2779.4768830672374,0.8996166406360926,High,708
9274-CNFMO,1,United States,California,Pacoima,91331,"34.255442, -118.421314",34.255442,-118.421314,Male,Yes,Yes,No,4,Yes,Yes,Fiber optic,No,No,No,No,No,No,Month-to-month,No,Electronic check,74.95,308.7,Yes,1,69,3716,Competitor offered more data,0.7478333210311842,1,High,2,New High-Risk,-2.1645527542193075,-2.804085407667708,High Risk,2778.9486209518805,2778.9486209518805,0.8994746556864972,High,709
6347-DCUIK,1,United States,California,Los Angeles,90043,"33.988543, -118.334081",33.988543,-118.334081,Male,No,No,No,10,Yes,Yes,Fiber optic,No,No,No,No,No,No,Month-to-month,Yes,Mailed check,74.15,811.8,Yes,1,90,4231,Lack of self-service on Website,0.6565671086118203,1,Medium,2,New High-Risk,-1.7684774989012673,-3.28370310228025,Standard,2777.9354365366116,2777.9354365366116,0.8993326707369019,High,710
4137-BTIKL,1,United States,California,Daggett,92327,"34.875144, -116.821698",34.875144,-116.821698,Male,No,No,No,2,Yes,Yes,Fiber optic,Yes,No,No,No,No,Yes,Month-to-month,No,Mailed check,90.75,174.75,No,0,60,4766,Attitude of support person,0.582799506725041,1,Medium,2,New High-Risk,-1.2886752479988095,-1.8793661949374243,Standard,2777.6224490515456,2777.6224490515456,0.8991906857873065,High,711
8443-ZRDBZ,1,United States,California,Fontana,92336,"34.136367, -117.460803",34.136367,-117.460803,Male,No,No,No,4,Yes,Yes,Fiber optic,No,No,No,No,No,No,Month-to-month,Yes,Electronic check,76.05,318.9,Yes,1,75,3685,Long distance charges,0.7535660999685214,1,High,2,New High-Risk,-2.248058058558161,-3.554858988703637,High Risk,2776.8910783840015,2776.8910783840015,0.8990487008377112,High,712
6988-CJEYV,1,United States,California,Crows Landing,95313,"37.435664, -121.049056",37.435664,-121.049056,Male,No,No,No,49,Yes,Yes,Fiber optic,No,Yes,No,No,Yes,Yes,Month-to-month,No,Electronic check,98.7,4920.55,No,0,79,6148,Attitude of support person,0.4516116499732452,0,Medium,0,Established High-Value,-2.345473749670608,0.3812444298033873,Standard,2776.508424035512,2776.508424035512,0.8989067158881159,High,713
5914-DVBWJ,1,United States,California,Riverside,92508,"33.885499, -117.324959",33.885499,-117.324959,Female,Yes,No,No,18,Yes,Yes,Fiber optic,No,Yes,No,Yes,No,No,Month-to-month,Yes,Electronic check,85.45,1505.85,Yes,1,99,5145,Competitor offered more data,0.5396095687335601,1,Medium,2,New High-Risk,-2.688298933280335,-1.59470301855747,Standard,2776.291231134167,2776.291231134167,0.8987647309385205,High,714
3488-PGMQJ,1,United States,California,Alpine,91901,"32.827184, -116.703729",32.827184,-116.703729,Male,Yes,No,No,8,Yes,No,Fiber optic,No,Yes,No,No,No,No,Month-to-month,Yes,Electronic check,74.5,606.55,Yes,1,80,4345,Poor expertise of online support,0.6383695668818583,1,Medium,2,New High-Risk,-2.251318381192988,-3.356957076044191,Standard,2773.7157681016743,2773.7157681016743,0.8986227459889252,High,715
5382-SOYZL,1,United States,California,Concord,94519,"37.990118, -122.012188",37.990118,-122.012188,Male,No,No,No,22,Yes,Yes,Fiber optic,No,No,No,No,Yes,Yes,Month-to-month,Yes,Electronic check,95.1,2162.6,No,0,61,3729,Attitude of support person,0.743238154010723,1,High,2,New High-Risk,-2.6535134087606487,-1.4686064090542792,High Risk,2771.535076305986,2771.535076305986,0.8984807610393298,High,716
9979-RGMZT,1,United States,California,Los Angeles,90022,"34.02381, -118.156582",34.02381,-118.156582,Female,No,No,No,7,Yes,No,Fiber optic,No,Yes,No,No,Yes,Yes,One year,Yes,Mailed check,94.05,633.45,No,0,38,5545,Attitude of support person,0.499329777784468,0,Medium,2,New High-Risk,-1.4420011999964453,-0.6467974168521985,Standard,2768.783617814875,2768.783617814875,0.8983387760897344,High,717
8325-QRPZR,1,United States,California,Benicia,94510,"38.113533, -122.11926",38.113533,-122.11926,Female,No,No,No,7,Yes,No,Fiber optic,No,No,Yes,No,No,No,Month-to-month,Yes,Electronic check,75.15,525.0,No,0,50,4216,Attitude of support person,0.6566516100779963,1,Medium,2,New High-Risk,-1.823828632030337,-3.1645082878012025,Standard,2768.4431880888324,2768.4431880888324,0.8981967911401392,High,718
4815-GBTCD,1,United States,California,Wishon,93669,"37.287758, -119.548156",37.287758,-119.548156,Female,No,Yes,No,4,No,No phone service,DSL,No,No,No,No,No,No,Month-to-month,Yes,Electronic check,25.15,99.95,No,0,31,3891,Attitude of support person,0.711277832065698,1,High,3,Mid-Tenure Moderate-Risk,-1.923498053427656,-3.8000871843277952,High Risk,2767.582044567631,2767.582044567631,0.8980548061905438,High,719
4822-YCXMX,1,United States,California,Fresno,93705,"36.78724, -119.827813",36.78724,-119.827813,Male,No,No,No,25,Yes,Yes,Fiber optic,No,No,No,No,No,Yes,Month-to-month,Yes,Electronic check,84.8,2043.45,Yes,1,70,4203,Extra data charges,0.6583430175294779,1,Medium,2,New High-Risk,-2.503924661733081,-2.17132199933083,Standard,2767.0157026763954,2767.0157026763954,0.8979128212409485,High,720
4090-KPJIP,1,United States,California,Anaheim,92806,"33.83796, -117.870494",33.83796,-117.870494,Female,No,No,No,3,Yes,Yes,Fiber optic,No,No,No,No,No,No,Month-to-month,Yes,Electronic check,74.95,212.4,No,0,70,3641,Attitude of support person,0.7595282354350272,1,High,2,New High-Risk,-2.232198178099313,-3.59427563506792,High Risk,2765.442305218934,2765.442305218934,0.8977708362913531,High,721
7562-GSUHK,1,United States,California,Jamestown,95327,"37.84771, -120.486589",37.84771,-120.486589,Female,No,No,No,16,Yes,No,Fiber optic,No,Yes,Yes,No,No,Yes,Month-to-month,Yes,Credit card (automatic),93.2,1573.7,Yes,1,75,5497,Competitor made better offer,0.5020775188825951,1,Medium,2,New High-Risk,-1.861455563598707,-0.6841978676505791,Standard,2759.9201212976254,2759.9201212976254,0.8976288513417577,High,722
4237-RLAQD,1,United States,California,Callahan,96014,"41.388397, -122.794636",41.388397,-122.794636,Male,No,No,No,1,Yes,No,DSL,No,No,No,No,No,No,Month-to-month,Yes,Mailed check,45.85,45.85,Yes,1,94,5930,Attitude of support person,0.4650615815437552,0,Medium,2,New High-Risk,-0.921643894576522,-4.070961244351666,Standard,2757.8151785544683,2757.8151785544683,0.8974868663921625,High,723
5842-POCOP,1,United States,California,Randsburg,93554,"35.405722, -117.773354",35.405722,-117.773354,Female,No,Yes,No,5,Yes,No,Fiber optic,Yes,No,Yes,No,No,Yes,Month-to-month,Yes,Mailed check,88.9,454.15,Yes,1,79,4356,Competitor offered higher download speeds,0.6330112482631458,1,Medium,2,New High-Risk,-1.357374656228736,-0.8196039408484707,Standard,2757.396997434263,2757.396997434263,0.8973448814425671,High,724
1304-BCCFO,1,United States,California,Redlands,92374,"34.064073, -117.166158",34.064073,-117.166158,Male,No,Yes,No,9,Yes,No,DSL,No,No,Yes,No,Yes,Yes,Month-to-month,Yes,Mailed check,70.05,564.4,No,0,69,4900,Attitude of support person,0.5614765919895505,1,Medium,2,New High-Risk,-1.2583802072204588,-0.7611511727223467,Standard,2751.2353007487973,2751.2353007487973,0.8972028964929717,High,725
2322-VCZHZ,1,United States,California,El Portal,95318,"37.654551, -119.822984",37.654551,-119.822984,Male,Yes,Yes,No,23,Yes,No,Fiber optic,Yes,Yes,No,No,No,Yes,Month-to-month,Yes,Electronic check,90.0,2024.1,No,0,50,4999,Attitude of support person,0.5502101216002739,1,Medium,2,New High-Risk,-2.3989672581165444,-0.5522320705380883,Standard,2750.5003978797695,2750.5003978797695,0.8970609115433764,High,726
1754-GKYPY,1,United States,California,Carson,90746,"33.859171, -118.252272",33.859171,-118.252272,Male,Yes,Yes,No,22,Yes,No,Fiber optic,No,No,No,No,Yes,Yes,Month-to-month,Yes,Bank transfer (automatic),89.75,1938.9,No,0,23,4180,Attitude of support person,0.6578805378871466,1,Medium,2,New High-Risk,-2.395110772176193,-0.8464311317841762,Standard,2749.940648368273,2749.940648368273,0.896918926593781,High,727
4818-QIUFN,1,United States,California,Desert Hot Springs,92241,"33.832799, -116.250973",33.832799,-116.250973,Female,Yes,No,No,20,Yes,Yes,Fiber optic,Yes,No,No,No,No,No,Month-to-month,Yes,Electronic check,79.15,1520.9,Yes,1,95,4997,Competitor offered higher download speeds,0.5501482876051317,1,Medium,2,New High-Risk,-2.6512002648061603,-2.4250472021069784,Standard,2749.090993162843,2749.090993162843,0.8967769416441858,High,728
2675-DHUTR,1,United States,California,Big Pine,93513,"37.245505, -118.062943",37.245505,-118.062943,Male,Yes,Yes,No,58,Yes,Yes,Fiber optic,No,Yes,No,No,Yes,Yes,Month-to-month,Yes,Electronic check,98.9,5780.7,No,0,21,4993,Attitude of support person,0.5505223284622099,1,Medium,0,Established High-Value,-3.32748722980268,1.1486310400744786,Standard,2748.7579860118144,2748.7579860118144,0.8966349566945904,High,729
2026-TGDHM,1,United States,California,Cloverdale,95425,"38.801936, -122.938935",38.801936,-122.938935,Female,No,No,No,7,Yes,No,Fiber optic,No,No,No,No,No,Yes,Month-to-month,Yes,Electronic check,79.3,523.15,Yes,1,69,3830,Network reliability,0.7175839287472305,1,High,2,New High-Risk,-1.944334906006911,-3.2870817693667416,High Risk,2748.346447101893,2748.346447101893,0.896492971744995,High,730
0177-PXBAT,1,United States,California,Desert Center,92239,"33.889605, -115.257009",33.889605,-115.257009,Male,Yes,Yes,No,33,Yes,Yes,Fiber optic,Yes,No,Yes,Yes,Yes,Yes,Month-to-month,Yes,Bank transfer (automatic),109.9,3694.7,No,0,59,5655,Attitude of support person,0.4857858984828635,0,Medium,0,Established High-Value,-2.797569393942528,2.689830454792093,Standard,2747.1192559205933,2747.1192559205933,0.8963509867953997,High,731
3320-VEOYC,1,United States,California,Beverly Hills,90210,"34.099891, -118.414338",34.099891,-118.414338,Male,Yes,No,No,14,Yes,Yes,Fiber optic,No,No,No,No,Yes,Yes,Month-to-month,Yes,Electronic check,95.6,1273.3,No,0,78,3502,Attitude of support person,0.7836521382139987,1,High,2,New High-Risk,-3.0304550375705066,-1.845827797024293,High Risk,2744.3497880254235,2744.3497880254235,0.8962090018458043,High,732
4763-PGDPO,1,United States,California,Sacramento,95831,"38.494832, -121.529447",38.494832,-121.529447,Female,No,No,No,4,Yes,No,Fiber optic,No,No,No,No,No,No,Month-to-month,No,Electronic check,70.4,281.0,Yes,1,88,4494,Competitor offered more data,0.6101471435004504,1,Medium,2,New High-Risk,-1.2884080271700222,-4.021256021848886,Standard,2742.001262891024,2742.001262891024,0.896067016896209,High,733
8083-YTZES,1,United States,California,San Diego,92113,"32.697098, -117.116587",32.697098,-117.116587,Male,No,No,No,4,Yes,Yes,Fiber optic,No,No,No,No,No,No,Month-to-month,Yes,Electronic check,74.35,265.35,Yes,1,73,3622,Attitude of support person,0.7565769450171593,1,High,2,New High-Risk,-2.2310103209949084,-3.578247918247372,High Risk,2740.3216948521513,2740.3216948521513,0.8959250319466137,High,734
9317-WZPGV,1,United States,California,Paskenta,96074,"39.884395, -122.587513",39.884395,-122.587513,Female,Yes,No,No,2,Yes,No,Fiber optic,No,No,No,No,No,Yes,Month-to-month,Yes,Bank transfer (automatic),79.75,159.4,Yes,1,77,4038,Extra data charges,0.6781991595775329,1,Medium,2,New High-Risk,-2.1337546377078027,-3.002619225172928,Standard,2738.568206374078,2738.568206374078,0.8957830469970183,High,735
5129-JLPIS,1,United States,California,Los Angeles,90016,"34.028331, -118.354338",34.028331,-118.354338,Male,No,No,No,25,Yes,No,Fiber optic,Yes,No,Yes,Yes,Yes,Yes,Month-to-month,Yes,Electronic check,105.5,2686.05,No,0,75,5822,Attitude of support person,0.4703584888869371,0,Medium,0,Established High-Value,-2.079242102228009,0.6558273499026164,Standard,2738.4271222997477,2738.4271222997477,0.895641062047423,High,736
9600-UDOPK,1,United States,California,San Francisco,94117,"37.770533, -122.445121",37.770533,-122.445121,Male,No,Yes,No,30,Yes,Yes,Fiber optic,No,No,No,No,Yes,Yes,Month-to-month,Yes,Credit card (automatic),94.05,2866.45,Yes,1,68,4095,Lack of self-service on Website,0.668674312796202,1,Medium,2,New High-Risk,-2.4657888987752075,0.1049858351275604,Standard,2738.2213109004474,2738.2213109004474,0.8954990770978276,High,737
0958-YHXGP,1,United States,California,Oakland,94621,"37.750553, -122.197175",37.750553,-122.197175,Female,No,No,No,7,Yes,No,Fiber optic,No,No,No,No,No,No,Month-to-month,Yes,Mailed check,69.9,497.3,No,0,80,4562,Attitude of support person,0.59985922668752,1,Medium,2,New High-Risk,-1.3027793961120648,-3.927335286391034,Standard,2736.5577921484664,2736.5577921484664,0.8953570921482323,High,738
6402-ZFPPI,1,United States,California,Fair Oaks,95628,"38.652065, -121.25441",38.652065,-121.25441,Female,Yes,No,No,25,Yes,Yes,Fiber optic,Yes,Yes,No,No,Yes,Yes,Month-to-month,Yes,Mailed check,102.8,2660.2,Yes,1,94,4969,Price too high,0.550471543187793,1,Medium,2,New High-Risk,-2.5188922449739937,0.1735572931492223,Standard,2735.2930981001437,2735.2930981001437,0.895215107198637,High,739
6000-APYLU,1,United States,California,Valencia,91355,"34.43987, -118.644609",34.43987,-118.644609,Male,No,No,No,9,Yes,No,Fiber optic,No,No,No,No,No,Yes,Month-to-month,Yes,Electronic check,80.8,713.1,Yes,1,90,3890,Competitor offered more data,0.7028521779798562,1,High,2,New High-Risk,-1.9689662009235125,-3.2182855867205977,High Risk,2734.0949723416406,2734.0949723416406,0.8950731222490416,High,740
8808-ELEHO,1,United States,California,Modesto,95356,"37.716186, -121.025836",37.716186,-121.025836,Male,Yes,No,No,8,Yes,Yes,Fiber optic,No,No,Yes,No,No,No,Month-to-month,Yes,Electronic check,81.25,585.95,Yes,1,72,3812,Price too high,0.7166509451846093,1,High,2,New High-Risk,-2.7184883604206576,-2.699876675958775,High Risk,2731.8734030437304,2731.8734030437304,0.8949311372994463,High,741
5519-YLDGW,1,United States,California,Los Angeles,90071,"34.052917, -118.255178",34.052917,-118.255178,Female,No,Yes,No,21,Yes,Yes,Fiber optic,Yes,No,Yes,No,Yes,Yes,Month-to-month,Yes,Electronic check,103.9,2254.2,Yes,1,91,3769,Limited range of services,0.723917368985444,1,High,0,Established High-Value,-2.5667741246429463,0.9117468387826712,High Risk,2728.4445637061385,2728.4445637061385,0.8947891523498509,High,742
2058-DCJBE,1,United States,California,Los Angeles,90012,"34.065875, -118.238728",34.065875,-118.238728,Male,No,No,No,5,Yes,No,Fiber optic,No,No,No,No,No,No,Month-to-month,Yes,Electronic check,69.75,324.6,Yes,1,99,3965,Extra data charges,0.6875144157718738,1,Medium,2,New High-Risk,-1.7865728848244269,-4.114138944264198,Standard,2725.9946585354796,2725.9946585354796,0.8946471674002556,High,743
0689-NKYLF,1,United States,California,Los Angeles,90066,"34.002028, -118.430656",34.002028,-118.430656,Male,No,No,No,13,Yes,No,Fiber optic,No,No,Yes,No,Yes,No,Month-to-month,Yes,Electronic check,83.2,1060.6,Yes,1,86,4028,Lack of self-service on Website,0.6766221900078857,1,Medium,2,New High-Risk,-1.9877699313724675,-2.253327198241096,Standard,2725.4341813517635,2725.4341813517635,0.8945051824506602,High,744
8058-JMEQO,1,United States,California,Los Angeles,90020,"34.066367, -118.309868",34.066367,-118.309868,Female,Yes,No,No,9,Yes,Yes,Fiber optic,No,No,No,No,No,Yes,Month-to-month,Yes,Electronic check,84.45,762.5,Yes,1,95,3543,Network reliability,0.7690529053896376,1,High,2,New High-Risk,-2.842815041279073,-2.772691127267472,High Risk,2724.7544437954857,2724.7544437954857,0.8943631975010649,High,745
0637-UBJRP,1,United States,California,Wilton,95693,"38.392559, -121.225093",38.392559,-121.225093,Male,No,Yes,No,13,Yes,No,Fiber optic,Yes,No,No,No,No,Yes,Month-to-month,No,Electronic check,84.05,1095.3,Yes,1,77,4745,Competitor offered higher download speeds,0.5739217276680045,1,Medium,2,New High-Risk,-1.3801626418149946,-1.4442796735883685,Standard,2723.2585977846816,2723.2585977846816,0.8942212125514696,High,746
3621-CEOVK,1,United States,California,Trinity Center,96091,"41.081847, -122.700545",41.081847,-122.700545,Female,Yes,Yes,No,14,Yes,Yes,Fiber optic,No,Yes,No,No,Yes,Yes,Month-to-month,Yes,Electronic check,100.2,1369.8,Yes,1,97,3369,Service dissatisfaction,0.8080317042322641,1,High,2,New High-Risk,-3.046703269628796,-0.2819315300947409,High Risk,2722.2588115584977,2722.2588115584977,0.8940792276018742,High,747
7216-EWTRS,1,United States,California,Newport Beach,92663,"33.62251, -117.927024",33.62251,-117.927024,Female,Yes,Yes,No,1,Yes,Yes,Fiber optic,No,No,Yes,No,Yes,Yes,Month-to-month,Yes,Electronic check,100.8,100.8,Yes,1,65,3128,Attitude of service provider,0.870153870676051,1,High,2,New High-Risk,-2.9726671991853166,-0.5514603856792436,High Risk,2721.8413074746877,2721.8413074746877,0.8939372426522788,High,748
8225-BTJAU,1,United States,California,Stinson Beach,94970,"37.921137, -122.657562",37.921137,-122.657562,Male,Yes,No,No,10,Yes,No,Fiber optic,No,No,No,No,No,Yes,Month-to-month,Yes,Electronic check,79.25,793.55,Yes,1,87,3856,Attitude of service provider,0.7056808935047318,1,High,2,New High-Risk,-2.39179607517568,-3.319158002846856,High Risk,2721.105525354246,2721.105525354246,0.8937952577026835,High,749
5960-WPXQM,1,United States,California,Newberry Springs,92365,"34.89326, -116.505958",34.89326,-116.505958,Male,No,No,No,1,Yes,No,Fiber optic,No,No,No,No,Yes,No,Month-to-month,Yes,Electronic check,79.05,79.05,Yes,1,80,3555,Lack of self-service on Website,0.7653213670012642,1,High,2,New High-Risk,-1.9075677519092,-3.473367642468545,High Risk,2720.7174596894943,2720.7174596894943,0.8936532727530881,High,750
9625-QSTYE,1,United States,California,San Francisco,94131,"37.746699, -122.442833",37.746699,-122.442833,Female,No,No,No,13,Yes,No,Fiber optic,No,Yes,Yes,No,No,No,Month-to-month,Yes,Electronic check,81.15,952.3,Yes,1,79,4806,Service dissatisfaction,0.5659146447366012,1,Medium,2,New High-Risk,-1.8803245993369488,-2.198570894656792,Standard,2719.7857826041054,2719.7857826041054,0.8935112878034929,High,751
0311-UNPFF,1,United States,California,Long Beach,90807,"33.830099, -118.182239",33.830099,-118.182239,Female,No,No,No,26,Yes,No,Fiber optic,No,No,No,No,Yes,Yes,Month-to-month,Yes,Bank transfer (automatic),88.8,2274.35,Yes,1,82,4910,Service dissatisfaction,0.5535394226672911,1,Medium,2,New High-Risk,-1.9848331586331789,-1.3660875670335682,Standard,2717.8785652963993,2717.8785652963993,0.8933693028538975,High,752
5122-CYFXA,1,United States,California,Beverly Hills,90212,"34.062095, -118.401508",34.062095,-118.401508,Female,No,No,No,3,Yes,No,DSL,No,Yes,No,Yes,Yes,Yes,Month-to-month,Yes,Electronic check,75.3,244.1,No,0,35,5387,Attitude of support person,0.5042161128311804,1,Medium,2,New High-Risk,-1.6501816377256615,-1.0380239875423944,Standard,2716.212199821569,2716.212199821569,0.8932273179043021,High,753
1465-VINDH,1,United States,California,Los Angeles,90028,"34.099869, -118.326843",34.099869,-118.326843,Female,No,Yes,No,10,Yes,Yes,Fiber optic,No,Yes,Yes,No,Yes,Yes,Month-to-month,Yes,Credit card (automatic),102.1,1068.85,Yes,1,78,3596,Competitor offered higher download speeds,0.755305284609468,1,High,0,Established High-Value,-2.3662960398180286,1.1064629092443716,High Risk,2716.077803455647,2716.077803455647,0.8930853329547068,High,754
2386-LAHRK,1,United States,California,Weimar,95736,"39.00978, -120.978273",39.00978,-120.978273,Male,No,No,No,1,Yes,No,DSL,No,No,No,No,Yes,No,Month-to-month,Yes,Mailed check,53.5,53.5,Yes,1,80,5094,Product dissatisfaction,0.533116867617333,1,Medium,2,New High-Risk,-1.0438920625066117,-3.40163024497802,Standard,2715.6973236426943,2715.6973236426943,0.8929433480051114,High,755
0141-YEAYS,1,United States,California,Lone Pine,93545,"36.590415, -118.073839",36.590415,-118.073839,Female,Yes,No,No,27,Yes,Yes,Fiber optic,No,Yes,Yes,No,No,No,Month-to-month,Yes,Bank transfer (automatic),86.45,2401.05,No,0,77,5990,Attitude of support person,0.4533642179832009,0,Medium,2,New High-Risk,-2.645062255373656,-0.6687391242510146,Standard,2715.6516657193733,2715.6516657193733,0.8928013630555162,High,756
4029-HPFVY,1,United States,California,San Francisco,94118,"37.781304, -122.461522",37.781304,-122.461522,Male,No,No,No,3,Yes,No,Fiber optic,No,No,No,No,No,No,Month-to-month,Yes,Mailed check,70.3,220.4,No,0,67,4275,Attitude of support person,0.6351966836634793,1,Medium,2,New High-Risk,-1.2854490219732104,-4.056274641458465,Standard,2715.4658226613737,2715.4658226613737,0.8926593781059208,High,757
0541-FITGH,1,United States,California,Hornitos,95325,"37.479926, -120.230424",37.479926,-120.230424,Female,No,Yes,No,2,Yes,No,DSL,Yes,No,No,No,No,Yes,Month-to-month,Yes,Mailed check,62.15,113.1,No,0,34,5766,Attitude of support person,0.4706257101788518,0,Medium,2,New High-Risk,-0.984003655552203,-1.750688347638845,Standard,2713.6278448912594,2713.6278448912594,0.8925173931563254,High,758
8931-GJJIQ,1,United States,California,Burlingame,94010,"37.57028, -122.365778",37.57028,-122.365778,Female,No,No,No,9,Yes,Yes,Fiber optic,No,No,No,No,No,Yes,Month-to-month,Yes,Electronic check,83.3,803.3,Yes,1,97,3520,Lack of self-service on Website,0.7702969172645926,1,High,2,New High-Risk,-2.405423112704501,-2.6604095847923617,High Risk,2711.445148771366,2711.445148771366,0.8923754082067301,High,759
5590-BYNII,1,United States,California,Bayside,95524,"40.825486, -124.049485",40.825486,-124.049485,Male,No,No,No,22,Yes,Yes,Fiber optic,Yes,No,No,No,Yes,Yes,Month-to-month,Yes,Electronic check,100.75,2095.0,Yes,1,98,4152,Don't know,0.6530099121862196,1,Medium,2,New High-Risk,-2.5575051346690345,-0.7255681506037948,Standard,2711.297155397184,2711.297155397184,0.8922334232571347,High,760
9821-POOTN,1,United States,California,Fresno,93711,"36.833002, -119.82947",36.833002,-119.82947,Male,No,Yes,No,35,Yes,Yes,Fiber optic,No,No,No,No,No,No,Month-to-month,Yes,Electronic check,75.2,2576.2,Yes,1,94,4639,Price too high,0.5838299685513038,1,Medium,2,New High-Risk,-2.3973189821150376,-1.866462558491288,Standard,2708.387224109498,2708.387224109498,0.8920914383075395,High,761
1548-FEHVL,1,United States,California,Weed,96094,"41.465121, -122.380947",41.465121,-122.380947,Male,No,Yes,No,61,Yes,Yes,Fiber optic,Yes,Yes,No,No,Yes,Yes,Month-to-month,Yes,Electronic check,106.2,6375.2,No,0,74,6298,Attitude of support person,0.4298537550961191,0,Medium,0,Established High-Value,-2.859413667319437,2.26201490224825,Standard,2707.218949595358,2707.218949595358,0.8919494533579441,High,762
5647-FXOTP,1,United States,California,Santa Ysabel,92070,"33.174725, -116.743329",33.174725,-116.743329,Female,Yes,Yes,No,60,Yes,Yes,Fiber optic,No,Yes,Yes,No,Yes,Yes,Month-to-month,Yes,Electronic check,105.9,6401.25,No,0,40,5084,Attitude of support person,0.5323531224286766,1,Medium,0,Established High-Value,-3.399748055634842,2.1449008495667266,Standard,2706.4832744273917,2706.4832744273917,0.8918074684083487,High,763
6959-UWKHF,1,United States,California,Alpaugh,93201,"35.869626, -119.498771",35.869626,-119.498771,Male,No,No,No,1,Yes,No,DSL,No,No,No,No,No,No,Month-to-month,Yes,Electronic check,42.9,42.9,Yes,1,87,4895,Competitor had better devices,0.5528596384932386,1,Medium,2,New High-Risk,-1.391070915276077,-4.275084103957094,Standard,2706.247930424403,2706.247930424403,0.8916654834587534,High,764
3143-JQEGI,1,United States,California,San Diego,92129,"32.961064, -117.134917",32.961064,-117.134917,Female,No,Yes,No,13,Yes,No,Fiber optic,No,No,No,No,Yes,Yes,Month-to-month,No,Electronic check,88.35,1222.8,Yes,1,81,3740,Long distance charges,0.7233691689077851,1,High,2,New High-Risk,-1.621484307072696,-1.467600663751986,High Risk,2705.4006917151164,2705.4006917151164,0.891523498509158,High,765
4759-TRPLW,1,United States,California,Long Beach,90822,"33.778436, -118.118648",33.778436,-118.118648,Male,No,No,No,1,Yes,No,Fiber optic,No,No,No,No,No,No,Month-to-month,No,Electronic check,70.4,70.4,Yes,1,70,4238,Competitor had better devices,0.6382694364781029,1,Medium,2,New High-Risk,-1.272566104555639,-4.124954198956451,Standard,2704.9858717941997,2704.9858717941997,0.8913815135595626,High,766
9057-SIHCH,1,United States,California,Twentynine Palms,92278,"34.457829, -116.139589",34.457829,-116.139589,Female,No,No,No,3,Yes,Yes,Fiber optic,No,No,No,No,Yes,Yes,Month-to-month,Yes,Electronic check,96.6,291.9,Yes,1,72,3260,Price too high,0.8292566111206454,1,High,2,New High-Risk,-2.543229121468681,-2.047499448595478,High Risk,2703.376552253304,2703.376552253304,0.8912395286099674,High,767
7638-QVMVY,1,United States,California,Visalia,93292,"36.37559, -119.211689",36.37559,-119.211689,Female,No,No,No,7,Yes,No,Fiber optic,No,No,No,No,Yes,No,Month-to-month,Yes,Electronic check,79.0,522.95,Yes,1,92,3735,Attitude of support person,0.7234073293188341,1,High,2,New High-Risk,-1.937907637149129,-3.30549746048066,High Risk,2701.9263750058453,2701.9263750058453,0.891097543660372,High,768
8490-BXHEO,1,United States,California,Lucerne Valley,92356,"34.508417, -116.856103",34.508417,-116.856103,Male,Yes,No,No,18,Yes,Yes,Fiber optic,No,Yes,No,No,No,No,Month-to-month,Yes,Credit card (automatic),80.55,1411.65,No,0,27,5137,Attitude of support person,0.5259008546700749,1,Medium,2,New High-Risk,-2.545506839119005,-1.8997207894240395,Standard,2701.5526904401745,2701.5526904401745,0.8909555587107767,High,769
3877-JRJIP,1,United States,California,Hawthorne,90250,"33.914775, -118.348083",33.914775,-118.348083,Male,No,No,No,1,Yes,Yes,DSL,No,No,No,No,Yes,No,Month-to-month,Yes,Electronic check,59.85,59.85,Yes,1,71,4017,Attitude of support person,0.6718377625836892,1,Medium,2,New High-Risk,-2.002180125527788,-2.9866624178769845,Standard,2698.7722922986795,2698.7722922986795,0.8908135737611813,High,770
4884-ZTHVF,1,United States,California,Santa Cruz,95065,"37.031404, -121.981865",37.031404,-121.981865,Female,Yes,No,No,8,Yes,No,Fiber optic,No,Yes,No,No,Yes,No,Month-to-month,Yes,Electronic check,87.1,713.6,No,0,65,3950,Attitude of support person,0.6830080294322495,1,Medium,2,New High-Risk,-2.4217880756560306,-2.594583564693432,Standard,2697.8817162573855,2697.8817162573855,0.8906715888115859,High,771
5052-PNLOS,1,United States,California,Echo Lake,95721,"38.851842, -120.076204",38.851842,-120.076204,Male,No,No,No,3,Yes,Yes,Fiber optic,No,Yes,Yes,No,Yes,Yes,Month-to-month,Yes,Bank transfer (automatic),105.35,323.25,Yes,1,65,3662,Don't know,0.7366619381760916,1,High,2,New High-Risk,-2.351581034350462,0.0961992867219869,High Risk,2697.6560176008475,2697.6560176008475,0.8905296038619906,High,772
7658-UYUQS,1,United States,California,Fullerton,92835,"33.902211, -117.914922",33.902211,-117.914922,Male,Yes,Yes,No,21,Yes,No,Fiber optic,No,No,Yes,No,Yes,No,Month-to-month,No,Bank transfer (automatic),86.55,1857.25,No,0,67,5318,Attitude of support person,0.5071613269883032,1,Medium,2,New High-Risk,-1.7781246891376985,-0.6067369669540758,Standard,2697.0839369237965,2697.0839369237965,0.8903876189123953,High,773
5908-QMGOE,1,United States,California,Fowler,93625,"36.625792, -119.672483",36.625792,-119.672483,Male,Yes,No,No,15,Yes,Yes,Fiber optic,No,No,No,No,No,No,Month-to-month,Yes,Credit card (automatic),74.2,1133.9,Yes,1,80,4553,Lack of self-service on Website,0.5920689283577768,1,Medium,2,New High-Risk,-2.497014697367599,-2.8042775310101145,Standard,2695.689830812958,2695.689830812958,0.8902456339628,High,774
4013-UBXWQ,1,United States,California,Hayfork,96041,"40.547857, -123.187265",40.547857,-123.187265,Female,No,No,No,7,Yes,Yes,DSL,No,No,No,Yes,Yes,Yes,Month-to-month,Yes,Electronic check,74.65,521.1,Yes,1,67,4612,Competitor made better offer,0.5842675657583973,1,Medium,2,New High-Risk,-2.096605153445054,-1.1857101084734676,Standard,2694.6420132777284,2694.6420132777284,0.8901036490132046,High,775
6078-VESFR,1,United States,California,Vista,92084,"33.22784, -117.200024",33.22784,-117.200024,Male,Yes,Yes,No,13,Yes,No,Fiber optic,No,No,No,No,No,No,Month-to-month,No,Bank transfer (automatic),70.45,849.1,No,0,53,5225,Attitude of support person,0.5155667782948399,1,Medium,2,New High-Risk,-1.5403894408865315,-2.5221723862864205,Standard,2693.836416590538,2693.836416590538,0.8899616640636092,High,776
0749-IRGQE,1,United States,California,Buena Park,90621,"33.874224, -117.993368",33.874224,-117.993368,Female,Yes,Yes,No,13,No,No phone service,DSL,No,No,No,No,Yes,Yes,Month-to-month,No,Electronic check,45.3,528.45,No,0,48,4118,Attitude of support person,0.6541268471334806,1,Medium,3,Mid-Tenure Moderate-Risk,-2.179918787532304,-2.0824170638001123,Standard,2693.694356495673,2693.694356495673,0.8898196791140139,High,777
3961-SXAXY,1,United States,California,Thousand Oaks,91362,"34.191842, -118.822796",34.191842,-118.822796,Male,No,No,No,1,Yes,No,DSL,No,No,No,No,No,No,Month-to-month,Yes,Bank transfer (automatic),44.05,44.05,No,0,54,5925,Attitude of support person,0.4546043813004921,0,Medium,2,New High-Risk,-1.1856645589520054,-3.6473878164456224,Standard,2693.5309592054155,2693.5309592054155,0.8896776941644186,High,778
4317-VTEOA,1,United States,California,Rowland Heights,91748,"33.976753, -117.897367",33.976753,-117.897367,Male,No,No,No,1,Yes,No,DSL,No,Yes,No,No,No,No,Month-to-month,Yes,Electronic check,50.75,50.75,Yes,1,93,5355,Competitor had better devices,0.5029841400500458,1,Medium,2,New High-Risk,-1.4333869360881182,-3.458991103197151,Standard,2693.480069967995,2693.480069967995,0.8895357092148233,High,779
4220-TINQT,1,United States,California,Raisin City,93652,"36.594542, -119.905245",36.594542,-119.905245,Female,No,Yes,No,61,Yes,Yes,Fiber optic,No,No,Yes,Yes,Yes,Yes,Month-to-month,Yes,Electronic check,106.35,6751.35,No,0,35,5632,Attitude of support person,0.4781737451784044,0,Medium,0,Established High-Value,-2.892960037297785,2.439422442003726,Standard,2693.0745328447733,2693.0745328447733,0.8893937242652279,High,780
9837-BMCLM,1,United States,California,Stockton,95202,"37.959706, -121.287669",37.959706,-121.287669,Male,No,No,No,3,Yes,No,Fiber optic,No,No,No,No,Yes,No,Month-to-month,Yes,Electronic check,78.5,242.05,Yes,1,71,3567,Long distance charges,0.7549445919741904,1,High,2,New High-Risk,-1.9139032505705924,-3.4238270992409245,High Risk,2692.887359571937,2692.887359571937,0.8892517393156325,High,781
6650-VJONK,1,United States,California,Carson,90746,"33.859171, -118.252272",33.859171,-118.252272,Male,No,No,No,1,Yes,No,DSL,No,No,No,No,No,No,Month-to-month,Yes,Bank transfer (automatic),43.85,43.85,No,0,39,5913,Attitude of support person,0.4554158318481023,0,Medium,2,New High-Risk,-1.1839653253012798,-3.649857515137631,Standard,2692.873813717829,2692.873813717829,0.8891097543660372,High,782
2951-QOQTK,1,United States,California,Sacramento,95815,"38.608405, -121.449942",38.608405,-121.449942,Male,No,No,No,4,Yes,Yes,Fiber optic,No,No,No,Yes,No,No,Month-to-month,No,Credit card (automatic),80.8,332.45,Yes,1,72,5436,Competitor offered higher download speeds,0.4953549988195391,0,Medium,2,New High-Risk,-1.4403020933821205,-2.004146637220758,Standard,2692.7497735830143,2692.7497735830143,0.8889677694164418,High,783
8429-XIBUM,1,United States,California,Oakland,94618,"37.84551, -122.235181",37.84551,-122.235181,Male,No,No,No,22,Yes,Yes,Fiber optic,Yes,No,No,No,Yes,Yes,Month-to-month,Yes,Bank transfer (automatic),101.35,2317.1,Yes,1,77,4694,Extra data charges,0.5735261405015063,1,Medium,2,New High-Risk,-2.356644590558659,-0.1313760170938874,Standard,2692.1317035140705,2692.1317035140705,0.8888257844668466,High,784
5883-GTGVD,1,United States,California,Biola,93606,"36.798882, -120.019511",36.798882,-120.019511,Male,No,No,No,19,Yes,Yes,Fiber optic,No,Yes,No,No,Yes,Yes,Month-to-month,Yes,Electronic check,99.95,1931.75,Yes,1,76,3670,Attitude of service provider,0.7335432356387727,1,High,2,New High-Risk,-2.652564815984372,-0.8074703477022481,High Risk,2692.103674794296,2692.103674794296,0.8886837995172512,High,785
8650-RHRKE,1,United States,California,Oakdale,95361,"37.785033, -120.776141",37.785033,-120.776141,Male,No,No,No,4,No,No phone service,DSL,No,No,Yes,No,No,No,Month-to-month,Yes,Electronic check,29.65,118.5,Yes,1,71,4207,Limited range of services,0.6398499407922476,1,Medium,3,Mid-Tenure Moderate-Risk,-1.943119517578128,-3.7251962039410538,Standard,2691.8487009129854,2691.8487009129854,0.8885418145676558,High,786
6116-RFVHN,1,United States,California,Roseville,95747,"38.784329, -121.373245",38.784329,-121.373245,Female,No,Yes,No,34,Yes,Yes,Fiber optic,No,No,Yes,No,Yes,Yes,Month-to-month,Yes,Electronic check,100.45,3414.65,No,0,42,3744,Attitude of support person,0.7183361127765845,1,High,0,Established High-Value,-2.754375440773104,0.5625713150339011,High Risk,2689.4504062355322,2689.4504062355322,0.8883998296180605,High,787
2884-GBPFB,1,United States,California,Morro Bay,93442,"35.369553, -120.763864",35.369553,-120.763864,Female,No,Yes,No,35,Yes,No,Fiber optic,No,No,No,No,No,No,Month-to-month,Yes,Electronic check,70.3,2416.55,Yes,1,79,5413,Moved,0.4967845901011407,0,Medium,2,New High-Risk,-1.940392850372848,-2.3933238740066605,Standard,2689.0949862174743,2689.0949862174743,0.8882578446684651,High,788
6127-IYJOZ,1,United States,California,Studio City,91604,"34.139082, -118.39275",34.139082,-118.39275,Male,Yes,No,No,1,Yes,No,DSL,No,No,No,No,No,No,Month-to-month,Yes,Mailed check,45.85,45.85,No,0,56,5715,Attitude of support person,0.4703220107182664,0,Medium,2,New High-Risk,-1.3504636160719792,-4.213114782653396,Standard,2687.8902912548924,2687.8902912548924,0.8881158597188697,High,789
0946-CLJTI,1,United States,California,Palmdale,93551,"34.613476, -118.256358",34.613476,-118.256358,Male,Yes,Yes,No,58,Yes,Yes,Fiber optic,No,No,Yes,No,Yes,Yes,Month-to-month,Yes,Electronic check,98.7,5812.6,Yes,1,91,4662,Competitor had better devices,0.5757956862334784,1,Medium,0,Established High-Value,-3.32916934853979,1.2265510623220397,Standard,2684.3594892204765,2684.3594892204765,0.8879738747692745,High,790
4128-ETESU,1,United States,California,Pasadena,91101,"34.146635, -118.139225",34.146635,-118.139225,Female,Yes,Yes,No,47,Yes,Yes,Fiber optic,No,No,Yes,No,Yes,Yes,Month-to-month,No,Electronic check,99.7,4747.2,No,0,67,4787,Attitude of support person,0.5605356456223742,1,Medium,0,Established High-Value,-2.766331365471037,0.9873246750324424,Standard,2683.2841355943056,2683.2841355943056,0.8878318898196791,High,791
6689-TCZHQ,1,United States,California,Claremont,91711,"34.127621, -117.717863",34.127621,-117.717863,Female,Yes,No,No,5,Yes,No,Fiber optic,No,No,No,No,No,Yes,Month-to-month,No,Electronic check,78.95,378.4,Yes,1,65,4054,Attitude of support person,0.6618628524944102,1,Medium,2,New High-Risk,-1.859925543273851,-3.380448012184213,Standard,2683.192004012339,2683.192004012339,0.8876899048700838,High,792
9524-EGPJC,1,United States,California,Walnut Creek,94595,"37.862128, -122.075197",37.862128,-122.075197,Female,No,No,No,18,Yes,Yes,Fiber optic,No,No,No,Yes,No,Yes,Month-to-month,Yes,Electronic check,90.1,1612.75,Yes,1,80,4260,Competitor offered higher download speeds,0.6294794625551084,1,Medium,2,New High-Risk,-2.3890087692224955,-1.532153283708235,Standard,2681.5825104847618,2681.5825104847618,0.8875479199204884,High,793
6635-CPNUN,1,United States,California,Moreno Valley,92553,"33.923149, -117.244933",33.923149,-117.244933,Male,No,Yes,No,28,Yes,Yes,Fiber optic,No,Yes,Yes,No,Yes,No,Month-to-month,No,Credit card (automatic),96.6,2684.35,No,0,43,5530,Attitude of support person,0.4846470242476293,0,Medium,0,Established High-Value,-1.8663285956392168,1.1013344934707303,Standard,2680.09804408939,2680.09804408939,0.887405934970893,High,794
7825-GKXMW,1,United States,California,San Diego,92121,"32.898613, -117.202937",32.898613,-117.202937,Female,No,No,No,1,Yes,No,DSL,No,No,No,No,No,No,Month-to-month,No,Electronic check,45.8,45.8,Yes,1,78,5973,Don't know,0.4485621958582809,0,Medium,2,New High-Risk,-0.9180433881536488,-4.081441261865629,Standard,2679.261995861512,2679.261995861512,0.8872639500212978,High,795
2114-MGINA,1,United States,California,Rio Vista,94571,"38.148862, -121.737696",38.148862,-121.737696,Female,No,No,No,14,Yes,No,Fiber optic,No,No,No,No,Yes,Yes,Month-to-month,Yes,Mailed check,89.8,1129.1,Yes,1,81,4107,Attitude of support person,0.6522593209092663,1,Medium,2,New High-Risk,-1.6356208748533343,-2.223833952254277,Standard,2678.8290309743566,2678.8290309743566,0.8871219650717024,High,796
2446-BEGGB,1,United States,California,Eldridge,95431,"38.348884, -122.51699",38.348884,-122.51699,Female,Yes,No,No,6,Yes,Yes,Fiber optic,No,Yes,No,No,Yes,Yes,Month-to-month,Yes,Electronic check,98.25,560.6,Yes,1,83,3330,Attitude of support person,0.8035451453426907,1,High,2,New High-Risk,-2.9802564957426387,-1.3459325348398474,High Risk,2675.8053339911603,2675.8053339911603,0.8869799801221071,High,797
7030-NJVDP,1,United States,California,San Quentin,94964,"37.942551, -122.491642",37.942551,-122.491642,Male,No,Yes,No,24,Yes,No,Fiber optic,Yes,No,No,Yes,No,Yes,Month-to-month,Yes,Electronic check,89.25,2210.2,No,0,77,5436,Attitude of support person,0.4919967539347503,0,Medium,2,New High-Risk,-1.8727396166648984,-0.3007392114434766,Standard,2674.4943543893028,2674.4943543893028,0.8868379951725117,High,798
3551-HUAZH,1,United States,California,Brownsville,95919,"39.440687, -121.263583",39.440687,-121.263583,Male,Yes,No,No,1,Yes,Yes,Fiber optic,No,No,No,No,No,No,Month-to-month,Yes,Electronic check,74.4,74.4,Yes,1,89,3429,Price too high,0.7799330811520966,1,High,2,New High-Risk,-2.6473127796452824,-3.785453434362775,High Risk,2674.390535270539,2674.390535270539,0.8866960102229163,High,799
2507-QZPQS,1,United States,California,La Mirada,90638,"33.902045, -118.008961",33.902045,-118.008961,Male,No,No,No,15,Yes,Yes,Fiber optic,No,Yes,No,Yes,No,Yes,Month-to-month,No,Electronic check,95.7,1451.1,No,0,23,4999,Attitude of support person,0.534480256468498,1,Medium,2,New High-Risk,-1.899546041513024,-0.7135099980220716,Standard,2671.8668020860214,2671.8668020860214,0.8865540252733211,High,800
3269-ATYWD,1,United States,California,San Francisco,94123,"37.800254, -122.436975",37.800254,-122.436975,Male,Yes,No,No,39,Yes,Yes,Fiber optic,No,No,No,No,Yes,Yes,Month-to-month,Yes,Bank transfer (automatic),95.65,3759.05,Yes,1,65,4892,Don't know,0.5461095101992628,1,Medium,2,New High-Risk,-2.976766135639805,-0.4821223336632388,Standard,2671.5677238947937,2671.5677238947937,0.8864120403237257,High,801
7890-VYYWG,1,United States,California,Sutter,95982,"39.172777, -121.805845",39.172777,-121.805845,Male,Yes,Yes,No,3,No,No phone service,DSL,No,No,No,No,Yes,No,Month-to-month,Yes,Mailed check,36.45,93.7,Yes,1,89,3766,Competitor had better devices,0.7093605204837455,1,High,3,Mid-Tenure Moderate-Risk,-2.008277723731447,-3.095615044823951,High Risk,2671.4517201417857,2671.4517201417857,0.8862700553741304,High,802
9895-VFOXH,1,United States,California,Scotia,95565,"40.440636, -124.098739",40.440636,-124.098739,Female,No,No,No,1,No,No phone service,DSL,No,No,No,No,No,No,Month-to-month,No,Mailed check,24.4,24.4,No,0,61,5092,Attitude of support person,0.5246293078532379,1,Medium,3,Mid-Tenure Moderate-Risk,-0.9158010753692708,-4.427293108602679,Standard,2671.4124355886875,2671.4124355886875,0.886128070424535,High,803
9947-OTFQU,1,United States,California,Covina,91722,"34.097345, -117.906736",34.097345,-117.906736,Male,Yes,No,No,15,Yes,No,Fiber optic,No,Yes,No,No,No,No,Month-to-month,Yes,Electronic check,74.4,1074.3,Yes,1,86,4616,Service dissatisfaction,0.5783384722011767,1,Medium,2,New High-Risk,-2.2840156765757453,-3.1606297908220258,Standard,2669.610387680632,2669.610387680632,0.8859860854749396,High,804
1013-QCWAM,1,United States,California,Garden Grove,92841,"33.786738, -117.982564",33.786738,-117.982564,Female,Yes,Yes,No,66,Yes,Yes,Fiber optic,No,Yes,No,No,Yes,Yes,Month-to-month,Yes,Electronic check,100.8,6690.75,No,0,32,5469,Attitude of support person,0.4877990942813395,0,Medium,0,Established High-Value,-3.402884461633912,1.4569513747074188,Standard,2667.7732466246457,2667.7732466246457,0.8858441005253443,High,805
2612-RRIDN,1,United States,California,Westwood,96137,"40.271535, -121.018087",40.271535,-121.018087,Male,No,No,No,4,Yes,No,Fiber optic,No,No,No,No,Yes,No,Month-to-month,Yes,Electronic check,81.0,340.85,Yes,1,88,3591,Limited range of services,0.7416435724087139,1,High,2,New High-Risk,-1.94046793962826,-3.3817449939256776,High Risk,2663.2420685196917,2663.2420685196917,0.885702115575749,High,806
3663-MITLP,1,United States,California,Marina,93933,"36.689582, -121.758398",36.689582,-121.758398,Female,No,No,No,15,Yes,No,Fiber optic,No,Yes,Yes,No,Yes,Yes,Month-to-month,Yes,Electronic check,101.25,1457.25,Yes,1,85,3968,Lack of self-service on Website,0.6711790836048714,1,Medium,2,New High-Risk,-2.20103327086364,-0.6294397855484544,Standard,2663.2386037441297,2663.2386037441297,0.8855601306261536,High,807
2719-BDAQO,1,United States,California,Sunnyvale,94086,"37.378541, -122.020456",37.378541,-122.020456,Male,No,No,No,17,Yes,No,Fiber optic,Yes,No,No,No,Yes,Yes,Month-to-month,No,Electronic check,93.85,1625.65,Yes,1,93,4940,Price too high,0.5390043537514948,1,Medium,2,New High-Risk,-1.5596374818136454,-1.3299394906777982,Standard,2662.6815075323843,2662.6815075323843,0.8854181456765583,High,808
5167-GBFRE,1,United States,California,Oakland,94602,"37.803883, -122.208417",37.803883,-122.208417,Male,Yes,No,No,4,No,No phone service,DSL,No,No,No,No,No,No,Month-to-month,Yes,Bank transfer (automatic),25.2,102.5,Yes,1,72,4694,Don't know,0.5671165844732512,1,Medium,3,Mid-Tenure Moderate-Risk,-2.1389575737664543,-4.146677647085979,Standard,2662.045247517441,2662.045247517441,0.8852761607269629,High,809
7924-GJZFI,1,United States,California,Jackson,95642,"38.336216, -120.76901",38.336216,-120.76901,Female,Yes,Yes,No,25,Yes,No,Fiber optic,No,No,No,No,No,No,Month-to-month,Yes,Electronic check,69.3,1813.1,No,0,50,4442,Attitude of support person,0.5991948603268857,1,Medium,2,New High-Risk,-2.314445146697158,-2.85913350040254,Standard,2661.6235695720266,2661.6235695720266,0.8851341757773676,High,810
5572-ZDXHY,1,United States,California,Santa Rosa,95409,"38.468893, -122.580539",38.468893,-122.580539,Female,No,No,No,22,Yes,No,Fiber optic,No,Yes,No,No,No,Yes,Month-to-month,Yes,Mailed check,84.3,1855.65,Yes,1,85,5313,Network reliability,0.5007387040010022,1,Medium,2,New High-Risk,-1.5560673507616,-1.901803939037135,Standard,2660.4247343573247,2660.4247343573247,0.8849921908277723,High,811
0581-BXBUB,1,United States,California,Penn Valley,95946,"39.203817, -121.19584",39.203817,-121.19584,Female,Yes,No,No,4,Yes,No,Fiber optic,No,Yes,No,No,No,No,Month-to-month,No,Electronic check,72.75,317.75,No,0,50,4503,Attitude of support person,0.5905903785172326,1,Medium,2,New High-Risk,-1.7153350993271657,-3.398284540570563,Standard,2659.4284744630986,2659.4284744630986,0.8848502058781769,High,812
5389-FFVKB,1,United States,California,Thousand Oaks,91360,"34.214054, -118.88109",34.214054,-118.88109,Male,Yes,Yes,No,32,Yes,No,Fiber optic,No,No,No,No,No,Yes,Month-to-month,Yes,Credit card (automatic),80.3,2483.05,Yes,1,94,5365,Service dissatisfaction,0.4955408067292114,0,Medium,2,New High-Risk,-2.294709383938413,-1.2583654541318114,Standard,2658.5764281022193,2658.5764281022193,0.8847082209285816,High,813
2012-NWRPA,1,United States,California,Modesto,95355,"37.672906, -120.946594",37.672906,-120.946594,Female,Yes,Yes,No,11,Yes,Yes,Fiber optic,No,No,Yes,No,Yes,Yes,Month-to-month,Yes,Electronic check,99.55,1131.2,Yes,1,71,3172,Competitor made better offer,0.8376391826382972,1,High,2,New High-Risk,-3.028195281139755,-0.268315946746525,High Risk,2656.9914873286784,2656.9914873286784,0.8845662359789862,High,814
0151-ONTOV,1,United States,California,Moorpark,93021,"34.312945, -118.858169",34.312945,-118.858169,Female,No,No,No,1,Yes,No,Fiber optic,No,No,No,No,No,No,Month-to-month,No,Mailed check,70.9,70.9,Yes,1,78,4739,Attitude of support person,0.5603059892262668,1,Medium,2,New High-Risk,-0.7797651197838399,-4.000668999194095,Standard,2655.290082943279,2655.290082943279,0.8844242510293909,High,815
4818-DRBQT,1,United States,California,Farmersville,93223,"36.29878, -119.201028",36.29878,-119.201028,Male,No,Yes,No,29,Yes,Yes,Fiber optic,No,Yes,No,No,No,No,Month-to-month,Yes,Bank transfer (automatic),80.15,2265.25,Yes,1,83,5189,Attitude of support person,0.5116967735702863,1,Medium,2,New High-Risk,-2.1727247935385647,-0.688769127050645,Standard,2655.1945580562156,2655.1945580562156,0.8842822660797955,High,816
5536-RTPWK,1,United States,California,Sausalito,94965,"37.848641, -122.515692",37.848641,-122.515692,Male,No,Yes,No,49,Yes,Yes,Fiber optic,No,Yes,No,No,Yes,Yes,Month-to-month,Yes,Bank transfer (automatic),99.05,4853.75,Yes,1,100,5157,Competitor offered higher download speeds,0.514448530104548,1,Medium,0,Established High-Value,-2.619266426757464,1.5205156102075508,Standard,2653.011069749154,2653.011069749154,0.8841402811302002,High,817
4430-UZIPO,1,United States,California,Los Angeles,90020,"34.066367, -118.309868",34.066367,-118.309868,Male,No,No,No,3,No,No phone service,DSL,No,Yes,No,Yes,No,No,Month-to-month,Yes,Mailed check,36.85,108.7,Yes,1,91,5825,Competitor offered more data,0.4553787706595891,0,Medium,3,Mid-Tenure Moderate-Risk,-1.378208775424511,-2.794606382510324,Standard,2652.5813390921066,2652.5813390921066,0.8839982961806049,High,818
4553-DVPZG,1,United States,California,Daly City,94015,"37.680844, -122.48131",37.680844,-122.48131,Female,No,Yes,No,62,Yes,Yes,Fiber optic,No,No,Yes,No,Yes,Yes,Month-to-month,Yes,Electronic check,101.35,6164.7,No,0,77,5049,Attitude of support person,0.525192932699357,1,Medium,0,Established High-Value,-2.945605927659081,1.5074139125387,Standard,2651.6991171990535,2651.6991171990535,0.8838563112310095,High,819
3427-GGZZI,1,United States,California,Midpines,95345,"37.581496, -119.972762",37.581496,-119.972762,Female,No,Yes,No,19,Yes,Yes,Fiber optic,No,Yes,No,No,No,Yes,Month-to-month,Yes,Electronic check,89.1,1620.8,No,0,66,3624,Attitude of support person,0.7315498819138129,1,High,2,New High-Risk,-2.481105313550481,-0.8216882021136233,High Risk,2651.1367720556577,2651.1367720556577,0.8837143262814142,High,820
0654-HMSHN,1,United States,California,Mojave,93501,"35.097323, -118.171288",35.097323,-118.171288,Male,No,Yes,No,21,Yes,Yes,Fiber optic,No,Yes,Yes,No,Yes,Yes,Month-to-month,No,Electronic check,104.4,2157.95,Yes,1,77,3796,Attitude of support person,0.6983903546565752,1,Medium,0,Established High-Value,-2.178236771225875,0.9933645830271812,Standard,2651.0897862763595,2651.0897862763595,0.8835723413318188,High,821
1569-TTNYJ,1,United States,California,Richmond,94805,"37.941456, -122.320968",37.941456,-122.320968,Male,No,Yes,No,5,Yes,Yes,Fiber optic,No,Yes,No,No,No,No,Month-to-month,Yes,Electronic check,78.75,412.1,Yes,1,72,3401,Don't know,0.7791760266504612,1,High,2,New High-Risk,-2.248683248511884,-2.005742066434556,High Risk,2649.9776666382186,2649.9776666382186,0.8834303563822234,High,822
2041-JIJCI,1,United States,California,Wendel,96136,"40.345949, -120.081187",40.345949,-120.081187,Female,No,No,No,5,Yes,Yes,DSL,No,Yes,No,No,No,Yes,Month-to-month,Yes,Electronic check,64.0,370.25,No,0,75,4421,Attitude of support person,0.5993990206455009,1,Medium,2,New High-Risk,-2.0378035338919696,-2.091970145268545,Standard,2649.9430702737595,2649.9430702737595,0.8832883714326282,High,823
7978-DKUQH,1,United States,California,Lake Elsinore,92532,"33.705836, -117.318204",33.705836,-117.318204,Female,No,Yes,No,25,Yes,No,Fiber optic,No,No,Yes,No,No,No,Month-to-month,Yes,Electronic check,74.6,1797.75,No,0,35,4591,Attitude of support person,0.5769238146512855,1,Medium,2,New High-Risk,-1.9063888409601464,-1.8664262198018275,Standard,2648.657233064052,2648.657233064052,0.8831463864830328,High,824
3001-CBHLQ,1,United States,California,Angels Camp,95222,"38.071327, -120.632221",38.071327,-120.632221,Male,Yes,Yes,No,32,Yes,Yes,Fiber optic,No,No,Yes,Yes,Yes,Yes,Month-to-month,Yes,Electronic check,104.9,3351.55,Yes,1,79,3966,Competitor offered higher download speeds,0.6677880633815755,1,Medium,0,Established High-Value,-3.088452600739943,1.2249639732400697,Standard,2648.4474593713285,2648.4474593713285,0.8830044015334375,High,825
9121-PHQSR,1,United States,California,Stratford,93266,"36.175255, -119.813805",36.175255,-119.813805,Male,Yes,Yes,No,16,Yes,Yes,Fiber optic,No,No,No,No,Yes,No,Month-to-month,Yes,Credit card (automatic),85.05,1391.15,No,0,80,3739,Attitude of support person,0.7082031634691989,1,High,2,New High-Risk,-2.658872411824843,-1.2426300784692004,High Risk,2647.9716282113345,2647.9716282113345,0.8828624165838421,High,826
9878-TNQGW,1,United States,California,Davenport,95017,"37.114335, -122.237162",37.114335,-122.237162,Male,No,No,No,2,Yes,No,Fiber optic,No,No,No,No,No,Yes,Month-to-month,Yes,Electronic check,80.95,171.15,Yes,1,65,3533,Competitor made better offer,0.7494948534754234,1,High,2,New High-Risk,-1.9320068308279297,-3.435985789794494,High Risk,2647.965317328671,2647.965317328671,0.8827204316342467,High,827
0328-GRPMV,1,United States,California,Burnt Ranch,95527,"40.854512, -123.450097",40.854512,-123.450097,Female,No,No,No,1,Yes,No,Fiber optic,No,No,No,No,No,No,Month-to-month,Yes,Electronic check,70.1,70.1,Yes,1,84,3706,Competitor had better devices,0.714507164909124,1,High,2,New High-Risk,-1.7702618531732457,-4.236522736248891,High Risk,2647.9635531532135,2647.9635531532135,0.8825784466846515,High,828
1236-WFCDV,1,United States,California,Greenbrae,94904,"37.946617, -122.563571",37.946617,-122.563571,Male,Yes,No,No,14,Yes,No,Fiber optic,No,No,No,No,Yes,Yes,Month-to-month,No,Credit card (automatic),90.45,1266.1,Yes,1,96,4777,Competitor offered more data,0.5531713780433007,1,Medium,2,New High-Risk,-1.85321758150428,-1.7496102834048586,Standard,2642.4996729128475,2642.4996729128475,0.8824364617350561,High,829
8623-TMRBY,1,United States,California,Chula Vista,91915,"32.605012, -116.97595",32.605012,-116.97595,Male,Yes,Yes,No,51,Yes,Yes,Fiber optic,No,Yes,Yes,No,No,No,Month-to-month,Yes,Electronic check,84.2,4146.05,Yes,1,74,6245,Competitor offered more data,0.4230754010568838,0,Medium,2,New High-Risk,-2.9658007462793763,0.264994274535913,Standard,2642.1058796002394,2642.1058796002394,0.8822944767854607,High,830
3677-IYRBF,1,United States,California,Newcastle,95658,"38.883224, -121.15918",38.883224,-121.15918,Female,Yes,No,No,2,No,No phone service,DSL,No,No,Yes,No,No,No,Month-to-month,Yes,Electronic check,30.4,78.65,Yes,1,90,4002,Lack of self-service on Website,0.6600486007175366,1,Medium,3,Mid-Tenure Moderate-Risk,-2.374155802630155,-3.895607859214508,Standard,2641.5145000715816,2641.5145000715816,0.8821524918358654,High,831
0114-PEGZZ,1,United States,California,Round Mountain,96084,"40.923558, -122.059933",40.923558,-122.059933,Female,No,No,No,33,Yes,Yes,Fiber optic,No,Yes,Yes,No,Yes,Yes,Month-to-month,No,Electronic check,107.55,3645.5,No,0,33,4800,Attitude of support person,0.5500783862282438,1,Medium,0,Established High-Value,-2.303320492910396,0.685995226113483,Standard,2640.3762538955702,2640.3762538955702,0.88201050688627,High,832
5318-IXUZF,1,United States,California,Redondo Beach,90277,"33.830453, -118.384565",33.830453,-118.384565,Female,No,No,No,2,Yes,No,Fiber optic,No,Yes,No,No,Yes,No,Month-to-month,Yes,Bank transfer (automatic),87.15,183.75,Yes,1,72,4149,Don't know,0.636268264738675,1,Medium,2,New High-Risk,-1.7374384116423358,-2.121174879806873,Standard,2639.8770304007626,2639.8770304007626,0.8818685219366748,High,833
1518-VOWAV,1,United States,California,Montague,96064,"41.759864, -122.379175",41.759864,-122.379175,Female,No,No,No,9,Yes,No,DSL,Yes,Yes,No,No,Yes,Yes,Month-to-month,Yes,Electronic check,74.65,703.55,Yes,1,90,5900,Limited range of services,0.4472138518049072,0,Medium,2,New High-Risk,-1.6664935814785504,-0.9197231613339582,Standard,2638.5617256489522,2638.5617256489522,0.8817265369870794,High,834
4315-MURBD,1,United States,California,San Bruno,94066,"37.624436, -122.430661",37.624436,-122.430661,Female,No,No,No,12,Yes,No,Fiber optic,Yes,No,No,Yes,Yes,Yes,Month-to-month,Yes,Bank transfer (automatic),98.9,1120.95,Yes,1,71,5559,Price too high,0.4745773717095137,0,Medium,2,New High-Risk,-1.7261367687513558,-0.1548403478064146,Standard,2638.1756093331865,2638.1756093331865,0.881584552037484,High,835
5567-WSELE,1,United States,California,Richmond,94801,"37.945288, -122.383941",37.945288,-122.383941,Male,Yes,Yes,No,3,Yes,Yes,Fiber optic,No,No,No,No,Yes,Yes,Month-to-month,Yes,Electronic check,94.6,279.55,Yes,1,87,3019,Competitor had better devices,0.8738510999672032,1,High,2,New High-Risk,-2.954209641578057,-1.3779571398305652,High Risk,2638.1564708009864,2638.1564708009864,0.8814425670878887,High,836
4184-TJFAN,1,United States,California,Berkeley,94707,"37.897753, -122.279391",37.897753,-122.279391,Female,Yes,Yes,No,3,Yes,No,Fiber optic,Yes,No,No,Yes,Yes,No,Month-to-month,Yes,Mailed check,88.3,273.75,Yes,1,68,4486,Competitor offered higher download speeds,0.5878196140310477,1,Medium,2,New High-Risk,-1.6609579226219713,-1.050653439378518,Standard,2636.9587885432798,2636.9587885432798,0.8813005821382933,High,837
1035-IPQPU,1,United States,California,Parker Dam,92267,"34.273872, -114.192901",34.273872,-114.192901,Female,Yes,Yes,No,63,Yes,Yes,Fiber optic,No,Yes,Yes,No,Yes,Yes,Month-to-month,Yes,Electronic check,103.5,6479.4,No,0,53,5187,Attitude of support person,0.5083318050992193,1,Medium,0,Established High-Value,-3.3879610434570613,2.199265646529526,Standard,2636.7170730496505,2636.7170730496505,0.881158597188698,High,838
6242-MBHPK,1,United States,California,Hathaway Pines,95233,"38.184914, -120.364085",38.184914,-120.364085,Female,Yes,Yes,No,23,Yes,No,Fiber optic,Yes,No,No,No,Yes,Yes,Month-to-month,Yes,Electronic check,95.1,2326.05,No,0,66,4025,Attitude of support person,0.6548546935045358,1,Medium,2,New High-Risk,-2.5403413732652105,-0.5907065983172621,Standard,2635.790141355757,2635.790141355757,0.8810166122391027,High,839
1101-SSWAG,1,United States,California,Berkeley,94702,"37.866009, -122.286228",37.866009,-122.286228,Female,No,Yes,No,15,Yes,Yes,DSL,No,No,No,No,No,No,Month-to-month,Yes,Electronic check,51.1,711.15,No,0,33,4858,Attitude of support person,0.5422652998248065,1,Medium,2,New High-Risk,-1.9183744379922227,-2.54981623667284,Standard,2634.32482654891,2634.32482654891,0.8808746272895073,High,840
1910-FMXJM,1,United States,California,Colton,92324,"34.030915, -117.273201",34.030915,-117.273201,Female,No,Yes,No,36,Yes,No,Fiber optic,No,No,No,No,No,Yes,Month-to-month,No,Electronic check,80.4,2937.65,No,0,35,5544,Attitude of support person,0.4750945768797522,0,Medium,2,New High-Risk,-1.6176580862665584,-1.4553226647195383,Standard,2633.9243342213463,2633.9243342213463,0.880732642339912,High,841
8938-UMKPI,1,United States,California,Corona,92882,"33.819385, -117.600213",33.819385,-117.600213,Female,No,No,No,47,Yes,Yes,Fiber optic,No,Yes,Yes,No,Yes,Yes,Month-to-month,Yes,Electronic check,106.4,5127.95,Yes,1,99,4804,Attitude of support person,0.547771703748602,1,Medium,0,Established High-Value,-2.891350027931556,1.041408105343662,Standard,2631.495264808284,2631.495264808284,0.8805906573903166,High,842
2786-GCDPI,1,United States,California,Pioneertown,92268,"34.201108, -116.593456",34.201108,-116.593456,Female,Yes,No,No,50,Yes,Yes,Fiber optic,No,No,Yes,Yes,Yes,Yes,Month-to-month,Yes,Electronic check,104.95,5222.35,No,0,39,5570,Attitude of support person,0.4723549086265791,0,Medium,0,Established High-Value,-3.218769699270106,1.116847243878473,Standard,2631.0168410500455,2631.0168410500455,0.8804486724407213,High,843
5018-GWURO,1,United States,California,Novato,94949,"38.067204, -122.524004",38.067204,-122.524004,Female,No,Yes,No,56,Yes,Yes,Fiber optic,No,No,No,No,Yes,No,Month-to-month,Yes,Bank transfer (automatic),85.6,4902.8,No,0,20,6483,Attitude of support person,0.405749178798892,0,Medium,2,New High-Risk,-2.483552354890508,0.2657772565938017,Standard,2630.471926153217,2630.471926153217,0.880306687491126,High,844
1612-EOHDH,1,United States,California,Pacoima,91331,"34.255442, -118.421314",34.255442,-118.421314,Female,No,No,No,1,Yes,No,DSL,No,No,No,No,No,No,Month-to-month,No,Electronic check,45.15,45.15,Yes,1,89,5828,Attitude of support person,0.4511942133848123,0,Medium,2,New High-Risk,-0.9118201415893312,-4.103048889053397,Standard,2629.559875606686,2629.559875606686,0.8801647025415306,High,845
3643-AHCFP,1,United States,California,Selma,93662,"36.545322, -119.642281",36.545322,-119.642281,Male,Yes,Yes,No,7,Yes,Yes,Fiber optic,No,No,No,No,Yes,Yes,Month-to-month,Yes,Bank transfer (automatic),95.6,644.35,Yes,1,83,3265,Competitor made better offer,0.8053250287440343,1,High,2,New High-Risk,-2.7658531670049085,-0.7450425824567064,High Risk,2629.386218849272,2629.386218849272,0.8800227175919353,High,846
6103-BOCOU,1,United States,California,San Francisco,94117,"37.770533, -122.445121",37.770533,-122.445121,Female,No,No,No,26,Yes,Yes,Fiber optic,No,No,Yes,No,No,No,Month-to-month,Yes,Electronic check,80.7,2193.0,No,0,28,4501,Attitude of support person,0.584036585560163,1,Medium,2,New High-Risk,-2.3922333105016134,-2.02511387619329,Standard,2628.7486716062936,2628.7486716062936,0.8798807326423399,High,847
2141-RRYGO,1,United States,California,Camino,95709,"38.748316, -120.675512",38.748316,-120.675512,Female,No,No,No,4,Yes,No,DSL,No,Yes,No,No,Yes,Yes,Month-to-month,Yes,Bank transfer (automatic),68.65,261.25,Yes,1,76,5274,Don't know,0.4978156345817698,0,Medium,2,New High-Risk,-1.5044607505614531,-1.3408051155692304,Standard,2625.479656784254,2625.479656784254,0.8797387476927445,High,848
8128-YVJRG,1,United States,California,Berkeley,94709,"37.878554, -122.26609",37.878554,-122.26609,Female,No,No,No,7,Yes,Yes,Fiber optic,Yes,No,No,No,No,No,Month-to-month,Yes,Mailed check,79.65,604.7,Yes,1,81,4513,Lack of self-service on Website,0.5815251693450856,1,Medium,2,New High-Risk,-1.6601055384698022,-2.6201683960687348,Standard,2624.423089254371,2624.423089254371,0.8795967627431492,High,849
6519-CFDBX,1,United States,California,Torrance,90505,"33.807882, -118.347957",33.807882,-118.347957,Female,No,No,No,2,Yes,No,DSL,No,No,No,No,No,No,Month-to-month,Yes,Electronic check,45.4,80.95,No,0,45,4964,Attitude of support person,0.5286578481605513,1,Medium,2,New High-Risk,-1.4145797457649327,-4.235898802092949,Standard,2624.2575582689765,2624.2575582689765,0.8794547777935539,High,850
6907-NZZIJ,1,United States,California,Santa Monica,90402,"34.035849, -118.503508",34.035849,-118.503508,Female,No,No,No,36,Yes,Yes,Fiber optic,No,Yes,No,No,Yes,Yes,Month-to-month,Yes,Electronic check,99.15,3615.6,Yes,1,75,4188,Service dissatisfaction,0.6265961461417505,1,Medium,2,New High-Risk,-2.756807010897889,-0.2730253176745723,Standard,2624.184660041651,2624.184660041651,0.8793127928439586,High,851
9490-DFPMD,1,United States,California,Tahoma,96142,"39.061227, -120.179546",39.061227,-120.179546,Female,Yes,No,No,42,Yes,Yes,Fiber optic,No,No,No,No,Yes,No,Month-to-month,Yes,Electronic check,84.65,3541.35,Yes,1,76,4871,Extra data charges,0.5383890558683198,1,Medium,2,New High-Risk,-3.030989132899071,-1.7607029305829318,Standard,2622.4930911345855,2622.4930911345855,0.8791708078943632,High,852
1310-QRITU,1,United States,California,Hinkley,92347,"34.983808, -117.239306",34.983808,-117.239306,Female,No,No,No,18,Yes,Yes,DSL,No,No,No,No,No,No,Month-to-month,Yes,Electronic check,50.3,913.3,No,0,65,5877,Attitude of support person,0.4462220069377103,0,Medium,2,New High-Risk,-1.9332554173712184,-3.1790044164170985,Standard,2622.4467347729233,2622.4467347729233,0.8790288229447678,High,853
2692-BUCFV,1,United States,California,Shingle Springs,95682,"38.598936, -120.963092",38.598936,-120.963092,Male,Yes,No,No,29,Yes,No,Fiber optic,No,Yes,Yes,No,Yes,Yes,Month-to-month,Yes,Bank transfer (automatic),101.45,2948.6,No,0,76,5285,Attitude of support person,0.4962055389003151,0,Medium,0,Established High-Value,-2.51416245793092,0.3193386263673958,Standard,2622.4462730881655,2622.4462730881655,0.8788868379951725,High,854
5032-MIYKT,1,United States,California,Weott,95571,"40.310119, -123.909449",40.310119,-123.909449,Female,No,No,No,1,Yes,No,Fiber optic,No,No,No,No,No,No,Month-to-month,Yes,Mailed check,70.7,70.7,No,0,28,4056,Attitude of support person,0.6464822796083286,1,Medium,2,New High-Risk,-1.277272600884214,-4.131118099507348,Standard,2622.132126091381,2622.132126091381,0.8787448530455771,High,855
7641-EUYET,1,United States,California,Tranquillity,93668,"36.635661, -120.288644",36.635661,-120.288644,Male,Yes,Yes,No,46,Yes,Yes,Fiber optic,Yes,Yes,Yes,No,Yes,No,Month-to-month,Yes,Electronic check,100.7,4541.2,Yes,1,72,5712,Product dissatisfaction,0.4590491349300405,0,Medium,0,Established High-Value,-3.0379025091012224,1.673225769101962,Standard,2622.0886587203913,2622.0886587203913,0.8786028680959819,High,856
0235-KGSLC,1,United States,California,Buellton,93427,"34.631362, -120.238218",34.631362,-120.238218,Female,No,No,No,1,Yes,No,Fiber optic,No,No,Yes,No,Yes,No,Month-to-month,Yes,Credit card (automatic),85.55,85.55,Yes,1,86,3967,Moved,0.660881951817588,1,Medium,2,New High-Risk,-1.7159655881393,-2.0567608557831782,Standard,2621.7187028603716,2621.7187028603716,0.8784608831463865,High,857
1963-SVUCV,1,United States,California,Flournoy,96029,"39.84784, -122.544556",39.84784,-122.544556,Male,No,No,No,1,Yes,No,DSL,No,No,No,No,No,No,Month-to-month,No,Electronic check,45.3,45.3,Yes,1,78,5774,Competitor offered higher download speeds,0.4538884361479102,0,Medium,2,New High-Risk,-0.912678090944678,-4.109268404710249,Standard,2620.7518303180336,2620.7518303180336,0.8783188981967911,High,858
9508-ILZDG,1,United States,California,Dillon Beach,94929,"38.24458, -122.956268",38.24458,-122.956268,Female,Yes,No,No,34,Yes,Yes,Fiber optic,No,Yes,No,Yes,Yes,No,Month-to-month,Yes,Electronic check,96.35,3190.25,No,0,32,5425,Attitude of support person,0.48303554533902,0,Medium,2,New High-Risk,-2.950088563689978,-0.3106445739060636,Standard,2620.4678334641835,2620.4678334641835,0.8781769132471958,High,859
4570-QHXHL,1,United States,California,Santa Ana,92704,"33.719869, -117.907063",33.719869,-117.907063,Female,No,No,No,9,Yes,No,DSL,No,No,No,No,No,No,Month-to-month,Yes,Electronic check,43.75,405.7,No,0,70,5644,Attitude of support person,0.4641400428494975,0,Medium,2,New High-Risk,-1.4296186625381633,-4.014563025340474,Standard,2619.606401842564,2619.606401842564,0.8780349282976004,High,860
2612-RANWT,1,United States,California,Mount Laguna,91948,"32.830852, -116.444601",32.830852,-116.444601,Female,No,No,No,12,Yes,Yes,Fiber optic,No,No,Yes,No,Yes,Yes,Month-to-month,Yes,Bank transfer (automatic),100.15,1164.3,Yes,1,96,3682,Price too high,0.7109906206553415,1,High,2,New High-Risk,-2.388188064640456,-0.4027684308813589,High Risk,2617.867465252967,2617.867465252967,0.8778929433480052,High,861
1915-IOFGU,1,United States,California,Keene,93531,"35.214982, -118.59049",35.214982,-118.59049,Female,No,No,No,1,Yes,No,Fiber optic,No,No,No,No,No,No,Month-to-month,No,Electronic check,70.5,70.5,Yes,1,90,4123,Competitor offered higher download speeds,0.6348071331465178,1,Medium,2,New High-Risk,-1.2726158232570908,-4.139222310733917,Standard,2617.309809963093,2617.309809963093,0.8777509583984098,High,862
4671-LXRDQ,1,United States,California,Salyer,95563,"40.89866, -123.539754",40.89866,-123.539754,Male,No,No,No,2,Yes,No,DSL,No,No,No,No,No,No,Month-to-month,Yes,Mailed check,45.0,96.45,Yes,1,93,5704,Competitor had better devices,0.4586498647286984,0,Medium,2,New High-Risk,-0.9169468176034058,-4.082919830725022,Standard,2616.1388284124955,2616.1388284124955,0.8776089734488144,High,863
7517-SAWMO,1,United States,California,Granada Hills,91344,"34.291273, -118.505104",34.291273,-118.505104,Female,No,Yes,No,19,Yes,No,Fiber optic,Yes,No,No,No,No,No,Month-to-month,Yes,Electronic check,73.2,1441.1,Yes,1,97,4718,Attitude of support person,0.5544373870401201,1,Medium,2,New High-Risk,-1.751294592685889,-2.1533722984838315,Standard,2615.8355920552867,2615.8355920552867,0.8774669884992191,High,864
0928-XUTSN,1,United States,California,Brawley,92227,"33.03933, -115.191857",33.03933,-115.191857,Female,No,No,No,13,Yes,No,Fiber optic,No,No,No,No,No,Yes,Month-to-month,Yes,Electronic check,80.5,1011.8,No,0,37,3895,Attitude of support person,0.6713749109633823,1,Medium,2,New High-Risk,-1.9864401211855809,-3.1219167803220063,Standard,2615.005278202374,2615.005278202374,0.8773250035496237,High,865
9355-NPPFS,1,United States,California,Fremont,94538,"37.505768, -121.962472",37.505768,-121.962472,Female,Yes,No,No,26,Yes,No,Fiber optic,No,No,No,No,No,Yes,Month-to-month,Yes,Electronic check,78.8,2006.1,No,0,37,4509,Attitude of support person,0.5793168602967183,1,Medium,2,New High-Risk,-2.4728893742381466,-2.846660666518769,Standard,2612.1397230779025,2612.1397230779025,0.8771830186000285,High,866
8718-PTMEZ,1,United States,California,Lake Elsinore,92530,"33.655421, -117.391751",33.655421,-117.391751,Female,No,No,No,13,No,No phone service,DSL,No,Yes,No,No,No,No,Month-to-month,Yes,Electronic check,31.05,347.25,Yes,1,97,5131,Don't know,0.5090892176422602,1,Medium,3,Mid-Tenure Moderate-Risk,-1.9769723582258705,-3.5619435829519004,Standard,2612.136775722437,2612.136775722437,0.8770410336504331,High,867
4140-MUHUG,1,United States,California,Oak View,93022,"34.404544, -119.302118",34.404544,-119.302118,Female,Yes,No,No,3,Yes,No,Fiber optic,No,No,Yes,No,Yes,No,Month-to-month,Yes,Electronic check,86.85,220.95,Yes,1,70,3561,Attitude of service provider,0.7330744632246917,1,High,2,New High-Risk,-2.389522136498302,-2.667231410413053,High Risk,2610.4781635431273,2610.4781635431273,0.8768990487008377,High,868
9050-IKDZA,1,United States,California,Clovis,93611,"36.917652, -119.593757",36.917652,-119.593757,Female,Yes,No,No,2,Yes,No,Fiber optic,No,No,No,No,Yes,No,Month-to-month,No,Mailed check,81.5,162.55,No,0,59,4267,Attitude of support person,0.6117777750114658,1,Medium,2,New High-Risk,-1.363869653246695,-3.3603778296245466,Standard,2610.4557659739244,2610.4557659739244,0.8767570637512424,High,869
8272-ONJLV,1,United States,California,San Diego,92123,"32.808814, -117.134694",32.808814,-117.134694,Male,No,No,No,12,Yes,No,Fiber optic,No,No,Yes,No,Yes,Yes,One year,No,Electronic check,95.7,1184.0,No,0,41,5527,Attitude of support person,0.472119228772158,0,Medium,2,New High-Risk,-1.4899914324675307,-0.3941022892092399,Standard,2609.4029774237174,2609.4029774237174,0.876615078801647,High,870
7278-CKDNC,1,United States,California,Fresno,93701,"36.749403, -119.787574",36.749403,-119.787574,Male,Yes,No,No,24,Yes,Yes,Fiber optic,No,Yes,No,No,No,No,Month-to-month,Yes,Electronic check,80.5,2088.45,No,0,40,4422,Attitude of support person,0.5899699672807716,1,Medium,2,New High-Risk,-2.809170774836502,-2.3095841235289942,Standard,2608.8471953155718,2608.8471953155718,0.8764730938520516,High,871
5240-IJOQT,1,United States,California,Grass Valley,95949,"39.099204, -121.137962",39.099204,-121.137962,Male,Yes,No,No,1,Yes,Yes,Fiber optic,No,No,No,No,No,No,Month-to-month,Yes,Electronic check,74.7,74.7,Yes,1,88,3348,Competitor offered higher download speeds,0.7790894505945709,1,High,2,New High-Risk,-2.649207168019989,-3.7944331272439658,High Risk,2608.3914805906234,2608.3914805906234,0.8763311089024564,High,872
2080-CAZNM,1,United States,California,Burbank,91502,"34.177267, -118.31003",34.177267,-118.31003,Female,Yes,No,No,41,Yes,Yes,Fiber optic,No,Yes,Yes,No,Yes,Yes,Month-to-month,Yes,Electronic check,104.4,4133.95,No,0,61,4477,Attitude of support person,0.5821854110704646,1,Medium,0,Established High-Value,-3.243423537547564,0.6523949146971755,Standard,2606.44408536247,2606.44408536247,0.876189123952861,High,873
9507-EXLTT,1,United States,California,Seaside,93955,"36.625114, -121.823565",36.625114,-121.823565,Female,No,Yes,No,1,Yes,No,Fiber optic,No,No,No,No,Yes,No,Month-to-month,Yes,Bank transfer (automatic),79.35,79.35,Yes,1,77,3492,Attitude of support person,0.7462177352044262,1,High,2,New High-Risk,-1.6871543103520146,-2.163847391107937,High Risk,2605.7923313338565,2605.7923313338565,0.8760471390032657,High,874
0666-UXTJO,1,United States,California,Morongo Valley,92256,"34.097863, -116.594561",34.097863,-116.594561,Male,Yes,Yes,No,34,Yes,No,Fiber optic,No,No,Yes,No,Yes,No,Month-to-month,Yes,Credit card (automatic),85.2,2874.45,No,0,27,5393,Attitude of support person,0.4825428286966794,0,Medium,2,New High-Risk,-2.333636879345004,-0.3171907255878889,Standard,2602.353475161192,2602.353475161192,0.8759051540536703,High,875
1309-BXVOQ,1,United States,California,Old Station,96071,"40.656287, -121.428965",40.656287,-121.428965,Male,No,Yes,No,21,Yes,Yes,Fiber optic,No,No,Yes,Yes,Yes,Yes,Month-to-month,Yes,Electronic check,106.1,2249.95,Yes,1,69,3584,Long distance charges,0.7260675697807928,1,High,0,Established High-Value,-2.5952751238412817,0.9891193406645198,High Risk,2602.2261700943614,2602.2261700943614,0.8757631691040749,High,876
2873-ZLIWT,1,United States,California,Inyokern,93527,"36.041315, -118.188235",36.041315,-118.188235,Female,No,Yes,No,40,Yes,Yes,Fiber optic,No,No,Yes,Yes,No,No,Month-to-month,Yes,Electronic check,84.85,3303.05,Yes,1,99,5764,Poor expertise of phone support,0.4513120268082154,0,Medium,2,New High-Risk,-2.3778625475698383,0.0949797798248206,Standard,2601.3625225225537,2601.3625225225537,0.8756211841544796,High,877
5940-NFXKV,1,United States,California,Rancho Santa Fe,92091,"32.99356, -117.207121",32.99356,-117.207121,Male,No,Yes,No,19,Yes,Yes,Fiber optic,No,No,No,No,No,Yes,Month-to-month,Yes,Electronic check,83.65,1465.75,Yes,1,88,3427,Competitor made better offer,0.7583359571266045,1,High,2,New High-Risk,-2.4517089976623976,-1.6142296303140975,High Risk,2598.8173250728737,2598.8173250728737,0.8754791992048843,High,878
6030-REHUX,1,United States,California,Fountain Valley,92708,"33.712036, -117.950113",33.712036,-117.950113,Female,Yes,Yes,No,28,Yes,Yes,Fiber optic,No,Yes,Yes,Yes,Yes,Yes,Month-to-month,Yes,Electronic check,110.85,3204.4,No,0,58,3906,Attitude of support person,0.6651215649018979,1,Medium,0,Established High-Value,-3.100124761318909,1.8892540667597968,Standard,2597.9648325068133,2597.9648325068133,0.875337214255289,High,879
2357-COQEK,1,United States,California,Atherton,94027,"37.454924, -122.203168",37.454924,-122.203168,Female,Yes,No,No,28,Yes,Yes,Fiber optic,No,No,Yes,Yes,Yes,Yes,Month-to-month,Yes,Electronic check,103.3,2890.65,Yes,1,78,4136,Competitor made better offer,0.6279131834370496,1,Medium,2,New High-Risk,-3.0487950193854685,0.2934784978228771,Standard,2597.048926695637,2597.048926695637,0.8751952293056936,High,880
4439-JMPMT,1,United States,California,Comptche,95427,"39.239818, -123.565432",39.239818,-123.565432,Female,No,Yes,No,5,Yes,No,Fiber optic,No,No,No,Yes,Yes,No,Month-to-month,Yes,Electronic check,85.75,470.95,Yes,1,71,3608,Attitude of support person,0.7197995176644971,1,High,2,New High-Risk,-1.8576543195102952,-1.735412710581838,High Risk,2597.0366597335055,2597.0366597335055,0.8750532443560982,High,881
8087-LGYHQ,1,United States,California,Crestline,92325,"34.248061, -117.29028",34.248061,-117.29028,Male,No,No,No,9,Yes,No,Fiber optic,No,No,Yes,No,Yes,Yes,Month-to-month,Yes,Electronic check,94.05,811.65,No,0,42,3475,Attitude of support person,0.7467583113213857,1,High,2,New High-Risk,-2.123475404358135,-1.619498853090765,High Risk,2594.9851318418155,2594.9851318418155,0.8749112594065029,High,882
7233-DRTRF,1,United States,California,Fresno,93701,"36.749403, -119.787574",36.749403,-119.787574,Male,No,Yes,No,63,Yes,Yes,Fiber optic,No,Yes,Yes,No,Yes,Yes,Month-to-month,Yes,Electronic check,102.4,6444.05,No,0,43,5096,Attitude of support person,0.5089760226872773,1,Medium,0,Established High-Value,-2.94631839516185,2.29220244547194,Standard,2593.741811614365,2593.741811614365,0.8747692744569076,High,883
2722-JMONI,1,United States,California,Escondido,92029,"33.079834, -117.134275",33.079834,-117.134275,Female,Yes,Yes,No,1,Yes,No,DSL,Yes,No,No,No,No,No,Month-to-month,Yes,Electronic check,49.55,49.55,Yes,1,76,4989,Limited range of services,0.5198878995452529,1,Medium,2,New High-Risk,-1.7343746301502807,-2.8478746349848136,Standard,2593.720730831267,2593.720730831267,0.8746272895073123,High,884
2919-HBCJO,1,United States,California,Downieville,95936,"39.578792, -120.780786",39.578792,-120.780786,Female,No,No,No,4,Yes,No,Fiber optic,No,Yes,No,No,No,No,Month-to-month,Yes,Bank transfer (automatic),76.65,333.6,Yes,1,97,4580,Moved,0.5662484380456799,1,Medium,2,New High-Risk,-1.5999635252852868,-2.8055696573640767,Standard,2593.417846249214,2593.417846249214,0.8744853045577169,High,885
6284-AHOOQ,1,United States,California,Avenal,93204,"35.916943, -120.129921",35.916943,-120.129921,Male,Yes,No,No,22,Yes,Yes,Fiber optic,No,No,No,Yes,Yes,No,Month-to-month,Yes,Bank transfer (automatic),90.5,1910.6,Yes,1,71,5014,Don't know,0.5169824006449515,1,Medium,2,New High-Risk,-2.6223544898285773,-0.96587626887734,Standard,2592.149756833787,2592.149756833787,0.8743433196081215,High,886
2085-BOJKI,1,United States,California,Long Beach,90822,"33.778436, -118.118648",33.778436,-118.118648,Male,No,Yes,No,17,Yes,No,Fiber optic,No,No,Yes,No,Yes,Yes,One year,Yes,Bank transfer (automatic),96.65,1588.25,No,0,37,5228,Attitude of support person,0.4948549406459492,0,Medium,0,Established High-Value,-1.803394599883665,0.971823729852385,Standard,2587.1016296970224,2587.1016296970224,0.8742013346585262,High,887
6366-ZGQGL,1,United States,California,Pomona,91766,"34.042286, -117.756106",34.042286,-117.756106,Male,No,No,No,1,No,No phone service,DSL,No,No,No,No,No,No,Month-to-month,No,Bank transfer (automatic),24.8,24.8,Yes,1,73,5087,Service dissatisfaction,0.5084563930711902,1,Medium,3,Mid-Tenure Moderate-Risk,-1.1976406937675603,-3.993465316310152,Standard,2586.5176715531443,2586.5176715531443,0.8740593497089308,High,888
0376-YMCJC,1,United States,California,Novato,94949,"38.067204, -122.524004",38.067204,-122.524004,Male,No,No,No,23,Yes,Yes,Fiber optic,No,No,No,Yes,Yes,No,Month-to-month,Yes,Electronic check,90.6,1943.2,Yes,1,82,4359,Competitor offered higher download speeds,0.5930936252737623,1,Medium,2,New High-Risk,-2.41275876867124,-1.4068357086257408,Standard,2585.29511256833,2585.29511256833,0.8739173647593355,High,889
8982-NHAVY,1,United States,California,Littlerock,93543,"34.505273, -117.955054",34.505273,-117.955054,Male,No,No,No,27,Yes,Yes,Fiber optic,No,No,Yes,No,Yes,Yes,One year,Yes,Bank transfer (automatic),100.5,2673.45,No,0,50,5939,Attitude of support person,0.4351360538786313,0,Medium,0,Established High-Value,-2.3220930827315915,1.1265837278286963,Standard,2584.2730239851912,2584.2730239851912,0.8737753798097402,High,890
6432-TWQLB,1,United States,California,Rosemead,91770,"34.065108, -118.082791",34.065108,-118.082791,Male,No,Yes,No,5,Yes,Yes,Fiber optic,No,Yes,No,Yes,No,No,Month-to-month,Yes,Electronic check,85.4,401.1,Yes,1,80,3676,Network reliability,0.7029096383188687,1,High,2,New High-Risk,-2.175126241185538,-1.1773362858382066,High Risk,2583.895830460161,2583.895830460161,0.8736333948601448,High,891
1251-STYSZ,1,United States,California,Glenhaven,95443,"39.045246, -122.743181",39.045246,-122.743181,Female,Yes,No,No,4,Yes,Yes,Fiber optic,Yes,No,No,No,No,No,Month-to-month,Yes,Electronic check,80.25,303.7,No,0,20,3828,Attitude of support person,0.6749491407474221,1,Medium,2,New High-Risk,-2.5716679660213098,-2.961382370202496,Standard,2583.7053107811316,2583.7053107811316,0.8734914099105495,High,892
1522-VVDMG,1,United States,California,Oakland,94611,"37.828416, -122.216005",37.828416,-122.216005,Male,No,Yes,No,7,Yes,No,Fiber optic,No,Yes,No,Yes,Yes,No,Month-to-month,Yes,Electronic check,89.75,608.8,Yes,1,90,3807,Poor expertise of online support,0.6785178831801391,1,Medium,2,New High-Risk,-1.876133267801661,-0.9243734036608504,Standard,2583.1175812667893,2583.1175812667893,0.8733494249609541,High,893
0947-IDHRQ,1,United States,California,Woodland Hills,91367,"34.178068, -118.615714",34.178068,-118.615714,Female,No,No,No,7,Yes,No,Fiber optic,No,No,No,No,Yes,No,Month-to-month,Yes,Mailed check,80.3,526.7,Yes,1,75,3949,Competitor made better offer,0.6540194613307468,1,Medium,2,New High-Risk,-1.449824230635185,-3.213905540734081,Standard,2582.7228527951193,2582.7228527951193,0.8732074400113587,High,894
0432-CAJZV,1,United States,California,Onyx,93255,"35.676978, -118.101378",35.676978,-118.101378,Male,No,No,No,3,Yes,No,Fiber optic,No,No,No,No,Yes,Yes,Month-to-month,No,Mailed check,90.7,237.65,No,0,69,3953,Attitude of support person,0.6533496521161624,1,Medium,2,New High-Risk,-1.0797359380782954,-2.474455083011267,Standard,2582.6911748151897,2582.6911748151897,0.8730654550617635,High,895
4749-VFKVB,1,United States,California,Inverness,94937,"38.099323, -122.945723",38.099323,-122.945723,Female,No,No,No,1,Yes,Yes,DSL,No,No,No,No,No,No,Month-to-month,Yes,Mailed check,50.1,50.1,Yes,1,90,4778,Don't know,0.5401504279185179,1,Medium,2,New High-Risk,-1.3622644294818158,-3.617626231656755,Standard,2580.8387445946782,2580.8387445946782,0.8729234701121681,High,896
8922-LIEGH,1,United States,California,Jolon,93928,"35.930782, -121.189757",35.930782,-121.189757,Female,Yes,No,No,25,Yes,Yes,Fiber optic,No,Yes,No,No,No,Yes,Month-to-month,Yes,Electronic check,89.7,2187.55,Yes,1,82,4078,Poor expertise of online support,0.6324301934548867,1,Medium,2,New High-Risk,-2.956404542725,-1.5386898708938386,Standard,2579.050328909028,2579.050328909028,0.8727814851625728,High,897
9710-ZUSHQ,1,United States,California,Red Bluff,96080,"40.186772, -122.388361",40.186772,-122.388361,Female,Yes,No,No,37,Yes,Yes,Fiber optic,Yes,Yes,No,No,Yes,Yes,Month-to-month,Yes,Bank transfer (automatic),106.75,4056.75,Yes,1,92,5849,Lack of affordable download/upload speed,0.4408740276817379,0,Medium,0,Established High-Value,-2.92230448351804,1.0993686668544873,Standard,2578.672187910485,2578.672187910485,0.8726395002129774,High,898
6005-OBZPH,1,United States,California,Ludlow,92338,"34.702766, -116.093376",34.702766,-116.093376,Female,Yes,No,No,26,Yes,Yes,Fiber optic,No,Yes,No,No,Yes,No,Month-to-month,Yes,Electronic check,89.15,2277.65,Yes,1,89,4074,Price too high,0.6328953725671428,1,Medium,2,New High-Risk,-2.954393794744238,-1.5200770227839209,Standard,2578.4157478385396,2578.4157478385396,0.872497515263382,High,899
6217-TOWGS,1,United States,California,San Jose,95113,"37.333851, -121.891147",37.333851,-121.891147,Female,No,Yes,No,17,Yes,Yes,DSL,No,Yes,No,No,Yes,Yes,Month-to-month,Yes,Bank transfer (automatic),75.4,1322.55,No,0,64,4852,Attitude of support person,0.5310740636938811,1,Medium,2,New High-Risk,-2.038409298191042,0.3710055127958538,Standard,2576.7713570427113,2576.7713570427113,0.8723555303137868,High,900
7074-IEVOJ,1,United States,California,San Francisco,94130,"37.820894, -122.369725",37.820894,-122.369725,Female,Yes,No,No,3,Yes,Yes,Fiber optic,No,Yes,No,No,No,No,Month-to-month,Yes,Electronic check,79.4,205.05,Yes,1,91,3501,Product dissatisfaction,0.7357382204651479,1,High,2,New High-Risk,-2.6725990579163783,-2.987193997093218,High Risk,2575.819509848483,2575.819509848483,0.8722135453641914,High,901
3223-DWFIO,1,United States,California,Forks Of Salmon,96031,"41.232128, -123.194748",41.232128,-123.194748,Male,Yes,No,No,4,Yes,No,Fiber optic,No,No,No,No,No,No,Month-to-month,No,Electronic check,69.35,261.65,No,0,26,4140,Attitude of support person,0.6214009318673537,1,Medium,2,New High-Risk,-1.7067942143183823,-4.188722279885403,Standard,2572.5998579308443,2572.5998579308443,0.8720715604145961,High,902
7587-RZNME,1,United States,California,Valencia,91355,"34.43987, -118.644609",34.43987,-118.644609,Male,No,No,No,3,Yes,No,DSL,No,No,No,No,No,No,Month-to-month,Yes,Electronic check,43.3,123.65,Yes,1,91,4849,Lack of affordable download/upload speed,0.5302782733229655,1,Medium,2,New High-Risk,-1.4001249803589648,-4.240410233437935,Standard,2571.3193473430597,2571.3193473430597,0.8719295754650007,High,903
3914-FDRHP,1,United States,California,Warner Springs,92086,"33.323705, -116.626907",33.323705,-116.626907,Male,No,No,No,9,Yes,No,Fiber optic,No,No,No,Yes,Yes,No,Month-to-month,No,Electronic check,86.25,770.5,No,0,42,4754,Attitude of support person,0.5405124004202294,1,Medium,2,New High-Risk,-1.3864079102494116,-2.2729354218656392,Standard,2569.5959515977706,2569.5959515977706,0.8717875905154053,High,904
1049-FYSYG,1,United States,California,Ridgecrest,93555,"35.603913, -117.67828",35.603913,-117.67828,Female,No,Yes,No,17,No,No phone service,DSL,No,Yes,Yes,No,No,No,Month-to-month,Yes,Credit card (automatic),35.65,646.05,No,0,38,5977,Attitude of support person,0.429711215682404,0,Medium,3,Mid-Tenure Moderate-Risk,-1.791558959170459,-1.1763200773583389,Standard,2568.3839361337286,2568.3839361337286,0.87164560556581,High,905
4583-PARNH,1,United States,California,Kerman,93630,"36.727418, -120.123526",36.727418,-120.123526,Male,Yes,Yes,No,16,Yes,No,Fiber optic,No,No,Yes,Yes,No,Yes,Month-to-month,Yes,Electronic check,91.55,1540.05,No,0,46,4045,Attitude of support person,0.6349273333228845,1,Medium,2,New High-Risk,-2.3884987124433184,-0.6234154954146255,Standard,2568.2810632910678,2568.2810632910678,0.8715036206162147,High,906
4446-BZKHU,1,United States,California,Pleasant Hill,94523,"37.95338, -122.076886",37.95338,-122.076886,Male,No,Yes,No,61,Yes,Yes,Fiber optic,No,Yes,Yes,No,Yes,Yes,Month-to-month,Yes,Electronic check,105.55,6281.45,Yes,1,86,5011,Lack of self-service on Website,0.5124467916812327,1,Medium,0,Established High-Value,-2.960437639304161,2.2451139714813726,Standard,2567.870873114657,2567.870873114657,0.8713616356666193,High,907
3884-HCSWG,1,United States,California,Camptonville,95922,"39.432127, -121.099287",39.432127,-121.099287,Female,No,No,No,17,Yes,No,Fiber optic,No,No,No,No,No,No,Month-to-month,Yes,Electronic check,70.0,1144.5,Yes,1,70,4390,Lack of self-service on Website,0.5841031329982693,1,Medium,2,New High-Risk,-1.8467498521376549,-3.7781709627612377,Standard,2564.212753862402,2564.212753862402,0.871219650717024,High,908
6741-EGCBI,1,United States,California,Hacienda Heights,91745,"33.998471, -117.973758",33.998471,-117.973758,Male,Yes,No,No,30,Yes,Yes,Fiber optic,Yes,No,No,No,No,Yes,Month-to-month,Yes,Credit card (automatic),90.5,2595.85,No,0,53,5983,Attitude of support person,0.4285328371438985,0,Medium,2,New High-Risk,-2.659576760327936,-0.7160077968136045,Standard,2563.9119646319446,2563.9119646319446,0.8710776657674286,High,909
0422-UXFAP,1,United States,California,San Diego,92117,"32.825086, -117.199424",32.825086,-117.199424,Female,No,Yes,No,51,Yes,Yes,Fiber optic,No,No,Yes,No,Yes,Yes,One year,Yes,Electronic check,98.85,4947.55,No,0,43,6034,Attitude of support person,0.4248462949040219,0,Medium,0,Established High-Value,-2.675806261544306,2.117973020680227,Standard,2563.5225434508684,2563.5225434508684,0.8709356808178333,High,910
3768-NLUBH,1,United States,California,Torrance,90503,"33.840399, -118.353714",33.840399,-118.353714,Male,Yes,Yes,No,57,Yes,Yes,Fiber optic,No,No,Yes,No,Yes,Yes,Month-to-month,No,Electronic check,100.6,5746.15,Yes,1,74,5247,Network reliability,0.4881172790771534,0,Medium,0,Established High-Value,-2.840168800634804,1.328998823375287,Standard,2561.151363317824,2561.151363317824,0.870793695868238,High,911
0431-APWVY,1,United States,California,Novato,94949,"38.067204, -122.524004",38.067204,-122.524004,Female,No,Yes,No,28,Yes,No,Fiber optic,No,No,No,No,Yes,Yes,One year,Yes,Bank transfer (automatic),90.1,2598.95,Yes,1,99,5958,Don't know,0.429574596898426,0,Medium,0,Established High-Value,-1.8411647446391,0.4924762872401352,Standard,2559.405448320822,2559.405448320822,0.8706517109186426,High,912
8180-AKMJV,1,United States,California,Litchfield,96117,"40.507272, -120.338228",40.507272,-120.338228,Female,No,No,No,1,Yes,No,DSL,No,No,No,No,No,No,Month-to-month,Yes,Credit card (automatic),44.55,44.55,No,0,45,5825,Attitude of support person,0.4393616629837773,0,Medium,2,New High-Risk,-1.184198310926833,-3.651966180112811,Standard,2559.281686880503,2559.281686880503,0.8705097259690473,High,913
2792-LSHWX,1,United States,California,Fremont,94555,"37.555473, -122.080312",37.555473,-122.080312,Female,No,No,No,1,Yes,No,Fiber optic,Yes,Yes,No,Yes,No,No,Month-to-month,Yes,Mailed check,83.4,83.4,No,0,26,5960,Attitude of support person,0.4292726428061292,0,Medium,2,New High-Risk,-1.099631077877333,-1.6697643583038764,Standard,2558.46495112453,2558.46495112453,0.8703677410194519,High,914
4566-NECEV,1,United States,California,Palos Verdes Peninsula,90274,"33.788208, -118.404955",33.788208,-118.404955,Male,No,No,No,5,Yes,Yes,Fiber optic,No,Yes,Yes,No,No,Yes,Month-to-month,No,Electronic check,96.55,500.1,No,0,56,3787,Attitude of support person,0.675117941415576,1,Medium,2,New High-Risk,-1.94513633872151,-1.064230223137129,Standard,2556.671644140786,2556.671644140786,0.8702257560698566,High,915
7488-MXJIV,1,United States,California,Armona,93202,"36.315979, -119.710852",36.315979,-119.710852,Female,No,No,No,4,Yes,Yes,Fiber optic,No,No,No,No,Yes,No,Month-to-month,Yes,Electronic check,85.65,321.65,Yes,1,96,3223,Attitude of support person,0.793082752512457,1,High,2,New High-Risk,-2.3881945983691915,-2.82949739447077,High Risk,2556.1057113476486,2556.1057113476486,0.8700837711202613,High,916
9840-EFJQB,1,United States,California,Sylmar,91342,"34.321621, -118.399841",34.321621,-118.399841,Female,No,No,No,1,Yes,No,Fiber optic,No,Yes,No,No,No,No,Month-to-month,No,Electronic check,74.35,74.35,No,0,80,4237,Attitude of support person,0.6030157349926334,1,Medium,2,New High-Risk,-1.2802464338551611,-3.386104390252876,Standard,2554.9776691637876,2554.9776691637876,0.8699417861706659,High,917
5515-AKOAJ,1,United States,California,Hawaiian Gardens,90716,"33.830431, -118.074071",33.830431,-118.074071,Female,No,No,No,54,Yes,Yes,Fiber optic,No,No,No,Yes,Yes,Yes,Month-to-month,Yes,Electronic check,100.1,5440.9,Yes,1,75,5763,Service dissatisfaction,0.4432802797824099,0,Medium,0,Established High-Value,-2.7868074208987874,0.4826718261579225,Standard,2554.6242523860283,2554.6242523860283,0.8697998012210706,High,918
0524-IAVZO,1,United States,California,Anza,92539,"33.527605, -116.666551",33.527605,-116.666551,Female,No,Yes,No,30,Yes,Yes,Fiber optic,No,No,No,No,No,Yes,Month-to-month,Yes,Electronic check,85.0,2624.25,Yes,1,97,3698,Don't know,0.6905994582492097,1,Medium,2,New High-Risk,-2.5375655107799493,-1.2583642385083695,Standard,2553.836796605577,2553.836796605577,0.8696578162714752,High,919
9907-SWKKF,1,United States,California,Twain,95984,"40.022184, -121.062384",40.022184,-121.062384,Female,Yes,No,No,1,No,No phone service,DSL,No,No,No,No,No,No,Month-to-month,No,Mailed check,25.05,25.05,Yes,1,65,4842,Competitor offered higher download speeds,0.5272460348055414,1,Medium,3,Mid-Tenure Moderate-Risk,-1.3496541123356245,-4.570901275933374,Standard,2552.9253005284318,2552.9253005284318,0.8695158313218799,High,920
3976-BWUCK,1,United States,California,San Diego,92130,"32.957195, -117.202542",32.957195,-117.202542,Female,No,Yes,No,30,Yes,Yes,Fiber optic,No,Yes,No,Yes,Yes,No,Month-to-month,Yes,Credit card (automatic),94.1,2804.45,Yes,1,94,5255,Attitude of service provider,0.4854084563681289,0,Medium,0,Established High-Value,-2.248680218685879,0.9846085949673906,Standard,2550.8214382145175,2550.8214382145175,0.8693738463722845,High,921
9897-KXHCM,1,United States,California,Modesto,95357,"37.670526, -120.877572",37.670526,-120.877572,Female,No,Yes,No,3,Yes,No,Fiber optic,No,No,No,No,No,Yes,Month-to-month,Yes,Electronic check,80.3,250.05,Yes,1,72,3212,Competitor offered higher download speeds,0.7941249547014717,1,High,2,New High-Risk,-1.9289557691132373,-2.6293520949380804,High Risk,2550.729354501127,2550.729354501127,0.8692318614226892,High,922
4285-GYRQC,1,United States,California,Newport Beach,92662,"33.606336, -117.893042",33.606336,-117.893042,Female,No,Yes,No,7,Yes,No,Fiber optic,No,No,Yes,No,Yes,No,Month-to-month,Yes,Electronic check,86.25,587.1,Yes,1,89,3344,Attitude of support person,0.762448167064138,1,High,2,New High-Risk,-1.9757003608834307,-1.6506118988349945,High Risk,2549.6266706624774,2549.6266706624774,0.8690898764730939,High,923
1550-EENBN,1,United States,California,Concord,94519,"37.990118, -122.012188",37.990118,-122.012188,Female,No,No,No,31,Yes,Yes,Fiber optic,Yes,Yes,No,No,Yes,Yes,Month-to-month,No,Electronic check,104.35,3205.6,No,0,78,5320,Attitude of support person,0.4790568880522438,0,Medium,0,Established High-Value,-2.1351153679913293,0.483889794163118,Standard,2548.582644437937,2548.582644437937,0.8689478915234985,High,924
8519-QJGJD,1,United States,California,Twain,95984,"40.022184, -121.062384",40.022184,-121.062384,Female,No,No,No,14,Yes,No,Fiber optic,No,No,Yes,No,No,No,Month-to-month,No,Electronic check,75.35,1025.95,Yes,1,71,4995,Attitude of service provider,0.5101346258325055,1,Medium,2,New High-Risk,-1.3604875695494063,-2.854996208240205,Standard,2548.122456033365,2548.122456033365,0.8688059065739032,High,925
6908-VVYHM,1,United States,California,Pasadena,91104,"34.165383, -118.123752",34.165383,-118.123752,Male,No,Yes,No,65,Yes,Yes,Fiber optic,No,Yes,No,No,No,Yes,Month-to-month,Yes,Electronic check,90.65,5931.0,No,0,70,6358,Attitude of support person,0.4003627109419576,0,Medium,0,Established High-Value,-2.7882780734467736,0.7768564293161933,Standard,2545.5061161689664,2545.5061161689664,0.8686639216243078,High,926
8149-RSOUN,1,United States,California,Dorris,96023,"41.949216, -122.050062",41.949216,-122.050062,Female,No,No,No,1,Yes,Yes,Fiber optic,No,No,No,No,Yes,Yes,Month-to-month,Yes,Electronic check,93.85,93.85,Yes,1,78,3014,Competitor offered more data,0.8434620826130579,1,High,2,New High-Risk,-2.5068657120081954,-2.1469297170531827,High Risk,2542.1947169957566,2542.1947169957566,0.8685219366747124,High,927
3211-ILJTT,1,United States,California,Taft,93268,"35.184837, -119.402525",35.184837,-119.402525,Male,No,Yes,No,17,Yes,No,Fiber optic,No,No,No,No,No,No,Month-to-month,Yes,Bank transfer (automatic),70.4,1214.05,Yes,1,67,4469,Attitude of service provider,0.5686896217342583,1,Medium,2,New High-Risk,-1.631902099685649,-2.4401309192836216,Standard,2541.4739195304005,2541.4739195304005,0.8683799517251172,High,928
0397-GZBBC,1,United States,California,South Dos Palos,93665,"36.959731, -120.653519",36.959731,-120.653519,Male,Yes,Yes,No,59,Yes,Yes,Fiber optic,No,No,No,No,Yes,Yes,Month-to-month,Yes,Bank transfer (automatic),93.85,5574.75,Yes,1,85,5390,Price too high,0.4715118927884628,0,Medium,0,Established High-Value,-3.081737479342063,0.930736290105156,Standard,2541.4491021298145,2541.4491021298145,0.8682379667755218,High,929
1849-RJYIG,1,United States,California,Sunnyvale,94087,"37.3511, -122.037311",37.3511,-122.037311,Female,No,No,No,8,Yes,No,DSL,Yes,No,No,No,Yes,No,Month-to-month,Yes,Electronic check,60.0,487.75,No,0,29,5862,Attitude of support person,0.4334474663582529,0,Medium,2,New High-Risk,-1.4907573959377969,-2.5013933743293344,Standard,2540.869047792078,2540.869047792078,0.8680959818259264,High,930
7567-ECMCM,1,United States,California,Danville,94506,"37.791481, -121.903253",37.791481,-121.903253,Male,No,No,No,24,Yes,No,Fiber optic,No,No,No,No,No,Yes,Month-to-month,Yes,Credit card (automatic),79.85,2001.0,No,0,43,5128,Attitude of support person,0.4950655064040998,0,Medium,2,New High-Risk,-1.8268375101690035,-2.179701806605656,Standard,2538.6959168402236,2538.6959168402236,0.8679539968763311,High,931
5950-AAAGJ,1,United States,California,Playa Del Rey,90293,"33.947305, -118.439841",33.947305,-118.439841,Male,No,No,No,18,Yes,Yes,Fiber optic,No,No,No,No,Yes,No,Month-to-month,No,Bank transfer (automatic),84.3,1537.9,No,0,72,4612,Attitude of support person,0.5499207315267057,1,Medium,2,New High-Risk,-1.740262257424035,-1.7611089631033985,Standard,2536.2344138011667,2536.2344138011667,0.8678120119267357,High,932
1564-NTYXF,1,United States,California,San Marcos,92078,"33.119028, -117.166036",33.119028,-117.166036,Female,Yes,No,No,13,Yes,Yes,Fiber optic,No,No,No,No,No,Yes,Month-to-month,Yes,Electronic check,82.0,1127.2,Yes,1,99,3363,Attitude of support person,0.7540129745750661,1,High,2,New High-Risk,-2.8454138132082365,-2.7003289694130865,High Risk,2535.7456334959475,2535.7456334959475,0.8676700269771405,High,933
6857-VWJDT,1,United States,California,Santa Cruz,95060,"36.993451, -122.098858",36.993451,-122.098858,Female,No,No,No,1,Yes,Yes,Fiber optic,No,No,No,No,Yes,Yes,Month-to-month,No,Mailed check,95.65,95.65,Yes,1,87,3473,Attitude of service provider,0.7296570118441125,1,High,2,New High-Risk,-1.5206739451322566,-1.979957877879504,High Risk,2534.0988021346025,2534.0988021346025,0.8675280420275451,High,934
2359-KMGLI,1,United States,California,Running Springs,92382,"34.186211, -117.07683",34.186211,-117.07683,Male,No,No,No,24,Yes,Yes,Fiber optic,No,Yes,No,No,No,No,Month-to-month,Yes,Electronic check,80.25,1861.5,Yes,1,77,4418,Competitor had better devices,0.5735553078837134,1,Medium,2,New High-Risk,-2.3643648015977834,-2.228980178616472,Standard,2533.967350230246,2533.967350230246,0.8673860570779497,High,935
4558-FANTW,1,United States,California,Fair Oaks,95628,"38.652065, -121.25441",38.652065,-121.25441,Female,No,Yes,No,17,Yes,No,Fiber optic,Yes,No,No,Yes,Yes,No,Month-to-month,No,Electronic check,91.85,1574.45,Yes,1,89,5643,Lack of affordable download/upload speed,0.4487340759709211,0,Medium,2,New High-Risk,-1.347022199781187,-0.4113338184333107,Standard,2532.206390703908,2532.206390703908,0.8672440721283544,High,936
4501-EQDRN,1,United States,California,Montclair,91763,"34.072121, -117.698319",34.072121,-117.698319,Female,No,No,No,1,Yes,No,Fiber optic,No,No,No,No,No,No,Month-to-month,No,Bank transfer (automatic),69.7,69.7,Yes,1,98,4620,Attitude of service provider,0.5474777814243879,1,Medium,2,New High-Risk,-1.0478918758669826,-3.588905022059305,Standard,2529.347350180672,2529.347350180672,0.867102087178759,High,937
6267-DCFFZ,1,United States,California,Madeline,96119,"41.042003, -120.506086",41.042003,-120.506086,Female,Yes,Yes,No,30,Yes,Yes,Fiber optic,No,Yes,No,No,Yes,No,Month-to-month,Yes,Electronic check,90.05,2627.2,No,0,39,3792,Attitude of support person,0.6666541593543933,1,Medium,2,New High-Risk,-2.981533534179728,-0.6219817770287567,Standard,2527.9525722718595,2527.9525722718595,0.8669601022291638,High,938
7774-OJSXI,1,United States,California,South Lake Tahoe,96150,"38.911577, -120.106169",38.911577,-120.106169,Male,No,No,No,31,Yes,Yes,Fiber optic,No,Yes,Yes,No,Yes,Yes,One year,Yes,Electronic check,103.45,3066.45,Yes,1,65,5387,Poor expertise of phone support,0.469193616855088,0,Medium,0,Established High-Value,-2.5644578319657154,1.4099170040583522,Standard,2527.546013998359,2527.546013998359,0.8668181172795684,High,939
3908-BLSYF,1,United States,California,Los Altos,94024,"37.352911, -122.093002",37.352911,-122.093002,Female,No,No,No,6,Yes,No,Fiber optic,No,No,Yes,No,No,Yes,Month-to-month,No,Electronic check,83.9,497.55,Yes,1,97,3962,Price too high,0.637430161440161,1,Medium,2,New High-Risk,-1.4557263613893905,-2.3873985949527765,Standard,2525.4982996259178,2525.4982996259178,0.866676132329973,High,940
1728-BQDMA,1,United States,California,Penryn,95663,"38.859093, -121.182872",38.859093,-121.182872,Female,No,No,No,2,Yes,No,DSL,No,No,No,No,No,No,Month-to-month,No,Electronic check,44.45,82.7,No,0,26,5694,Attitude of support person,0.4434838767195118,0,Medium,2,New High-Risk,-0.9082175530482984,-4.104403132252168,Standard,2525.1971940409003,2525.1971940409003,0.8665341473803777,High,941
9134-CEQMF,1,United States,California,Nice,95464,"39.12334, -122.838198",39.12334,-122.838198,Male,Yes,Yes,No,7,Yes,No,Fiber optic,No,No,No,No,Yes,Yes,Month-to-month,Yes,Electronic check,89.5,676.7,Yes,1,89,3077,Network reliability,0.8205351258250618,1,High,2,New High-Risk,-2.525042398336786,-1.863572363792528,High Risk,2524.786582163715,2524.786582163715,0.8663921624307823,High,942
6128-CZOMY,1,United States,California,Alpine,91901,"32.827184, -116.703729",32.827184,-116.703729,Female,No,No,No,1,Yes,No,DSL,No,No,No,No,No,No,Month-to-month,Yes,Electronic check,45.65,45.65,Yes,1,78,4689,Competitor offered higher download speeds,0.5384013271369827,1,Medium,2,New High-Risk,-1.4119827977754464,-4.288659619477582,Standard,2524.563822945312,2524.563822945312,0.866250177481187,High,943
6339-DKLMK,1,United States,California,Corona,92879,"33.893823, -117.531446",33.893823,-117.531446,Female,No,No,No,13,No,No phone service,DSL,No,Yes,No,No,No,No,Month-to-month,Yes,Electronic check,31.65,389.95,No,0,49,4959,Attitude of support person,0.5089763345547068,1,Medium,3,Mid-Tenure Moderate-Risk,-1.983018907042196,-3.5751811488420024,Standard,2524.013643056791,2524.013643056791,0.8661081925315917,High,944
8313-KTIHG,1,United States,California,Thousand Palms,92276,"33.849263, -116.382778",33.849263,-116.382778,Male,No,No,No,4,Yes,No,DSL,No,No,No,Yes,Yes,No,Month-to-month,Yes,Electronic check,61.3,249.4,No,0,58,5281,Attitude of support person,0.4776234661527842,0,Medium,2,New High-Risk,-1.4931123471091197,-2.566696864876088,Standard,2522.3295247528536,2522.3295247528536,0.8659662075819963,High,945
1842-EZJMK,1,United States,California,Orangevale,95662,"38.689174, -121.218435",38.689174,-121.218435,Male,No,Yes,No,50,Yes,Yes,Fiber optic,No,Yes,No,Yes,Yes,Yes,Month-to-month,No,Electronic check,103.7,5071.05,Yes,1,82,5897,Lack of self-service on Website,0.4276363897068074,0,Medium,0,Established High-Value,-2.2640255960520053,1.9972780415876392,Standard,2521.7717901010433,2521.7717901010433,0.865824222632401,High,946
9961-JBNMK,1,United States,California,Desert Center,92239,"33.889605, -115.257009",33.889605,-115.257009,Male,Yes,No,No,21,Yes,No,Fiber optic,No,No,Yes,No,Yes,Yes,Month-to-month,Yes,Bank transfer (automatic),96.8,2030.3,Yes,1,87,4317,Product dissatisfaction,0.5838784072484545,1,Medium,2,New High-Risk,-2.4372416425274213,-0.7861874318723339,Standard,2520.6030840915782,2520.6030840915782,0.8656822376828056,High,947
0968-GSIKN,1,United States,California,Thousand Palms,92276,"33.849263, -116.382778",33.849263,-116.382778,Female,No,No,No,1,Yes,No,Fiber optic,No,No,No,No,No,No,Month-to-month,Yes,Mailed check,70.8,70.8,Yes,1,73,3901,Competitor made better offer,0.6461082599025786,1,Medium,2,New High-Risk,-1.2770578904537944,-4.1505111571107545,Standard,2520.468321879959,2520.468321879959,0.8655402527332102,High,948
7613-LLQFO,1,United States,California,Amador City,95601,"38.431407, -120.8421",38.431407,-120.8421,Male,No,No,No,12,Yes,Yes,Fiber optic,No,No,No,No,Yes,No,Month-to-month,Yes,Electronic check,84.45,1059.55,Yes,1,100,3330,Limited range of services,0.7561686015878307,1,High,2,New High-Risk,-2.42671254856396,-2.60700892580024,High Risk,2518.0414432874763,2518.0414432874763,0.865398267783615,High,949
4662-EKDPQ,1,United States,California,Los Angeles,90016,"34.028331, -118.354338",34.028331,-118.354338,Male,No,No,No,2,Yes,Yes,DSL,No,No,No,No,No,Yes,Month-to-month,No,Bank transfer (automatic),62.05,118.3,Yes,1,96,5344,Competitor had better devices,0.4711455058839258,0,Medium,2,New High-Risk,-1.3109205539192277,-2.2475072573256014,Standard,2517.801583443699,2517.801583443699,0.8652562828340196,High,950
6595-YGXIT,1,United States,California,Boulder Creek,95006,"37.171727, -122.142961",37.171727,-122.142961,Male,Yes,No,No,25,Yes,Yes,Fiber optic,No,Yes,No,No,Yes,No,Month-to-month,Yes,Electronic check,88.95,2291.2,Yes,1,100,3878,Competitor made better offer,0.6491871398593958,1,Medium,2,New High-Risk,-2.9513956206379186,-1.5577838484944757,Standard,2517.547728374737,2517.547728374737,0.8651142978844243,High,951
3068-OMWZA,1,United States,California,Round Mountain,96084,"40.923558, -122.059933",40.923558,-122.059933,Male,Yes,No,No,1,Yes,Yes,Fiber optic,No,No,Yes,No,Yes,No,Month-to-month,Yes,Electronic check,88.8,88.8,Yes,1,91,3106,Competitor made better offer,0.8096852054178235,1,High,2,New High-Risk,-2.807036145684761,-2.181682051514281,High Risk,2514.88224802776,2514.88224802776,0.8649723129348289,High,952
0265-EDXBD,1,United States,California,Mount Laguna,91948,"32.830852, -116.444601",32.830852,-116.444601,Male,Yes,Yes,No,32,Yes,Yes,Fiber optic,No,No,No,No,No,No,Month-to-month,Yes,Electronic check,74.9,2303.35,Yes,1,69,4105,Lack of self-service on Website,0.6123911696583917,1,Medium,2,New High-Risk,-2.8040308675631747,-2.1306178619919947,Standard,2513.8657514476977,2513.8657514476977,0.8648303279852335,High,953
1194-HVAIF,1,United States,California,Capistrano Beach,92624,"33.458754, -117.665104",33.458754,-117.665104,Female,No,Yes,No,27,Yes,Yes,Fiber optic,No,No,No,No,Yes,Yes,Month-to-month,No,Credit card (automatic),95.0,2462.55,No,0,75,4235,Attitude of support person,0.593578007855168,1,Medium,2,New High-Risk,-1.9458944470163728,0.0707628906178028,Standard,2513.8028632666365,2513.8028632666365,0.8646883430356382,High,954
0641-EVBOJ,1,United States,California,Coarsegold,93614,"37.212191, -119.749323",37.212191,-119.749323,Male,No,No,No,3,Yes,No,Fiber optic,Yes,No,No,Yes,No,No,Month-to-month,Yes,Mailed check,82.3,214.4,No,0,56,5755,Attitude of support person,0.4367041446961177,0,Medium,2,New High-Risk,-1.12264748232719,-2.3756413929244906,Standard,2513.2323527261574,2513.2323527261574,0.8645463580860429,High,955
4059-IIEBK,1,United States,California,Ojai,93023,"34.581308, -118.931948",34.581308,-118.931948,Female,No,No,No,7,Yes,Yes,Fiber optic,No,Yes,No,No,No,No,Month-to-month,Yes,Bank transfer (automatic),78.55,522.95,No,0,61,4025,Attitude of support person,0.6242246676350254,1,Medium,2,New High-Risk,-2.038368500800728,-2.2191007980188746,Standard,2512.5042872309773,2512.5042872309773,0.8644043731364476,High,956
4445-ZJNMU,1,United States,California,Manhattan Beach,90266,"33.889632, -118.39737",33.889632,-118.39737,Male,No,No,No,9,Yes,Yes,Fiber optic,No,Yes,No,No,Yes,Yes,Month-to-month,Yes,Credit card (automatic),99.3,918.75,No,0,69,3540,Attitude of support person,0.7097044649841502,1,High,2,New High-Risk,-2.355759658922665,-0.6114653070855172,High Risk,2512.353806043892,2512.353806043892,0.8642623881868522,High,957
5356-CSVSQ,1,United States,California,La Verne,91750,"34.144703, -117.770299",34.144703,-117.770299,Female,No,No,No,3,Yes,Yes,DSL,No,No,No,Yes,Yes,No,Month-to-month,No,Electronic check,64.6,174.2,No,0,24,5277,Attitude of support person,0.4756839289478484,0,Medium,2,New High-Risk,-1.4248102589568712,-1.953511834260872,Standard,2510.184093057796,2510.184093057796,0.8641204032372568,High,958
2897-DOVND,1,United States,California,Winterhaven,92283,"32.852947, -114.850784",32.852947,-114.850784,Male,No,No,No,2,Yes,No,Fiber optic,No,No,No,No,No,No,Month-to-month,Yes,Electronic check,69.8,146.65,No,0,26,3527,Attitude of support person,0.7112698325277403,1,High,2,New High-Risk,-1.7717322744105295,-4.236274123725261,High Risk,2508.64869932534,2508.64869932534,0.8639784182876615,High,959
5299-RULOA,1,United States,California,Whittier,90606,"33.976678, -118.065875",33.976678,-118.065875,Female,No,Yes,Yes,10,Yes,Yes,Fiber optic,Yes,No,No,No,Yes,Yes,Month-to-month,Yes,Electronic check,100.25,1064.65,Yes,1,87,5998,Price too high,0.41811808060138,0,Medium,2,New High-Risk,-2.17730052180644,0.5396319730506456,Standard,2507.8722474470774,2507.8722474470774,0.8638364333380661,High,960
1728-CXQBE,1,United States,California,Glenn,95943,"39.597975, -122.032248",39.597975,-122.032248,Male,Yes,Yes,No,64,Yes,Yes,Fiber optic,No,Yes,Yes,No,No,Yes,Month-to-month,Yes,Electronic check,94.25,6081.4,No,0,63,6020,Attitude of support person,0.4164330452290439,0,Medium,0,Established High-Value,-3.2321167325871456,1.4802835285307383,Standard,2506.926932278844,2506.926932278844,0.8636944483884709,High,961
1496-GGSUK,1,United States,California,Fulton,95439,"38.493888, -122.777141",38.493888,-122.777141,Female,Yes,No,No,1,No,No phone service,DSL,No,No,No,No,No,No,Month-to-month,Yes,Mailed check,25.7,25.7,Yes,1,83,4095,Attitude of service provider,0.612158178278656,1,Medium,3,Mid-Tenure Moderate-Risk,-1.8536231026974512,-4.705588376055172,Standard,2506.7877400510965,2506.7877400510965,0.8635524634388755,High,962
2979-SXESE,1,United States,California,Berkeley,94703,"37.863843, -122.275684",37.863843,-122.275684,Female,No,Yes,No,17,Yes,Yes,Fiber optic,Yes,No,Yes,No,Yes,No,Month-to-month,No,Electronic check,94.4,1607.2,Yes,1,66,4103,Moved,0.6107438256758257,1,Medium,2,New High-Risk,-1.8806502278901591,0.0612299701317958,Standard,2505.8819167479132,2505.8819167479132,0.8634104784892801,High,963
5445-UTODQ,1,United States,California,Del Mar,92014,"32.948262, -117.256086",32.948262,-117.256086,Female,No,Yes,No,7,Yes,No,Fiber optic,No,No,No,No,Yes,No,Month-to-month,Yes,Electronic check,81.1,576.65,Yes,1,87,3238,Don't know,0.7735988858300399,1,High,2,New High-Risk,-1.9535824135976203,-2.526203968158622,High Risk,2504.913192317669,2504.913192317669,0.8632684935396848,High,964
5301-GAUUY,1,United States,California,Newport Beach,92661,"33.601309, -117.902304",33.601309,-117.902304,Male,No,No,No,32,Yes,Yes,Fiber optic,No,Yes,No,No,No,No,Month-to-month,Yes,Bank transfer (automatic),80.35,2596.15,Yes,1,92,5974,Competitor had better devices,0.4190777308194915,0,Medium,2,New High-Risk,-2.201210063701509,-1.3250612400723976,Standard,2503.5703639156422,2503.5703639156422,0.8631265085900894,High,965
3247-ZVOUO,1,United States,California,Downey,90240,"33.956228, -118.120993",33.956228,-118.120993,Male,Yes,Yes,No,10,Yes,Yes,Fiber optic,No,No,No,No,No,Yes,Month-to-month,No,Electronic check,85.55,851.75,Yes,1,81,3336,Lack of self-service on Website,0.7500774440598857,1,High,2,New High-Risk,-2.351523968820834,-1.900059743114216,High Risk,2502.2583533837787,2502.2583533837787,0.8629845236404942,High,966
4176-FXYBO,1,United States,California,Whittier,90603,"33.945318, -117.992066",33.945318,-117.992066,Male,No,Yes,No,54,Yes,Yes,Fiber optic,Yes,Yes,Yes,No,Yes,Yes,Month-to-month,No,Electronic check,109.55,6118.95,No,0,42,6130,Attitude of support person,0.4074761527115454,0,Medium,0,Established High-Value,-2.3409855209826835,3.0029864328698865,Standard,2497.8288161217733,2497.8288161217733,0.8628425386908988,High,967
4816-JBHOV,1,United States,California,Los Angeles,90044,"33.952714, -118.292061",33.952714,-118.292061,Male,Yes,No,No,2,Yes,No,DSL,No,No,No,No,No,No,Month-to-month,Yes,Electronic check,44.7,93.7,Yes,1,98,4618,Competitor offered more data,0.5408242752661164,1,Medium,2,New High-Risk,-1.837606221677641,-4.396181449243275,Standard,2497.526503178926,2497.526503178926,0.8627005537413034,High,968
3144-AUDBS,1,United States,California,Calexico,92231,"32.690654, -115.431225",32.690654,-115.431225,Female,No,Yes,No,6,Yes,No,DSL,No,No,No,Yes,No,No,Month-to-month,Yes,Electronic check,49.15,270.8,Yes,1,86,5271,Competitor offered higher download speeds,0.4733879591515689,0,Medium,2,New High-Risk,-1.3314617131569446,-2.507540385590328,Standard,2495.2279326879197,2495.2279326879197,0.8625585687917081,High,969
9061-TIHDA,1,United States,California,Murrieta,92563,"33.581045, -117.14719",33.581045,-117.14719,Male,Yes,Yes,No,13,Yes,Yes,Fiber optic,No,No,No,No,Yes,Yes,Month-to-month,Yes,Electronic check,95.25,1233.65,Yes,1,97,2982,Attitude of service provider,0.8355400068012704,1,High,2,New High-Risk,-3.020274786703389,-1.1074852444131034,High Risk,2491.580300281388,2491.580300281388,0.8624165838421127,High,970
5649-RXQTV,1,United States,California,Alderpoint,95511,"40.166028, -123.584144",40.166028,-123.584144,Male,No,No,No,51,Yes,No,Fiber optic,No,Yes,Yes,No,Yes,Yes,Month-to-month,Yes,Electronic check,99.0,5038.15,No,0,78,5787,Attitude of support person,0.4302946801842967,0,Medium,0,Established High-Value,-2.422916589845584,0.594480338761373,Standard,2490.115314226525,2490.115314226525,0.8622745988925173,High,971
2227-JRSJX,1,United States,California,Monterey Park,91754,"34.050322, -118.147037",34.050322,-118.147037,Female,No,No,No,21,Yes,No,Fiber optic,No,Yes,No,Yes,Yes,Yes,Month-to-month,Yes,Bank transfer (automatic),99.15,1956.4,No,0,36,5324,Attitude of support person,0.4674342331790893,0,Medium,2,New High-Risk,-1.8965017555178845,0.1055293807160738,Standard,2488.619857445471,2488.619857445471,0.8621326139429221,High,972
3312-UUMZW,1,United States,California,San Jose,95117,"37.311088, -121.961786",37.311088,-121.961786,Male,No,Yes,No,32,Yes,Yes,Fiber optic,No,Yes,No,No,Yes,Yes,Month-to-month,Yes,Credit card (automatic),98.85,3145.9,No,0,61,3981,Attitude of support person,0.6249470468642413,1,Medium,0,Established High-Value,-2.496450332803341,0.899728030692102,Standard,2487.914193566545,2487.914193566545,0.8619906289933267,High,973
2040-VZIKE,1,United States,California,Stevinson,95374,"37.316807, -120.855753",37.316807,-120.855753,Female,No,Yes,No,49,Yes,Yes,Fiber optic,Yes,No,No,No,Yes,Yes,Month-to-month,Yes,Mailed check,100.85,4847.35,No,0,53,5417,Attitude of support person,0.4587891633490197,0,Medium,0,Established High-Value,-2.240261451354045,1.0808294151831053,Standard,2485.26089786164,2485.26089786164,0.8618486440437314,High,974
8614-VGMMV,1,United States,California,Riverside,92503,"33.890046, -117.455583",33.890046,-117.455583,Female,No,No,No,15,Yes,Yes,DSL,No,No,No,No,No,No,Month-to-month,Yes,Electronic check,49.1,679.55,Yes,1,86,5209,Competitor offered higher download speeds,0.4763687902582419,0,Medium,2,New High-Risk,-1.90375882642564,-3.344212684732037,Standard,2481.405028455182,2481.405028455182,0.861706659094136,High,975
6481-ESCNL,1,United States,California,Clayton,94517,"37.881842, -121.848111",37.881842,-121.848111,Female,No,No,No,29,Yes,Yes,Fiber optic,No,No,Yes,No,Yes,Yes,Month-to-month,No,Bank transfer (automatic),100.55,2878.75,No,0,53,4847,Attitude of support person,0.5118644596406219,1,Medium,2,New High-Risk,-2.0044071684032403,0.2663664810386755,Standard,2481.0070358780945,2481.0070358780945,0.8615646741445406,High,976
5108-ADXWO,1,United States,California,San Francisco,94130,"37.820894, -122.369725",37.820894,-122.369725,Male,No,No,No,11,Yes,No,Fiber optic,Yes,No,No,No,No,No,Month-to-month,Yes,Electronic check,73.5,791.75,Yes,1,75,4509,Competitor made better offer,0.5502101670151183,1,Medium,2,New High-Risk,-1.710647293067454,-3.2061946559969683,Standard,2480.897643071168,2480.897643071168,0.8614226891949454,High,977
0420-BWTPW,1,United States,California,Chula Vista,91910,"32.636792, -117.054989",32.636792,-117.054989,Male,No,No,No,8,No,No phone service,DSL,No,No,No,No,No,No,Month-to-month,No,Mailed check,25.5,215.2,Yes,1,78,5578,Attitude of support person,0.4447463897854407,0,Medium,3,Mid-Tenure Moderate-Risk,-0.9442854953736274,-4.237487472889946,Standard,2480.795362223188,2480.795362223188,0.86128070424535,High,978
7442-YGZFK,1,United States,California,Campo,91906,"32.673483, -116.472863",32.673483,-116.472863,Male,No,No,No,1,Yes,Yes,DSL,No,No,No,No,No,No,Month-to-month,Yes,Credit card (automatic),49.8,49.8,No,0,79,4796,Attitude of support person,0.5168620259019343,1,Medium,2,New High-Risk,-1.6337314899684523,-3.1782108842820045,Standard,2478.870276225677,2478.870276225677,0.8611387192957547,High,979
8375-DKEBR,1,United States,California,Hermosa Beach,90254,"33.86532, -118.396336",33.86532,-118.396336,Female,Yes,No,No,1,Yes,No,Fiber optic,No,No,No,No,No,No,Month-to-month,Yes,Electronic check,69.6,69.6,Yes,1,96,3438,Attitude of support person,0.7204484137164903,1,High,2,New High-Risk,-2.194681443791063,-4.387797365130557,High Risk,2476.9016463572934,2476.9016463572934,0.8609967343461593,High,980
3005-NFMTA,1,United States,California,Valencia,91354,"34.457005, -118.573726",34.457005,-118.573726,Male,Yes,No,No,55,Yes,Yes,Fiber optic,Yes,No,No,No,Yes,Yes,Month-to-month,Yes,Electronic check,98.8,5617.75,Yes,1,69,5543,Price too high,0.4455823954558113,0,Medium,2,New High-Risk,-3.2034789043054475,0.281103028602367,Standard,2469.863218011562,2469.863218011562,0.8608547493965639,High,981
0577-WHMEV,1,United States,California,San Jose,95133,"37.371862, -121.860349",37.371862,-121.860349,Female,No,Yes,No,16,Yes,Yes,Fiber optic,Yes,Yes,Yes,No,No,No,Month-to-month,No,Electronic check,90.7,1374.9,No,0,73,4839,Attitude of support person,0.5104006644945691,1,Medium,2,New High-Risk,-1.7519678747129444,0.0718453760697087,Standard,2469.82881548922,2469.82881548922,0.8607127644469686,High,982
3345-PBBFH,1,United States,California,Fowler,93625,"36.625792, -119.672483",36.625792,-119.672483,Male,No,Yes,No,8,Yes,No,DSL,No,Yes,No,No,No,No,Month-to-month,Yes,Bank transfer (automatic),49.55,393.45,No,0,25,5922,Attitude of support person,0.4169571514532794,0,Medium,2,New High-Risk,-1.229862786675379,-1.9313467639551547,Standard,2469.2202509063204,2469.2202509063204,0.8605707794973733,High,983
4228-ZGYUW,1,United States,California,San Francisco,94108,"37.791998, -122.408653",37.791998,-122.408653,Male,No,No,No,4,Yes,Yes,Fiber optic,No,Yes,No,No,No,Yes,Month-to-month,Yes,Electronic check,90.05,368.1,Yes,1,98,3212,Competitor offered more data,0.7682501274944645,1,High,2,New High-Risk,-2.405149638040309,-2.078975530388856,High Risk,2467.61940951222,2467.61940951222,0.860428794547778,High,984
5931-FLJJF,1,United States,California,Midway City,92655,"33.744439, -117.98588",33.744439,-117.98588,Male,Yes,Yes,No,7,Yes,No,Fiber optic,No,No,No,No,No,No,Month-to-month,Yes,Mailed check,70.1,467.55,Yes,1,83,3669,Attitude of service provider,0.6725194662064252,1,Medium,2,New High-Risk,-1.7261867743197392,-3.3338700022700176,Standard,2467.473921511374,2467.473921511374,0.8602868095981826,High,985
4116-TZAQJ,1,United States,California,Culver City,90230,"33.993991, -118.39704",33.993991,-118.39704,Female,No,No,No,9,Yes,No,Fiber optic,Yes,No,No,No,No,No,Month-to-month,Yes,Credit card (automatic),74.25,639.65,Yes,1,76,5393,Attitude of support person,0.4572442519195496,0,Medium,2,New High-Risk,-1.486060744357283,-2.64220632027377,Standard,2465.918250602131,2465.918250602131,0.8601448246485872,High,986
3278-FSIXX,1,United States,California,Blue Lake,95525,"40.94338, -123.831799",40.94338,-123.831799,Female,No,No,No,2,Yes,No,DSL,No,No,No,No,No,No,Month-to-month,Yes,Mailed check,45.25,74.2,No,0,27,5441,Attitude of support person,0.453087436416794,0,Medium,2,New High-Risk,-0.9159910989254302,-4.118659365111515,Standard,2465.2487415437763,2465.2487415437763,0.8600028396989919,High,987
9992-UJOEL,1,United States,California,Elk,95432,"39.108252, -123.645121",39.108252,-123.645121,Male,No,No,No,2,Yes,No,DSL,No,Yes,No,No,No,No,Month-to-month,Yes,Mailed check,50.3,92.75,No,0,33,5870,Attitude of support person,0.4191279293509857,0,Medium,2,New High-Risk,-0.9361687053688988,-3.3176642360291075,Standard,2460.280945290286,2460.280945290286,0.8598608547493966,High,988
3217-FZDMN,1,United States,California,Los Angeles,90001,"33.973616, -118.24902",33.973616,-118.24902,Female,Yes,No,No,8,Yes,No,Fiber optic,No,No,Yes,No,Yes,Yes,Month-to-month,Yes,Credit card (automatic),94.45,742.95,Yes,1,83,3676,Service dissatisfaction,0.6688022734690166,1,Medium,2,New High-Risk,-2.327244395012772,-1.2336923566340383,Standard,2458.5171572721047,2458.5171572721047,0.8597188697998012,High,989
1415-YFWLT,1,United States,California,Shaver Lake,93664,"37.223, -119.001021",37.223,-119.001021,Female,Yes,No,No,1,Yes,No,Fiber optic,No,No,No,No,Yes,Yes,Month-to-month,Yes,Electronic check,89.3,89.3,Yes,1,85,3067,Attitude of support person,0.801547760620001,1,High,2,New High-Risk,-2.4867911574172554,-2.8570778932194485,High Risk,2458.346981821543,2458.346981821543,0.8595768848502059,High,990
0420-HLGXF,1,United States,California,Visalia,93291,"36.391777, -119.372842",36.391777,-119.372842,Female,Yes,No,No,39,Yes,Yes,Fiber optic,No,No,Yes,No,Yes,Yes,Month-to-month,Yes,Electronic check,99.75,4036.0,No,0,58,3860,Attitude of support person,0.636738050281479,1,Medium,2,New High-Risk,-3.219154934713358,-0.209447733482854,Standard,2457.808874086509,2457.808874086509,0.8594348999006105,High,991
2024-BASKD,1,United States,California,Exeter,93221,"36.301689, -119.018233",36.301689,-119.018233,Female,No,No,No,1,Yes,No,Fiber optic,No,No,Yes,No,No,No,Month-to-month,Yes,Mailed check,74.6,74.6,Yes,1,94,3860,Competitor offered more data,0.6365192875091207,1,Medium,2,New High-Risk,-1.2869771476470926,-3.3008014437525146,Standard,2456.964449785206,2456.964449785206,0.8592929149510152,High,992
9283-LZQOH,1,United States,California,Antelope,95843,"38.715498, -121.363411",38.715498,-121.363411,Male,No,Yes,No,13,Yes,Yes,Fiber optic,No,No,No,No,No,No,Month-to-month,Yes,Credit card (automatic),74.4,896.75,Yes,1,89,3687,Competitor made better offer,0.6654823284154452,1,Medium,2,New High-Risk,-2.046987122993074,-2.0349582396075285,Standard,2453.6333448677465,2453.6333448677465,0.8591509300014198,High,993
7758-XKCBS,1,United States,California,Reseda,91335,"34.200175, -118.540958",34.200175,-118.540958,Male,No,No,No,15,No,No phone service,DSL,No,No,No,Yes,No,No,Month-to-month,Yes,Electronic check,29.7,438.25,Yes,1,82,5518,Competitor offered more data,0.443968869277272,0,Medium,3,Mid-Tenure Moderate-Risk,-1.8714207381231984,-3.43411230497795,Standard,2449.820220671987,2449.820220671987,0.8590089450518245,High,994
0082-OQIQY,1,United States,California,Farmington,95230,"37.956963, -120.863055",37.956963,-120.863055,Male,No,No,No,29,Yes,No,Fiber optic,No,No,No,Yes,Yes,Yes,Month-to-month,Yes,Electronic check,94.2,2607.6,No,0,60,4561,Attitude of support person,0.536930434888068,1,Medium,2,New High-Risk,-2.1401524367800384,-1.0236920109398215,Standard,2448.939713524478,2448.939713524478,0.8588669601022292,High,995
4959-JOSRX,1,United States,California,La Puente,91744,"34.031441, -117.936436",34.031441,-117.936436,Female,No,Yes,No,2,Yes,No,DSL,No,No,No,No,No,No,Month-to-month,Yes,Credit card (automatic),44.6,80.55,Yes,1,99,4884,Lack of affordable download/upload speed,0.5006188757577721,1,Medium,2,New High-Risk,-1.1803115869556708,-2.927723335199865,Standard,2445.022589200959,2445.022589200959,0.8587249751526338,High,996
9306-CPCBC,1,United States,California,Moreno Valley,92555,"33.907361, -117.109972",33.907361,-117.109972,Female,No,No,No,3,Yes,Yes,Fiber optic,No,No,No,No,No,No,Month-to-month,Yes,Electronic check,74.25,210.3,Yes,1,94,3207,Competitor made better offer,0.761557306954155,1,High,2,New High-Risk,-2.22358217618122,-3.653343676160419,High Risk,2442.314283401975,2442.314283401975,0.8585829902030385,High,997
3398-ZOUAA,1,United States,California,Redwood City,94063,"37.499411, -122.196318",37.499411,-122.196318,Male,Yes,Yes,No,21,Yes,No,Fiber optic,No,No,No,No,No,No,Month-to-month,Yes,Electronic check,69.1,1474.75,Yes,1,67,3853,Attitude of support person,0.633692330826152,1,Medium,2,New High-Risk,-2.286899756633572,-3.038239467834946,Standard,2441.6165506731636,2441.6165506731636,0.8584410052534431,High,998
2476-YGEFM,1,United States,California,Clovis,93611,"36.917652, -119.593757",36.917652,-119.593757,Female,No,No,No,29,Yes,Yes,Fiber optic,No,No,No,No,No,No,Month-to-month,Yes,Credit card (automatic),76.0,2215.25,No,0,46,5324,Attitude of support person,0.4582637993467832,0,Medium,2,New High-Risk,-2.157821547049497,-2.2378419110726706,Standard,2439.7964677222735,2439.7964677222735,0.8582990203038477,High,999
3096-IZETN,1,United States,California,Lomita,90717,"33.794209, -118.317354",33.794209,-118.317354,Female,No,No,No,12,Yes,No,Fiber optic,No,No,No,No,No,Yes,Month-to-month,No,Bank transfer (automatic),78.1,947.3,Yes,1,89,4741,Attitude of support person,0.5143904173382466,1,Medium,2,New High-Risk,-1.243152152032315,-2.5148114824185885,Standard,2438.724968600627,2438.724968600627,0.8581570353542525,High,1000
2754-XBHTB,1,United States,California,Amador City,95601,"38.431407, -120.8421",38.431407,-120.8421,Female,No,No,No,9,Yes,No,Fiber optic,No,No,No,No,Yes,No,Month-to-month,Yes,Bank transfer (automatic),77.65,714.15,Yes,1,96,3847,Competitor made better offer,0.6337987142738452,1,Medium,2,New High-Risk,-1.7184955012853198,-2.752369593964209,Standard,2438.223653811482,2438.223653811482,0.8580150504046571,High,1001
9286-DOJGF,1,United States,California,Lotus,95651,"38.815515, -120.916997",38.815515,-120.916997,Female,Yes,Yes,No,38,Yes,Yes,Fiber optic,No,No,No,No,No,No,Month-to-month,Yes,Bank transfer (automatic),74.95,2869.85,Yes,1,82,5165,Product dissatisfaction,0.4717393333734401,0,Medium,2,New High-Risk,-2.6262301681696747,-1.3416967423749224,Standard,2436.533656873818,2436.533656873818,0.8578730654550618,High,1002
4385-GZQXV,1,United States,California,Ontario,91764,"34.074087, -117.605618",34.074087,-117.605618,Female,Yes,No,No,16,Yes,No,Fiber optic,No,No,No,Yes,Yes,Yes,Month-to-month,Yes,Electronic check,94.45,1511.2,Yes,1,81,3810,Product dissatisfaction,0.6393853315803593,1,Medium,2,New High-Risk,-2.495979476687123,-1.566825256445653,Standard,2436.058113321169,2436.058113321169,0.8577310805054664,High,1003
9208-OLGAQ,1,United States,California,Berkeley,94709,"37.878554, -122.26609",37.878554,-122.26609,Female,Yes,No,No,18,Yes,No,Fiber optic,No,No,Yes,No,No,Yes,Month-to-month,Yes,Electronic check,84.95,1443.65,No,0,74,3878,Attitude of support person,0.6277426282616183,1,Medium,2,New High-Risk,-2.459823588080364,-2.251651241570552,Standard,2434.385912398556,2434.385912398556,0.857589095555871,High,1004
1583-IHQZE,1,United States,California,Camarillo,93010,"34.227846, -119.079903",34.227846,-119.079903,Male,No,No,No,12,Yes,Yes,Fiber optic,No,Yes,Yes,Yes,Yes,Yes,Month-to-month,Yes,Mailed check,112.95,1384.75,Yes,1,97,3965,Attitude of support person,0.6137352967439733,1,Medium,0,Established High-Value,-2.07399331743276,0.7754162747192174,Standard,2433.460451589854,2433.460451589854,0.8574471106062758,High,1005
5168-MSWXT,1,United States,California,Essex,92332,"34.9436, -115.287901",34.9436,-115.287901,Male,No,Yes,Yes,8,Yes,No,Fiber optic,No,No,Yes,No,Yes,Yes,Month-to-month,Yes,Electronic check,94.75,759.55,No,0,44,5505,Attitude of support person,0.4420100726826843,0,Medium,2,New High-Risk,-1.817395896465443,-0.0359597891410803,Standard,2433.265450118177,2433.265450118177,0.8573051256566804,High,1006
5019-GQVCR,1,United States,California,Westlake Village,91361,"34.130992, -118.894673",34.130992,-118.894673,Male,Yes,No,No,43,Yes,Yes,Fiber optic,No,No,No,No,Yes,No,Month-to-month,Yes,Electronic check,84.85,3645.6,No,0,56,4556,Attitude of support person,0.5339258347555583,1,Medium,2,New High-Risk,-3.037111671102642,-1.771670137311154,Standard,2432.5661031463237,2432.5661031463237,0.8571631407070851,High,1007
5378-IKEEG,1,United States,California,Eagleville,96110,"41.280341, -120.150381",41.280341,-120.150381,Female,No,No,No,1,No,No phone service,DSL,No,No,No,No,Yes,No,Month-to-month,Yes,Electronic check,35.75,35.75,Yes,1,70,3351,Price too high,0.7256346326715367,1,High,3,Mid-Tenure Moderate-Risk,-2.0658400104119483,-3.956441183395739,High Risk,2431.6016540823193,2431.6016540823193,0.8570211557574897,High,1008
3411-WLRSQ,1,United States,California,Los Angeles,90038,"34.088017, -118.327168",34.088017,-118.327168,Female,Yes,Yes,No,3,Yes,No,Fiber optic,No,Yes,No,No,No,No,Month-to-month,Yes,Bank transfer (automatic),74.6,239.05,No,0,57,3711,Attitude of support person,0.6552064352699613,1,Medium,2,New High-Risk,-2.00101137794481,-2.2420588484950703,Standard,2431.471081286826,2431.471081286826,0.8568791708078943,High,1009
2209-XADXF,1,United States,California,Willow Creek,95573,"40.949012, -123.655847",40.949012,-123.655847,Female,No,No,No,1,No,No phone service,DSL,No,No,No,No,No,No,Month-to-month,No,Bank transfer (automatic),25.25,25.25,No,0,28,4831,Attitude of support person,0.5032842064153094,1,Medium,3,Mid-Tenure Moderate-Risk,-1.1995931333737029,-4.024167485971664,Standard,2431.3660011923594,2431.3660011923594,0.856737185858299,High,1010
5138-WVKYJ,1,United States,California,Mojave,93501,"35.097323, -118.171288",35.097323,-118.171288,Male,No,No,No,10,Yes,Yes,Fiber optic,Yes,No,No,No,Yes,Yes,Month-to-month,No,Electronic check,98.55,1008.55,Yes,1,80,3658,Competitor offered higher download speeds,0.6643989089813342,1,Medium,2,New High-Risk,-1.9628297762686888,-1.0751867468835197,Standard,2430.3712090537206,2430.3712090537206,0.8565952009087037,High,1011
7011-CVEUC,1,United States,California,Chula Vista,91911,"32.607964, -117.059459",32.607964,-117.059459,Male,No,Yes,No,25,Yes,No,Fiber optic,No,No,No,Yes,Yes,Yes,Month-to-month,Yes,Credit card (automatic),95.7,2338.35,No,0,34,4535,Attitude of support person,0.5355298869363219,1,Medium,2,New High-Risk,-1.9065367328989844,0.2089672370535183,Standard,2428.6280372562196,2428.6280372562196,0.8564532159591083,High,1012
1644-IRKSF,1,United States,California,La Palma,90623,"33.850504, -118.039892",33.850504,-118.039892,Female,No,Yes,No,33,Yes,No,Fiber optic,No,No,Yes,No,Yes,Yes,One year,Yes,Electronic check,93.8,3124.5,Yes,1,76,5080,Attitude of support person,0.4780638220670277,0,Medium,0,Established High-Value,-2.0992841114859333,0.8866374833469992,Standard,2428.5642161005007,2428.5642161005007,0.856311231009513,High,1013
1660-HSOOQ,1,United States,California,Santa Barbara,93105,"34.037342, -119.80079",34.037342,-119.80079,Male,No,No,No,1,Yes,No,DSL,No,No,Yes,No,No,No,Month-to-month,Yes,Mailed check,49.65,49.65,Yes,1,97,5338,Lack of self-service on Website,0.4547071643236621,0,Medium,2,New High-Risk,-0.927920640478292,-3.2918476597457564,Standard,2427.226843159708,2427.226843159708,0.8561692460599176,High,1014
1980-KXVPM,1,United States,California,El Centro,92243,"32.770393, -115.60915",32.770393,-115.60915,Female,Yes,No,No,3,Yes,Yes,Fiber optic,No,No,No,No,No,No,Month-to-month,Yes,Credit card (automatic),75.05,256.25,Yes,1,83,3553,Competitor offered higher download speeds,0.6821482466307923,1,Medium,2,New High-Risk,-2.4386975751183897,-3.217180872290954,Standard,2423.672720279205,2423.672720279205,0.8560272611103223,High,1015
3186-BAXNB,1,United States,California,Cottonwood,96022,"40.336392, -122.448533",40.336392,-122.448533,Female,No,No,No,1,Yes,No,Fiber optic,No,Yes,No,Yes,Yes,No,Month-to-month,No,Electronic check,91.7,91.7,Yes,1,71,4319,Attitude of service provider,0.5609540184977617,1,Medium,2,New High-Risk,-1.3588661056068392,-1.7892511074665316,Standard,2422.7604058918328,2422.7604058918328,0.855885276160727,High,1016
5312-UXESG,1,United States,California,Indio,92203,"33.752938, -116.230055",33.752938,-116.230055,Female,No,No,No,41,Yes,Yes,Fiber optic,No,No,Yes,No,Yes,Yes,Month-to-month,No,Bank transfer (automatic),98.05,3990.6,No,0,58,5614,Attitude of support person,0.4310575216126386,0,Medium,0,Established High-Value,-2.0608384677146216,0.6753561881716795,Standard,2419.9569263333533,2419.9569263333533,0.8557432912111316,High,1017
7952-OBOYL,1,United States,California,Upland,91786,"34.105493, -117.660934",34.105493,-117.660934,Male,No,No,No,3,Yes,No,Fiber optic,No,No,Yes,Yes,Yes,No,Month-to-month,Yes,Mailed check,89.85,244.45,No,0,53,4096,Attitude of support person,0.5907474969510398,1,Medium,2,New High-Risk,-1.359822747058556,-1.644714910058117,Standard,2419.701747511459,2419.701747511459,0.8556013062615363,High,1018
8775-LHDJH,1,United States,California,San Jose,95136,"37.270938, -121.851046",37.270938,-121.851046,Female,Yes,Yes,No,1,Yes,Yes,Fiber optic,No,Yes,No,No,Yes,No,Month-to-month,Yes,Electronic check,90.6,90.6,Yes,1,93,2905,Don't know,0.8324431466368418,1,High,2,New High-Risk,-2.8156712844562835,-1.4899039594244523,High Risk,2418.2473409800255,2418.2473409800255,0.8554593213119409,High,1019
8468-EHYJA,1,United States,California,Palo Verde,92266,"33.3249, -114.758334",33.3249,-114.758334,Female,No,Yes,No,57,Yes,Yes,Fiber optic,Yes,No,No,No,Yes,Yes,Month-to-month,Yes,Electronic check,99.65,5497.05,No,0,42,5106,Attitude of support person,0.4735143832845652,0,Medium,0,Established High-Value,-2.7713102842096413,1.1794210097367028,Standard,2417.7644410509897,2417.7644410509897,0.8553173363623456,High,1020
4631-OACRM,1,United States,California,Lake Forest,92630,"33.644849, -117.684254",33.644849,-117.684254,Male,Yes,No,No,15,Yes,No,Fiber optic,No,No,No,No,No,Yes,Month-to-month,Yes,Electronic check,79.4,1156.1,Yes,1,74,3621,Competitor offered higher download speeds,0.6675027633884905,1,Medium,2,New High-Risk,-2.4156693786525905,-3.228778161304497,Standard,2417.027506229724,2417.027506229724,0.8551753514127503,High,1021
0220-EBGCE,1,United States,California,Fort Jones,96032,"41.5837, -122.935922",41.5837,-122.935922,Male,No,No,No,2,Yes,No,Fiber optic,No,No,Yes,No,No,Yes,Month-to-month,Yes,Electronic check,85.85,167.3,Yes,1,67,3273,Competitor offered more data,0.7377464389242621,1,High,2,New High-Risk,-1.9489048239842943,-2.6104556387416205,High Risk,2414.64409459911,2414.64409459911,0.8550333664631549,High,1022
8819-IMISP,1,United States,California,Redlands,92373,"34.003243, -117.138286",34.003243,-117.138286,Male,No,No,No,31,Yes,Yes,Fiber optic,No,Yes,No,No,No,No,Month-to-month,Yes,Electronic check,80.45,2429.1,No,0,49,4684,Attitude of support person,0.5153127286625361,1,Medium,2,New High-Risk,-2.404953964584201,-2.017700313730472,Standard,2413.724821055319,2413.724821055319,0.8548913815135596,High,1023
8802-UNOJF,1,United States,California,Philo,95466,"39.094102, -123.500853",39.094102,-123.500853,Male,Yes,No,No,12,Yes,No,Fiber optic,No,Yes,Yes,Yes,No,No,Month-to-month,Yes,Mailed check,83.8,1029.75,Yes,1,78,5565,Extra data charges,0.4336920105595791,0,Medium,2,New High-Risk,-1.711908989997191,-1.3840803178320351,Standard,2413.4960387640576,2413.4960387640576,0.8547493965639642,High,1024
2880-FPNAE,1,United States,California,Van Nuys,91405,"34.202494, -118.448048",34.202494,-118.448048,Male,Yes,Yes,No,2,Yes,No,Fiber optic,No,No,Yes,No,No,No,Month-to-month,Yes,Electronic check,74.2,140.1,No,0,32,3170,Attitude of support person,0.7611415951389107,1,High,2,New High-Risk,-2.213161891515416,-2.714598134997777,High Risk,2412.818856590347,2412.818856590347,0.8546074116143689,High,1025
3439-GVUSX,1,United States,California,Lookout,96054,"41.280478, -121.160249",41.280478,-121.160249,Male,No,No,No,1,No,No phone service,DSL,No,No,No,No,No,No,Month-to-month,No,Mailed check,24.4,24.4,No,0,80,4570,Attitude of support person,0.5279523612626872,1,Medium,3,Mid-Tenure Moderate-Risk,-0.9123502751983492,-4.494173651631203,Standard,2412.7422909704806,2412.7422909704806,0.8544654266647735,High,1026
0488-GSLFR,1,United States,California,Taylorsville,95983,"40.053684, -120.743116",40.053684,-120.743116,Female,No,No,No,1,Yes,No,Fiber optic,No,No,No,No,No,No,Month-to-month,Yes,Electronic check,69.5,69.5,Yes,1,91,3365,Product dissatisfaction,0.7165054556134882,1,High,2,New High-Risk,-1.7631478800905496,-4.283009544247712,High Risk,2411.0408581393876,2411.0408581393876,0.8543234417151782,High,1027
5542-TBBWB,1,United States,California,Lakeport,95453,"39.080469, -122.955176",39.080469,-122.955176,Male,No,No,No,1,Yes,No,Fiber optic,No,No,No,No,No,No,Month-to-month,Yes,Electronic check,69.9,69.9,No,0,26,3358,Attitude of support person,0.7178815378407958,1,High,2,New High-Risk,-1.7663414148148004,-4.2820419798788,High Risk,2410.6462040693923,2410.6462040693923,0.8541814567655829,High,1028
1069-XAIEM,1,United States,California,Mendocino,95460,"39.305545, -123.743697",39.305545,-123.743697,Female,Yes,No,No,1,Yes,Yes,Fiber optic,No,No,No,No,No,Yes,Month-to-month,Yes,Electronic check,85.05,85.05,Yes,1,96,2975,Competitor had better devices,0.8102321049008211,1,High,2,New High-Risk,-2.799759731658492,-3.048336096785877,High Risk,2410.440512079943,2410.440512079943,0.8540394718159875,High,1029
4958-XCBDQ,1,United States,California,Victorville,92394,"34.567058, -117.362329",34.567058,-117.362329,Male,Yes,No,No,35,Yes,Yes,Fiber optic,No,No,Yes,No,Yes,Yes,Month-to-month,Yes,Electronic check,101.4,3496.3,Yes,1,92,3689,Competitor offered more data,0.6528842861394328,1,Medium,2,New High-Risk,-3.1981405057081007,-0.3553494004391679,Standard,2408.490131568368,2408.490131568368,0.8538974868663921,High,1030
5167-ZFFMM,1,United States,California,Indio,92201,"33.713891, -116.237257",33.713891,-116.237257,Male,No,No,No,1,Yes,Yes,Fiber optic,No,Yes,No,No,No,Yes,Month-to-month,Yes,Credit card (automatic),90.85,90.85,Yes,1,81,3424,Network reliability,0.7029332356833955,1,High,2,New High-Risk,-2.168773183858212,-1.6323285447177796,High Risk,2406.843398979946,2406.843398979946,0.8537555019167968,High,1031
3466-RITXD,1,United States,California,Twin Bridges,95735,"38.805481, -120.13287",38.805481,-120.13287,Male,No,No,No,26,Yes,Yes,Fiber optic,Yes,Yes,No,No,Yes,No,Month-to-month,Yes,Credit card (automatic),92.4,2349.8,No,0,75,5461,Attitude of support person,0.440659894054657,0,Medium,2,New High-Risk,-2.196540121280628,-0.0335658076600688,Standard,2406.4436814324818,2406.4436814324818,0.8536135169672014,High,1032
2777-PHDEI,1,United States,California,Ahwahnee,93601,"37.375816, -119.739935",37.375816,-119.739935,Female,No,No,No,1,Yes,No,Fiber optic,No,No,No,No,Yes,No,Month-to-month,No,Electronic check,78.05,78.05,Yes,1,98,3458,Competitor offered more data,0.6957573204699563,1,Medium,2,New High-Risk,-1.3951844732703484,-3.448448275426488,Standard,2405.928814185109,2405.928814185109,0.8534715320176062,High,1033
9804-ICWBG,1,United States,California,Pacific Palisades,90272,"34.079449, -118.548306",34.079449,-118.548306,Male,No,No,No,1,Yes,No,Fiber optic,No,No,No,No,No,No,Month-to-month,Yes,Electronic check,69.9,69.9,Yes,1,88,3349,Attitude of support person,0.7178815378407958,1,High,2,New High-Risk,-1.7662819182601293,-4.2831950926896365,High Risk,2404.185270228825,2404.185270228825,0.8533295470680108,High,1034
5392-AKEMH,1,United States,California,Vista,92083,"33.17494, -117.242761",33.17494,-117.242761,Female,No,No,No,12,Yes,No,DSL,No,No,No,No,No,No,Month-to-month,Yes,Electronic check,45.05,523.1,No,0,37,5624,Attitude of support person,0.4273725742388384,0,Medium,2,New High-Risk,-1.4489490973107202,-3.953642371191541,Standard,2403.5433575192274,2403.5433575192274,0.8531875621184154,High,1035
2931-FSOHN,1,United States,California,Napa,94559,"38.232389, -122.324944",38.232389,-122.324944,Male,Yes,No,No,13,Yes,No,DSL,No,Yes,No,No,Yes,No,Month-to-month,Yes,Electronic check,59.9,788.35,No,0,58,5254,Attitude of support person,0.4574570646925696,0,Medium,2,New High-Risk,-2.0531926789366497,-2.535758648794192,Standard,2403.4794178947604,2403.4794178947604,0.8530455771688201,High,1036
6227-HWPWX,1,United States,California,Victorville,92392,"34.486835, -117.362274",34.486835,-117.362274,Female,No,No,No,15,Yes,No,Fiber optic,No,No,No,No,No,No,Month-to-month,No,Bank transfer (automatic),69.0,994.8,Yes,1,73,5671,Competitor had better devices,0.4235509951178758,0,Medium,2,New High-Risk,-1.112055094616705,-3.134777698415381,Standard,2401.9576933134736,2401.9576933134736,0.8529035922192247,High,1037
8887-IPQNC,1,United States,California,Manhattan Beach,90266,"33.889632, -118.39737",33.889632,-118.39737,Female,No,Yes,No,7,Yes,No,DSL,No,No,No,No,No,No,Month-to-month,Yes,Mailed check,44.25,313.45,No,0,58,5014,Attitude of support person,0.4790253572642606,0,Medium,2,New High-Risk,-0.9216411639411656,-3.249831896185162,Standard,2401.8331413230026,2401.8331413230026,0.8527616072696295,High,1038
4124-MMETB,1,United States,California,Lockwood,93932,"35.989792, -121.055933",35.989792,-121.055933,Male,No,No,No,22,Yes,Yes,Fiber optic,No,No,No,No,Yes,Yes,Month-to-month,Yes,Credit card (automatic),94.65,2104.55,Yes,1,85,3665,Competitor offered higher download speeds,0.6551507161216374,1,Medium,2,New High-Risk,-2.419881274533494,-0.9908448536077048,Standard,2401.127374585801,2401.127374585801,0.8526196223200341,High,1039
2379-ENZGV,1,United States,California,Bloomington,92316,"34.059722, -117.39104",34.059722,-117.39104,Male,No,No,No,6,Yes,No,Fiber optic,No,Yes,No,No,Yes,No,Month-to-month,Yes,Electronic check,84.85,523.5,Yes,1,72,3420,Competitor made better offer,0.7020658019688151,1,High,2,New High-Risk,-1.9577671863644728,-2.612401158100958,High Risk,2401.0650427333476,2401.0650427333476,0.8524776373704387,High,1040
8837-VVWLQ,1,United States,California,Capistrano Beach,92624,"33.458754, -117.665104",33.458754,-117.665104,Female,No,No,No,8,Yes,No,Fiber optic,Yes,No,No,No,Yes,No,Month-to-month,No,Electronic check,84.95,668.4,Yes,1,81,4437,Moved,0.5409549269794426,1,Medium,2,New High-Risk,-1.35511624793023,-2.43934684263801,Standard,2400.217011007787,2400.217011007787,0.8523356524208434,High,1041
7439-DKZTW,1,United States,California,Paicines,95043,"36.525703, -120.952122",36.525703,-120.952122,Male,No,No,No,1,Yes,No,Fiber optic,No,No,No,No,Yes,No,Month-to-month,Yes,Electronic check,80.55,80.55,No,0,21,3154,Attitude of support person,0.7608848048977944,1,High,2,New High-Risk,-1.9170661366959203,-3.517753612291905,High Risk,2399.8306746476437,2399.8306746476437,0.852193667471248,High,1042
6127-ISGTU,1,United States,California,Garden Valley,95633,"38.852544, -120.837669",38.852544,-120.837669,Female,No,Yes,No,16,Yes,Yes,Fiber optic,No,No,No,No,Yes,No,Month-to-month,Yes,Electronic check,84.95,1378.25,Yes,1,67,3075,Lack of self-service on Website,0.7801707803486029,1,High,2,New High-Risk,-2.4491101572424694,-1.7116606495345308,High Risk,2399.025149571954,2399.025149571954,0.8520516825216528,High,1043
6629-CZTTH,1,United States,California,Orange,92865,"33.828779, -117.848299",33.828779,-117.848299,Male,No,No,No,1,Yes,No,DSL,No,No,No,No,No,Yes,Month-to-month,Yes,Mailed check,55.7,55.7,Yes,1,79,4629,Product dissatisfaction,0.5181617779906971,1,Medium,2,New High-Risk,-1.062011940077698,-3.446093494415962,Standard,2398.5708703189366,2398.5708703189366,0.8519096975720574,High,1044
9777-WJJPR,1,United States,California,Sacramento,95842,"38.687367, -121.34848",38.687367,-121.34848,Male,No,Yes,No,31,Yes,Yes,Fiber optic,No,No,Yes,No,Yes,No,Month-to-month,No,Credit card (automatic),88.65,2683.2,No,0,48,4821,Attitude of support person,0.4971408353741874,0,Medium,2,New High-Risk,-1.824456563977442,0.2947111954076971,Standard,2396.7159673389574,2396.7159673389574,0.851767712622462,High,1045
1891-FZYSA,1,United States,California,Piercy,95587,"39.955587, -123.681175",39.955587,-123.681175,Male,Yes,Yes,No,69,Yes,Yes,Fiber optic,No,Yes,No,No,Yes,No,Month-to-month,Yes,Electronic check,89.95,6143.15,Yes,1,82,6363,Network reliability,0.3764523382996717,0,Low,0,Established High-Value,-3.2246229029425786,0.7396098059767313,Standard,2395.3662286008107,2395.3662286008107,0.8516257276728667,High,1046
7967-HYCDE,1,United States,California,Spring Valley,91978,"32.730264, -116.950963",32.730264,-116.950963,Male,No,No,No,8,Yes,No,Fiber optic,No,No,No,No,No,No,Month-to-month,No,Bank transfer (automatic),70.7,553.4,No,0,27,4946,Attitude of support person,0.4842006821739179,0,Medium,2,New High-Risk,-1.0906819439788846,-3.3782862865208267,Standard,2394.856574032198,2394.856574032198,0.8514837427232713,High,1047
5886-VLQVU,1,United States,California,Grand Terrace,92313,"34.029175, -117.307211",34.029175,-117.307211,Male,No,Yes,No,35,Yes,Yes,Fiber optic,No,No,No,Yes,No,Yes,Month-to-month,Yes,Bank transfer (automatic),89.85,3161.2,No,0,78,4945,Attitude of support person,0.4842722287032682,0,Medium,2,New High-Risk,-2.268878562494068,0.3230605384011605,Standard,2394.726170937661,2394.726170937661,0.851341757773676,High,1048
7480-QNVZJ,1,United States,California,Los Angeles,90005,"34.059281, -118.30742",34.059281,-118.30742,Male,Yes,No,No,50,Yes,Yes,Fiber optic,No,No,No,No,Yes,Yes,Month-to-month,Yes,Electronic check,95.7,4816.7,Yes,1,73,4287,Network reliability,0.5578060309749874,1,Medium,2,New High-Risk,-3.262337064677362,-0.7491162246230186,Standard,2391.314454789771,2391.314454789771,0.8511997728240807,High,1049
9305-CDSKC,1,United States,California,Los Angeles,90006,"34.048013, -118.293953",34.048013,-118.293953,Female,No,No,Yes,8,Yes,Yes,Fiber optic,No,No,Yes,No,Yes,Yes,Month-to-month,Yes,Electronic check,99.65,820.5,Yes,1,86,5372,Moved,0.4451110852519936,0,Medium,2,New High-Risk,-2.2740083236790274,-0.2668699124468032,Standard,2391.13674997371,2391.13674997371,0.8510577878744853,High,1050
5649-ANRML,1,United States,California,Clipper Mills,95930,"39.562239, -121.14836",39.562239,-121.14836,Male,Yes,No,No,2,Yes,No,Fiber optic,No,Yes,Yes,Yes,No,Yes,Month-to-month,Yes,Credit card (automatic),95.1,180.25,Yes,1,90,4486,Don't know,0.532561970794199,1,Medium,2,New High-Risk,-2.0833359919599737,-0.5444748861493989,Standard,2389.0730009827766,2389.0730009827766,0.85091580292489,High,1051
9095-HFAFX,1,United States,California,Big Bear City,92314,"34.278967, -116.773825",34.278967,-116.773825,Female,No,No,No,5,Yes,No,Fiber optic,No,No,No,No,Yes,No,Month-to-month,Yes,Credit card (automatic),81.0,389.6,Yes,1,96,3718,Competitor made better offer,0.6422711156881653,1,Medium,2,New High-Risk,-1.7184552110410134,-2.8486268538821933,Standard,2387.964008128599,2387.964008128599,0.8507738179752946,High,1052
4283-FUTGF,1,United States,California,El Sobrante,94803,"37.963995, -122.288296",37.963995,-122.288296,Male,Yes,No,No,19,Yes,Yes,Fiber optic,No,No,Yes,No,No,No,Month-to-month,Yes,Electronic check,79.85,1471.75,Yes,1,65,3715,Network reliability,0.6423381900413502,1,Medium,2,New High-Risk,-2.7647374536496905,-2.4424710228488244,Standard,2386.2863760036157,2386.2863760036157,0.8506318330256992,High,1053
1580-BMCMR,1,United States,California,Tehachapi,93561,"35.073777, -118.652112",35.073777,-118.652112,Male,Yes,No,No,19,Yes,No,Fiber optic,Yes,No,No,No,No,Yes,Month-to-month,Yes,Electronic check,87.3,1637.3,No,0,70,4447,Attitude of support person,0.5365618859949438,1,Medium,2,New High-Risk,-2.374084403277871,-2.29119388855447,Standard,2386.0907070195153,2386.0907070195153,0.850489848076104,High,1054
9793-WECQC,1,United States,California,Foresthill,95631,"39.031876, -120.811141",39.031876,-120.811141,Male,No,No,No,23,Yes,No,Fiber optic,No,Yes,No,No,Yes,Yes,Month-to-month,No,Mailed check,95.3,2192.9,No,0,68,5029,Attitude of support person,0.4744237488765889,0,Medium,2,New High-Risk,-1.2243057726935018,-1.0439825353921413,Standard,2385.8770331003657,2385.8770331003657,0.8503478631265086,High,1055
8914-RBTSB,1,United States,California,Valley Village,91607,"34.165783, -118.399795",34.165783,-118.399795,Male,No,Yes,No,31,Yes,Yes,Fiber optic,No,Yes,Yes,No,Yes,No,Month-to-month,No,Electronic check,93.8,3019.5,Yes,1,79,4115,Don't know,0.5797551409128374,1,Medium,0,Established High-Value,-2.0818597167315334,0.4997737782976511,Standard,2385.692404856326,2385.692404856326,0.8502058781769133,High,1056
5482-VXSXJ,1,United States,California,Tehama,96090,"40.021787, -122.127576",40.021787,-122.127576,Male,No,No,No,22,Yes,No,Fiber optic,No,Yes,No,No,Yes,Yes,Month-to-month,Yes,Mailed check,93.2,2157.3,No,0,26,4093,Attitude of support person,0.582634631559758,1,Medium,2,New High-Risk,-1.7020609220525045,-1.2341027331923886,Standard,2384.7235469740895,2384.7235469740895,0.8500638932273179,High,1057
2823-LKABH,1,United States,California,Rancho Mirage,92270,"33.763678, -116.429928",33.763678,-116.429928,Female,No,No,No,18,Yes,Yes,Fiber optic,No,No,Yes,Yes,No,Yes,Month-to-month,Yes,Bank transfer (automatic),95.05,1679.4,No,0,60,4524,Attitude of support person,0.5269006457757136,1,Medium,2,New High-Risk,-2.192134672501437,-0.1388390975373823,Standard,2383.6985214893284,2383.6985214893284,0.8499219082777225,High,1058
6656-JWRQX,1,United States,California,San Diego,92124,"32.827238, -117.089287",32.827238,-117.089287,Female,No,No,No,1,No,No phone service,DSL,No,No,No,Yes,No,No,Month-to-month,No,Mailed check,30.55,30.55,No,0,57,5565,Attitude of support person,0.4282548088304837,0,Medium,3,Mid-Tenure Moderate-Risk,-0.8404774929256259,-3.57333266276358,Standard,2383.238011141642,2383.238011141642,0.8497799233281272,High,1059
2397-BRLOM,1,United States,California,San Rafael,94901,"37.972662, -122.491452",37.972662,-122.491452,Male,Yes,Yes,No,8,Yes,No,Fiber optic,No,No,No,No,Yes,No,Month-to-month,Yes,Credit card (automatic),80.45,583.45,Yes,1,100,3443,Don't know,0.6918298139637249,1,Medium,2,New High-Risk,-2.1547819388131773,-2.106617820810065,Standard,2381.970049477105,2381.970049477105,0.8496379383785319,High,1060
8806-EAGWC,1,United States,California,Old Station,96071,"40.656287, -121.428965",40.656287,-121.428965,Male,No,No,No,3,Yes,No,DSL,No,No,No,No,Yes,No,Month-to-month,No,Mailed check,55.15,159.15,Yes,1,78,5698,Network reliability,0.4178914557239876,0,Medium,2,New High-Risk,-0.5650304504034246,-3.2324689627602554,Standard,2381.1455147152815,2381.1455147152815,0.8494959534289366,High,1061
0480-BIXDE,1,United States,California,Beale Afb,95903,"39.125311, -121.392283",39.125311,-121.392283,Female,No,Yes,No,19,Yes,No,Fiber optic,No,No,Yes,No,Yes,Yes,Month-to-month,Yes,Electronic check,96.8,1743.05,No,0,66,3249,Attitude of support person,0.7326981766003797,1,High,2,New High-Risk,-2.203034224016232,-0.5411652899384973,High Risk,2380.5363757746336,2380.5363757746336,0.8493539684793412,High,1062
1976-CFOCS,1,United States,California,Dana Point,92629,"33.477923, -117.705314",33.477923,-117.705314,Female,Yes,Yes,No,1,Yes,No,DSL,No,No,No,No,No,No,Month-to-month,No,Electronic check,46.0,46.0,Yes,1,67,4531,Competitor had better devices,0.5253720524174986,1,Medium,2,New High-Risk,-1.3394746876078354,-3.554045276377938,Standard,2380.460769503686,2380.460769503686,0.8492119835297458,High,1063
2516-VQRRV,1,United States,California,Culver City,90230,"33.993991, -118.39704",33.993991,-118.39704,Female,Yes,No,No,2,Yes,Yes,Fiber optic,No,No,No,No,No,No,Month-to-month,Yes,Mailed check,75.45,158.4,Yes,1,65,3350,Long distance charges,0.710563695897157,1,High,2,New High-Risk,-2.160552624046282,-3.707465488958065,High Risk,2380.388381255476,2380.388381255476,0.8490699985801505,High,1064
0354-WYROK,1,United States,California,San Francisco,94130,"37.820894, -122.369725",37.820894,-122.369725,Female,Yes,Yes,No,31,Yes,No,Fiber optic,No,No,Yes,Yes,Yes,Yes,Month-to-month,Yes,Electronic check,98.9,2911.3,Yes,1,98,4050,Don't know,0.5875368764124065,1,Medium,0,Established High-Value,-2.6017859061633604,0.5510931456102384,Standard,2379.5243494702463,2379.5243494702463,0.8489280136305551,High,1065
8258-GSTJK,1,United States,California,San Pedro,90732,"33.744119, -118.31448",33.744119,-118.31448,Male,Yes,No,No,3,Yes,Yes,Fiber optic,No,No,No,No,No,No,Month-to-month,Yes,Electronic check,77.0,237.75,Yes,1,96,3128,Attitude of service provider,0.760640849236015,1,High,2,New High-Risk,-2.676938065404188,-3.761732460004089,High Risk,2379.284576410255,2379.284576410255,0.8487860286809599,High,1066
1393-IMKZG,1,United States,California,Fullerton,92831,"33.879983, -117.895482",33.879983,-117.895482,Female,No,No,No,1,Yes,No,Fiber optic,No,No,No,Yes,Yes,Yes,Month-to-month,Yes,Electronic check,95.85,95.85,No,0,23,3270,Attitude of support person,0.7272568643139953,1,High,2,New High-Risk,-1.9826814600765408,-1.9212394473296943,High Risk,2378.1299463067644,2378.1299463067644,0.8486440437313645,High,1067
4817-VYYWS,1,United States,California,Silverado,92676,"33.782346, -117.635263",33.782346,-117.635263,Female,No,No,No,30,Yes,Yes,Fiber optic,No,Yes,No,No,Yes,Yes,Month-to-month,Yes,Electronic check,100.2,2983.8,Yes,1,90,3598,Service dissatisfaction,0.6607374399507814,1,Medium,2,New High-Risk,-2.7214291540065805,-0.5157004484102765,Standard,2377.3333089429116,2377.3333089429116,0.8485020587817691,High,1068
4998-IKFSE,1,United States,California,Phelan,92371,"34.441123, -117.537886",34.441123,-117.537886,Female,No,No,No,30,Yes,Yes,Fiber optic,No,No,Yes,No,Yes,Yes,Month-to-month,No,Electronic check,100.45,3096.9,No,0,32,3936,Attitude of support person,0.6039624426824224,1,Medium,2,New High-Risk,-2.231993444617064,-0.296445612470783,Standard,2377.1961743980146,2377.1961743980146,0.8483600738321738,High,1069
0661-XEYAN,1,United States,California,Nevada City,95959,"39.333737, -120.858667",39.333737,-120.858667,Female,Yes,No,No,1,No,No phone service,DSL,No,No,No,No,No,No,Month-to-month,Yes,Mailed check,25.8,25.8,Yes,1,97,3884,Competitor offered more data,0.6117696518463587,1,Medium,3,Mid-Tenure Moderate-Risk,-1.853038191482412,-4.732156357814897,Standard,2376.113327771257,2376.113327771257,0.8482180888825784,High,1070
6710-HSJRD,1,United States,California,Newport Coast,92657,"33.603282, -117.821841",33.603282,-117.821841,Male,No,Yes,No,61,Yes,Yes,Fiber optic,No,Yes,Yes,Yes,Yes,Yes,Month-to-month,Yes,Electronic check,114.1,7132.15,No,0,64,5239,Attitude of support person,0.4527155656077632,0,Medium,0,Established High-Value,-2.949419154214538,3.198953218604345,Standard,2371.7768482190713,2371.7768482190713,0.848076103932983,High,1071
6851-WEFYX,1,United States,California,Descanso,91916,"32.912664, -116.635387",32.912664,-116.635387,Male,Yes,Yes,No,35,Yes,Yes,Fiber optic,No,No,Yes,No,Yes,Yes,Month-to-month,Yes,Electronic check,100.8,3437.5,No,0,38,3318,Attitude of support person,0.714799827209093,1,High,2,New High-Risk,-3.1867186636398737,0.4118463422927981,High Risk,2371.7058266797703,2371.7058266797703,0.8479341189833878,High,1072
7831-QGOXH,1,United States,California,Blue Lake,95525,"40.94338, -123.831799",40.94338,-123.831799,Female,No,No,No,18,Yes,Yes,Fiber optic,No,No,No,No,Yes,No,Month-to-month,Yes,Electronic check,85.2,1553.9,Yes,1,77,3326,Don't know,0.7128140480094669,1,High,2,New High-Risk,-2.465056311501832,-2.451905020898361,High Risk,2370.819523679487,2370.819523679487,0.8477921340337924,High,1073
7798-JVXYM,1,United States,California,Herald,95638,"38.313447, -121.123886",38.313447,-121.123886,Female,No,No,No,14,Yes,No,DSL,No,No,No,Yes,Yes,Yes,Month-to-month,Yes,Electronic check,69.65,921.4,No,0,69,5351,Attitude of support person,0.4428608039486656,0,Medium,2,New High-Risk,-1.675442785202077,-1.5423031383847128,Standard,2369.74816192931,2369.74816192931,0.8476501490841971,High,1074
7895-VONWT,1,United States,California,Manhattan Beach,90266,"33.889632, -118.39737",33.889632,-118.39737,Female,No,No,No,25,No,No phone service,DSL,No,No,Yes,No,Yes,Yes,Month-to-month,Yes,Electronic check,48.25,1293.8,No,0,46,4284,Attitude of support person,0.552766605238236,1,Medium,3,Mid-Tenure Moderate-Risk,-2.310802700228355,-1.6911873099078951,Standard,2368.052136840603,2368.052136840603,0.8475081641346017,High,1075
3235-ETOOB,1,United States,California,Lakeside,92040,"32.909873, -116.906774",32.909873,-116.906774,Male,No,Yes,No,8,Yes,No,Fiber optic,Yes,No,No,No,No,No,Month-to-month,Yes,Electronic check,74.5,609.9,Yes,1,88,3683,Competitor offered higher download speeds,0.6429363669224282,1,Medium,2,New High-Risk,-1.699771589753125,-2.5484803304249666,Standard,2367.934639375303,2367.934639375303,0.8473661791850063,High,1076
4690-PKDQG,1,United States,California,San Diego,92102,"32.716007, -117.117462",32.716007,-117.117462,Female,Yes,Yes,No,42,Yes,Yes,Fiber optic,No,Yes,Yes,No,Yes,No,Month-to-month,Yes,Electronic check,95.55,3930.6,No,0,26,4121,Attitude of support person,0.5740786161820725,1,Medium,0,Established High-Value,-3.089409417456301,0.6316015400197161,Standard,2365.7779772863205,2365.7779772863205,0.8472241942354111,High,1077
6543-XRMYR,1,United States,California,Stockton,95209,"38.044523, -121.348048",38.044523,-121.348048,Female,Yes,No,No,30,Yes,Yes,Fiber optic,No,Yes,No,No,Yes,Yes,Month-to-month,Yes,Electronic check,99.7,2967.35,Yes,1,69,3548,Product dissatisfaction,0.6664883809453447,1,Medium,2,New High-Risk,-3.146409458793796,-0.6413184396057406,Standard,2364.700775594083,2364.700775594083,0.8470822092858157,High,1078
2080-GKCWQ,1,United States,California,San Pablo,94806,"37.980269, -122.342635",37.980269,-122.342635,Male,No,No,No,2,Yes,No,Fiber optic,No,Yes,No,No,No,No,Month-to-month,No,Electronic check,74.95,151.75,No,0,76,3969,Attitude of support person,0.5956791385288145,1,Medium,2,New High-Risk,-1.288415312422548,-3.3930709444635285,Standard,2364.2505008208645,2364.2505008208645,0.8469402243362204,High,1079
8854-CCVSQ,1,United States,California,Browns Valley,95918,"39.292334, -121.320597",39.292334,-121.320597,Male,No,No,No,18,Yes,Yes,Fiber optic,No,Yes,No,No,No,No,Month-to-month,Yes,Electronic check,80.65,1451.9,Yes,1,95,3788,Competitor offered more data,0.6237557964612805,1,Medium,2,New High-Risk,-2.3357589294380405,-2.4480336805196456,Standard,2362.786956995331,2362.786956995331,0.846798239386625,High,1080
4201-JMNGR,1,United States,California,Lucerne Valley,92356,"34.508417, -116.856103",34.508417,-116.856103,Female,Yes,No,No,1,Yes,No,DSL,Yes,No,Yes,No,No,No,Month-to-month,Yes,Electronic check,55.8,55.8,Yes,1,87,5527,Service dissatisfaction,0.4274215715847549,0,Medium,2,New High-Risk,-1.7688622975214583,-2.7383867197852405,Standard,2362.3590261489403,2362.3590261489403,0.8466562544370296,High,1081
5828-AVIPD,1,United States,California,Sierraville,96126,"39.559709, -120.345639",39.559709,-120.345639,Male,No,Yes,No,19,Yes,Yes,Fiber optic,No,No,No,Yes,Yes,Yes,One year,Yes,Electronic check,100.95,1875.55,Yes,1,73,4072,Don't know,0.5797090483942883,1,Medium,0,Established High-Value,-2.375553324216112,0.9295513334026552,Standard,2360.575245061542,2360.575245061542,0.8465142694874344,High,1082
2187-LZGPL,1,United States,California,Walnut Creek,94596,"37.900662, -122.052782",37.900662,-122.052782,Female,No,No,No,7,No,No phone service,DSL,No,Yes,No,No,No,Yes,Month-to-month,Yes,Credit card (automatic),40.1,293.3,Yes,1,68,4414,Attitude of service provider,0.5347777332169784,1,Medium,3,Mid-Tenure Moderate-Risk,-1.879809794020574,-2.4604294858375884,Standard,2360.5089144197427,2360.5089144197427,0.846372284537839,High,1083
3317-HRTNN,1,United States,California,Julian,92036,"32.980678, -116.262854",32.980678,-116.262854,Female,Yes,No,No,5,No,No phone service,DSL,No,No,No,No,Yes,Yes,Month-to-month,No,Electronic check,45.7,198.0,Yes,1,73,3561,Competitor offered higher download speeds,0.6628644111151616,1,Medium,3,Mid-Tenure Moderate-Risk,-2.155378359101308,-3.133902519305671,Standard,2360.4601679810903,2360.4601679810903,0.8462302995882437,High,1084
2038-OEQZH,1,United States,California,Menifee,92584,"33.653338, -117.178271",33.653338,-117.178271,Male,No,No,No,4,Yes,No,Fiber optic,No,No,Yes,No,No,Yes,Month-to-month,No,Electronic check,86.05,308.1,No,0,55,3653,Attitude of support person,0.6461268518967009,1,Medium,2,New High-Risk,-1.4588383827971532,-2.471533802429849,Standard,2360.3013899786483,2360.3013899786483,0.8460883146386483,High,1085
5442-XSDCW,1,United States,California,Tahoe City,96145,"39.178337, -120.162806",39.178337,-120.162806,Male,No,Yes,No,11,Yes,No,Fiber optic,No,No,No,No,Yes,No,Month-to-month,Yes,Bank transfer (automatic),79.5,868.5,Yes,1,68,3469,Extra data charges,0.6799261213581956,1,Medium,2,New High-Risk,-1.7401847621821058,-1.917361295201164,Standard,2358.6637149915805,2358.6637149915805,0.8459463296890529,High,1086
4993-JCRGJ,1,United States,California,Holtville,92250,"32.811001, -115.152865",32.811001,-115.152865,Male,No,No,No,26,Yes,Yes,Fiber optic,No,No,Yes,Yes,No,No,Month-to-month,Yes,Mailed check,84.3,2281.6,No,0,66,5471,Attitude of support person,0.4308967154480644,0,Medium,2,New High-Risk,-1.80407066840504,-1.0494768180870533,Standard,2357.4359302163602,2357.4359302163602,0.8458043447394576,High,1087
2929-ERCFZ,1,United States,California,Independence,93526,"36.869584, -118.189241",36.869584,-118.189241,Female,No,Yes,No,8,Yes,No,Fiber optic,No,No,Yes,No,Yes,Yes,Month-to-month,Yes,Electronic check,94.2,777.3,Yes,1,80,2939,Competitor offered more data,0.8020709485727124,1,High,2,New High-Risk,-2.1175040994814864,-0.8801913074736611,High Risk,2357.286517855202,2357.286517855202,0.8456623597898623,High,1088
9445-SZLCH,1,United States,California,Santa Clara,95050,"37.351214, -121.952417",37.351214,-121.952417,Female,No,Yes,No,36,Yes,Yes,Fiber optic,No,Yes,Yes,No,Yes,No,Month-to-month,Yes,Bank transfer (automatic),97.35,3457.9,Yes,1,86,4544,Limited range of services,0.5184357094263612,1,Medium,0,Established High-Value,-2.4237727510616898,1.1497663110966907,Standard,2355.7718636333852,2355.7718636333852,0.845520374840267,High,1089
7508-SMHXL,1,United States,California,San Francisco,94109,"37.794487, -122.42227",37.794487,-122.42227,Female,Yes,No,No,15,Yes,Yes,Fiber optic,No,Yes,No,No,Yes,No,Month-to-month,No,Credit card (automatic),89.0,1288.3,No,0,77,4452,Attitude of support person,0.5289963550907512,1,Medium,2,New High-Risk,-2.1617904409717066,-1.2249682237761772,Standard,2355.0917728640243,2355.0917728640243,0.8453783898906716,High,1090
3074-GQWYX,1,United States,California,San Diego,92108,"32.774046, -117.142454",32.774046,-117.142454,Male,No,No,No,5,Yes,Yes,Fiber optic,No,No,No,No,No,No,Month-to-month,Yes,Bank transfer (automatic),75.9,357.75,Yes,1,87,3520,Competitor offered higher download speeds,0.6686760746044971,1,Medium,2,New High-Risk,-2.027216815512505,-3.06714583444798,Standard,2353.7397826078295,2353.7397826078295,0.8452364049410762,High,1091
7595-EUIVN,1,United States,California,Clearlake,95422,"38.965804, -122.631779",38.965804,-122.631779,Female,No,No,No,1,Yes,No,Fiber optic,No,Yes,No,No,No,No,Month-to-month,No,Electronic check,75.8,75.8,Yes,1,70,3940,Network reliability,0.597322817513965,1,Medium,2,New High-Risk,-1.2900273581569563,-3.417398554664848,Standard,2353.451901005022,2353.451901005022,0.8450944199914809,High,1092
7594-RQHXR,1,United States,California,Covina,91722,"34.097345, -117.906736",34.097345,-117.906736,Female,No,No,No,1,Yes,No,Fiber optic,No,No,No,No,No,Yes,Month-to-month,Yes,Electronic check,79.6,79.6,Yes,1,94,3108,Deceased,0.7569009642354776,1,High,2,New High-Risk,-1.912442407072524,-3.523215439574677,High Risk,2352.4481968438645,2352.4481968438645,0.8449524350418856,High,1093
6961-VCPMC,1,United States,California,North Palm Springs,92258,"33.906496, -116.569499",33.906496,-116.569499,Male,Yes,Yes,No,46,Yes,No,Fiber optic,No,No,No,No,No,Yes,Month-to-month,Yes,Electronic check,80.4,3605.2,Yes,1,75,4876,Competitor offered more data,0.4824299519554372,0,Medium,2,New High-Risk,-2.592389308446746,-1.4661084768326078,Standard,2352.3284457347117,2352.3284457347117,0.8448104500922902,High,1094
3791-LGQCY,1,United States,California,Loomis,95650,"38.809175, -121.171375",38.809175,-121.171375,Female,Yes,Yes,No,56,Yes,Yes,Fiber optic,No,No,Yes,No,Yes,Yes,Month-to-month,Yes,Bank transfer (automatic),100.65,5688.05,Yes,1,85,4803,Attitude of support person,0.4897422614742375,0,Medium,0,Established High-Value,-3.115699890202965,1.698790612802562,Standard,2352.2320818607627,2352.2320818607627,0.8446684651426949,High,1095
9747-DDZOS,1,United States,California,Eldridge,95431,"38.348884, -122.51699",38.348884,-122.51699,Female,No,No,No,1,Yes,No,Fiber optic,No,No,Yes,No,No,No,Month-to-month,No,Bank transfer (automatic),73.5,73.5,Yes,1,74,4378,Network reliability,0.5371308848814196,1,Medium,2,New High-Risk,-1.056482376672627,-2.7649481614764166,Standard,2351.5590140108548,2351.5590140108548,0.8445264801930995,High,1096
0013-EXCHZ,1,United States,California,Camarillo,93010,"34.227846, -119.079903",34.227846,-119.079903,Female,Yes,Yes,No,3,Yes,No,Fiber optic,No,No,No,Yes,Yes,No,Month-to-month,Yes,Mailed check,83.9,267.4,Yes,1,68,3464,Network reliability,0.6788191253607552,1,Medium,2,New High-Risk,-1.7589798087687782,-1.8753342171240943,Standard,2351.429450249656,2351.429450249656,0.8443844952435042,High,1097
2894-QOJRX,1,United States,California,San Diego,92124,"32.827238, -117.089287",32.827238,-117.089287,Female,No,Yes,No,25,No,No phone service,DSL,No,No,No,No,Yes,No,Month-to-month,Yes,Bank transfer (automatic),34.0,853.0,Yes,1,93,5024,Limited range of services,0.467673066751417,0,Medium,3,Mid-Tenure Moderate-Risk,-1.905704053184555,-1.9903200741668825,Standard,2349.589487359119,2349.589487359119,0.8442425102939088,High,1098
3987-KQDDU,1,United States,California,Sonoma,95476,"38.25485, -122.461799",38.25485,-122.461799,Male,No,No,No,9,Yes,No,Fiber optic,Yes,No,No,No,No,No,Month-to-month,No,Electronic check,75.6,661.55,No,0,30,4990,Attitude of support person,0.4705576178690683,0,Medium,2,New High-Risk,-1.218207602905873,-3.1388811903482283,Standard,2348.0825131666506,2348.0825131666506,0.8441005253443135,High,1099
9029-FEGVJ,1,United States,California,Yosemite National Park,95389,"37.704267, -119.607001",37.704267,-119.607001,Female,Yes,Yes,No,32,Yes,Yes,Fiber optic,No,No,Yes,No,No,No,Month-to-month,No,Mailed check,79.3,2570.0,No,0,27,5242,Attitude of support person,0.4474438593369109,0,Medium,2,New High-Risk,-1.837267988840552,-0.990014362459525,Standard,2345.5007106440867,2345.5007106440867,0.8439585403947182,High,1100
9522-BNTHX,1,United States,California,Caliente,93518,"35.358953, -118.527064",35.358953,-118.527064,Female,Yes,No,No,34,No,No phone service,DSL,No,Yes,Yes,No,Yes,Yes,Month-to-month,Yes,Electronic check,56.25,1765.95,No,0,32,5597,Attitude of support person,0.4190046642718723,0,Medium,3,Mid-Tenure Moderate-Risk,-2.823408239427721,-0.6909223437306209,Standard,2345.169105929669,2345.169105929669,0.8438165554451228,High,1101
9360-OMDZZ,1,United States,California,Herald,95638,"38.313447, -121.123886",38.313447,-121.123886,Male,No,No,No,24,Yes,Yes,Fiber optic,No,No,No,No,Yes,Yes,Month-to-month,Yes,Electronic check,94.1,2322.85,No,0,69,3192,Attitude of support person,0.7335677190998446,1,High,2,New High-Risk,-2.6524478737577777,-1.491831188858903,High Risk,2341.548159366704,2341.548159366704,0.8436745704955275,High,1102
0003-MKNFE,1,United States,California,Glendale,91206,"34.162515, -118.203869",34.162515,-118.203869,Male,No,No,No,9,Yes,Yes,DSL,No,No,No,No,No,Yes,Month-to-month,No,Mailed check,59.9,542.4,No,0,66,5414,Attitude of support person,0.4324051753129608,0,Medium,2,New High-Risk,-1.0447559255247931,-2.5250237698123805,Standard,2341.0416191443696,2341.0416191443696,0.8435325855459321,High,1103
8510-AWCXC,1,United States,California,Novato,94945,"38.135897, -122.563683",38.135897,-122.563683,Female,Yes,No,No,13,Yes,Yes,Fiber optic,Yes,No,No,No,Yes,Yes,Month-to-month,Yes,Electronic check,100.8,1308.1,Yes,1,65,3269,Attitude of support person,0.7159720839375917,1,High,2,New High-Risk,-2.931301007185608,-1.1878937042885442,High Risk,2340.512742391987,2340.512742391987,0.8433906005963367,High,1104
9699-UBQFS,1,United States,California,Los Angeles,90065,"34.108833, -118.229715",34.108833,-118.229715,Female,Yes,Yes,No,43,Yes,Yes,Fiber optic,Yes,Yes,No,No,Yes,No,Month-to-month,Yes,Electronic check,94.5,4156.8,No,0,32,4745,Attitude of support person,0.4931936439105751,0,Medium,0,Established High-Value,-2.97847984450842,0.5883841647919928,Standard,2340.203840355679,2340.203840355679,0.8432486156467415,High,1105
0634-SZPQA,1,United States,California,San Anselmo,94960,"37.99272, -122.575026",37.99272,-122.575026,Female,No,No,No,23,Yes,Yes,Fiber optic,Yes,No,No,No,Yes,No,Month-to-month,Yes,Bank transfer (automatic),90.05,2169.8,Yes,1,67,4650,Competitor offered higher download speeds,0.5031458117808699,1,Medium,2,New High-Risk,-2.188975289381192,-0.941097930372536,Standard,2339.628024781045,2339.628024781045,0.8431066306971461,High,1106
1635-FJFCC,1,United States,California,Acton,93510,"34.501452, -118.207862",34.501452,-118.207862,Female,No,No,No,5,Yes,No,DSL,No,No,No,No,No,No,Month-to-month,Yes,Credit card (automatic),44.05,202.15,No,0,74,5846,Attitude of support person,0.4001111924876769,0,Medium,2,New High-Risk,-1.1923805539780377,-3.574570599323865,Standard,2339.050031282959,2339.050031282959,0.8429646457475508,High,1107
3207-OYBWH,1,United States,California,Newport Beach,92661,"33.601309, -117.902304",33.601309,-117.902304,Male,Yes,Yes,No,57,Yes,Yes,Fiber optic,No,Yes,Yes,No,No,Yes,Month-to-month,Yes,Bank transfer (automatic),95.25,5427.05,Yes,1,86,6259,Attitude of support person,0.3735469676432444,0,Low,0,Established High-Value,-2.97820080206973,1.8171272642257288,Standard,2338.030470479067,2338.030470479067,0.8428226607979554,High,1108
6559-PDZLR,1,United States,California,Desert Center,92239,"33.889605, -115.257009",33.889605,-115.257009,Male,No,No,No,26,Yes,No,Fiber optic,No,No,Yes,Yes,Yes,Yes,Month-to-month,Yes,Electronic check,98.65,2537.0,No,0,62,4191,Attitude of support person,0.5578455900473006,1,Medium,2,New High-Risk,-2.146494108272772,-0.2646756719590687,Standard,2337.9308678882367,2337.9308678882367,0.84268067584836,High,1109
7943-RQCHR,1,United States,California,Davis,95616,"38.508735, -121.678813",38.508735,-121.678813,Female,No,No,No,9,Yes,Yes,Fiber optic,No,No,No,No,Yes,Yes,Month-to-month,Yes,Electronic check,94.75,889.9,Yes,1,83,2893,Competitor offered more data,0.8080168971765577,1,High,2,New High-Risk,-2.563979323598825,-1.935872990105422,High Risk,2337.5928835317814,2337.5928835317814,0.8425386908987648,High,1110
6198-ZFIOJ,1,United States,California,Willits,95490,"39.492046, -123.375818",39.492046,-123.375818,Female,No,No,No,5,Yes,Yes,Fiber optic,No,No,No,No,No,No,Month-to-month,No,Electronic check,75.6,402.5,No,0,27,3469,Attitude of support person,0.6729081640579866,1,Medium,2,New High-Risk,-1.7448238737748092,-3.51701502592249,Standard,2334.3184211171556,2334.3184211171556,0.8423967059491694,High,1111
2424-WVHPL,1,United States,California,Redondo Beach,90278,"33.873395, -118.37019",33.873395,-118.37019,Male,Yes,No,No,1,Yes,No,Fiber optic,No,No,No,Yes,No,No,Month-to-month,No,Electronic check,74.7,74.7,No,0,60,4182,Attitude of support person,0.5576642011504309,1,Medium,2,New High-Risk,-1.6090023544939926,-3.462001104386803,Standard,2332.151689211102,2332.151689211102,0.842254720999574,High,1112
4505-EXZHB,1,United States,California,Ducor,93218,"35.846067, -119.004073",35.846067,-119.004073,Female,Yes,No,No,6,Yes,No,Fiber optic,No,No,Yes,No,No,No,Month-to-month,No,Electronic check,74.4,434.1,Yes,1,100,3964,Competitor offered more data,0.587822045464439,1,Medium,2,New High-Risk,-1.7368688535965136,-3.299367291627144,Standard,2330.126588221036,2330.126588221036,0.8421127360499787,High,1113
7277-OZCGZ,1,United States,California,Spring Valley,91978,"32.730264, -116.950963",32.730264,-116.950963,Female,No,No,No,22,Yes,No,Fiber optic,Yes,No,No,Yes,No,Yes,Month-to-month,Yes,Electronic check,89.05,1886.25,No,0,75,5479,Attitude of support person,0.4250708328282839,0,Medium,2,New High-Risk,-1.852747142658124,-1.19539676619706,Standard,2328.9630930661674,2328.9630930661674,0.8419707511003833,High,1114
6168-YBYNP,1,United States,California,Newhall,91321,"34.370378, -118.504118",34.370378,-118.504118,Male,No,No,No,59,Yes,Yes,Fiber optic,No,Yes,Yes,Yes,Yes,Yes,Month-to-month,Yes,Electronic check,111.35,6519.75,No,0,62,6047,Attitude of support person,0.3850357556734851,0,Low,0,Established High-Value,-2.898048695791364,2.349657913553803,Standard,2328.311214557564,2328.311214557564,0.841828766150788,High,1115
6502-HCJTI,1,United States,California,Lakewood,90712,"33.840524, -118.148403",33.840524,-118.148403,Male,Yes,Yes,No,7,Yes,Yes,Fiber optic,Yes,Yes,No,No,No,Yes,Month-to-month,Yes,Credit card (automatic),94.7,673.1,Yes,1,75,3591,Attitude of service provider,0.6478440024764722,1,Medium,2,New High-Risk,-2.5268572536963982,-0.0446047984841977,Standard,2326.407812893012,2326.407812893012,0.8416867812011927,High,1116
1455-ESIQH,1,United States,California,Oakland,94619,"37.787186, -122.14633",37.787186,-122.14633,Male,No,No,No,1,Yes,No,Fiber optic,No,No,No,No,Yes,Yes,Month-to-month,Yes,Electronic check,89.1,89.1,Yes,1,79,2905,Moved,0.8008263969812603,1,High,2,New High-Risk,-2.053859286442747,-2.764159184271433,High Risk,2326.4006832305613,2326.4006832305613,0.8415447962515973,High,1117
0506-LVNGN,1,United States,California,Rancho Cordova,95742,"38.591134, -121.161585",38.591134,-121.161585,Female,Yes,No,No,5,Yes,No,Fiber optic,No,No,Yes,No,No,No,Month-to-month,Yes,Credit card (automatic),75.55,349.65,Yes,1,97,4028,Competitor offered higher download speeds,0.5770165797114178,1,Medium,2,New High-Risk,-2.01829751918209,-2.8573721512787675,Standard,2324.222783077591,2324.222783077591,0.841402811302002,High,1118
6075-SLNIL,1,United States,California,Desert Center,92239,"33.889605, -115.257009",33.889605,-115.257009,Male,No,No,No,38,Yes,Yes,Fiber optic,No,Yes,Yes,No,No,Yes,Month-to-month,Yes,Credit card (automatic),95.1,3691.2,No,0,62,5393,Attitude of support person,0.4303732777912757,0,Medium,0,Established High-Value,-2.425263506107361,0.4938273512253989,Standard,2321.0030871283498,2321.0030871283498,0.8412608263524066,High,1119
9638-JIQYA,1,United States,California,Ballico,95303,"37.4695, -120.672724",37.4695,-120.672724,Male,No,No,No,2,No,No phone service,DSL,No,No,No,No,No,No,Month-to-month,Yes,Credit card (automatic),24.9,49.7,No,0,41,4033,Attitude of support person,0.5755021952521783,1,Medium,3,Mid-Tenure Moderate-Risk,-1.6924810037897764,-4.146987266618796,Standard,2321.000353452035,2321.000353452035,0.8411188414028113,High,1120
2202-CUYXZ,1,United States,California,Dublin,94568,"37.713926, -121.928425",37.713926,-121.928425,Male,No,No,No,1,Yes,No,Fiber optic,No,No,Yes,No,Yes,No,Month-to-month,Yes,Electronic check,84.85,84.85,Yes,1,77,3086,Long distance charges,0.751694148531521,1,High,2,New High-Risk,-1.930856666503116,-2.669172700005611,High Risk,2319.7281423682734,2319.7281423682734,0.840976856453216,High,1121
3317-VLGQT,1,United States,California,Wallace,95254,"38.192608, -120.957842",38.192608,-120.957842,Female,No,Yes,No,14,Yes,No,Fiber optic,No,No,No,No,No,Yes,Month-to-month,Yes,Electronic check,78.1,1122.4,No,0,68,3157,Attitude of support person,0.7345563834195181,1,High,2,New High-Risk,-1.9683046255004264,-2.372097877194657,High Risk,2318.9945024554186,2318.9945024554186,0.8408348715036206,High,1122
6086-ESGRL,1,United States,California,Brea,92821,"33.930199, -117.862898",33.930199,-117.862898,Female,No,No,No,1,Yes,No,Fiber optic,No,No,No,No,No,Yes,Month-to-month,No,Credit card (automatic),80.15,80.15,Yes,1,72,3947,Attitude of support person,0.5873859987828133,1,Medium,2,New High-Risk,-1.1924162359986272,-2.87487551428656,Standard,2318.412537195764,2318.412537195764,0.8406928865540253,High,1123
4625-EWPTF,1,United States,California,Pasadena,91104,"34.165383, -118.123752",34.165383,-118.123752,Male,No,No,No,8,No,No phone service,DSL,Yes,No,No,No,No,No,Month-to-month,Yes,Electronic check,30.45,226.45,Yes,1,94,4549,Competitor had better devices,0.5096337518287355,1,Medium,3,Mid-Tenure Moderate-Risk,-1.8412050951602663,-3.7721775843053273,Standard,2318.3239370689175,2318.3239370689175,0.8405509016044299,High,1124
8357-EQXFO,1,United States,California,Union City,94587,"37.59485, -122.051521",37.59485,-122.051521,Female,No,No,No,7,Yes,No,Fiber optic,No,No,Yes,No,Yes,Yes,Month-to-month,Yes,Electronic check,95.35,660.9,Yes,1,92,3077,Competitor made better offer,0.7531110369944124,1,High,2,New High-Risk,-2.121297596887097,-1.713359527764354,High Risk,2317.322660831807,2317.322660831807,0.8404089166548346,High,1125
8337-MSSXB,1,United States,California,Trabuco Canyon,92679,"33.631119, -117.567346",33.631119,-117.567346,Female,No,No,No,14,Yes,No,Fiber optic,No,Yes,No,No,No,Yes,Month-to-month,Yes,Electronic check,86.3,1180.95,Yes,1,74,3677,Attitude of service provider,0.6301461864269761,1,Medium,2,New High-Risk,-2.017528358321093,-2.365331676374786,Standard,2317.047527491991,2317.047527491991,0.8402669317052393,High,1126
2025-JKFWI,1,United States,California,Burbank,91501,"34.188339, -118.300942",34.188339,-118.300942,Male,No,No,No,13,Yes,Yes,Fiber optic,No,No,No,Yes,Yes,Yes,Month-to-month,Yes,Mailed check,99.0,1301.7,Yes,1,81,3493,Lack of affordable download/upload speed,0.6628751923640386,1,Medium,2,New High-Risk,-1.9998060642420925,-0.9041274675403064,Standard,2315.4230469275867,2315.4230469275867,0.8401249467556439,High,1127
2122-YWVYA,1,United States,California,San Francisco,94116,"37.74441, -122.486764",37.74441,-122.486764,Female,No,No,No,18,Yes,No,Fiber optic,Yes,No,No,No,No,No,Month-to-month,Yes,Electronic check,75.4,1380.4,No,0,53,4792,Attitude of support person,0.4824020406803752,0,Medium,2,New High-Risk,-1.766186131496206,-2.982053737644377,Standard,2311.6705789403577,2311.6705789403577,0.8399829618060486,High,1128
6985-HAYWX,1,United States,California,Hughson,95326,"37.5923, -120.853288",37.5923,-120.853288,Female,No,Yes,No,26,Yes,Yes,Fiber optic,No,Yes,No,No,No,No,Month-to-month,No,Bank transfer (automatic),79.3,2015.8,No,0,54,5168,Attitude of support person,0.4470952006391156,0,Medium,2,New High-Risk,-1.6458117194545558,-0.7297301611938415,Standard,2310.5879969029497,2310.5879969029497,0.8398409768564532,High,1129
8000-REIQB,1,United States,California,Santee,92071,"32.847336, -116.997605",32.847336,-116.997605,Female,Yes,No,No,1,Yes,No,Fiber optic,No,No,No,No,No,No,Month-to-month,Yes,Electronic check,69.95,69.95,Yes,1,94,3208,Competitor offered higher download speeds,0.7192936238172546,1,High,2,New High-Risk,-2.19599580987734,-4.41563442747732,High Risk,2307.493945205753,2307.493945205753,0.8396989919068579,High,1130
2277-DJJDL,1,United States,California,La Grange,95329,"37.666587, -120.411517",37.666587,-120.411517,Male,Yes,Yes,No,60,Yes,Yes,Fiber optic,No,No,No,Yes,Yes,Yes,Month-to-month,Yes,Electronic check,99.0,6017.9,No,0,40,4763,Attitude of support person,0.4841296374401119,0,Medium,0,Established High-Value,-3.2375911611818697,1.2248085491094276,Standard,2305.909463127253,2305.909463127253,0.8395570069572625,High,1131
5899-OUVKV,1,United States,California,Sacramento,95821,"38.625096, -121.383658",38.625096,-121.383658,Male,No,No,No,31,Yes,No,Fiber optic,No,Yes,No,No,Yes,Yes,Month-to-month,Yes,Electronic check,94.5,2979.2,No,0,42,3949,Attitude of support person,0.5838191243313069,1,Medium,2,New High-Risk,-2.264671387240026,-1.0646412157836604,Standard,2305.5017219843307,2305.5017219843307,0.8394150220076672,High,1132
7379-POKDZ,1,United States,California,Lancaster,93536,"34.741406, -118.38111",34.741406,-118.38111,Male,No,Yes,No,3,Yes,No,Fiber optic,No,No,No,No,No,No,Month-to-month,Yes,Electronic check,70.3,208.85,Yes,1,66,3038,Competitor had better devices,0.7588076135093502,1,High,2,New High-Risk,-1.7758997608164362,-3.4483502042557315,High Risk,2305.257529841406,2305.257529841406,0.8392730370580719,High,1133
8687-BAFGU,1,United States,California,Clovis,93612,"36.814539, -119.711868",36.814539,-119.711868,Male,No,No,No,1,Yes,No,Fiber optic,No,No,No,Yes,No,No,Month-to-month,No,Electronic check,74.0,74.0,No,0,34,4148,Attitude of support person,0.5552757896827158,1,Medium,2,New High-Risk,-1.1728668944635612,-3.3550131061563424,Standard,2303.283975603905,2303.283975603905,0.8391310521084765,High,1134
5760-IFJOZ,1,United States,California,Richgrove,93261,"35.809921, -119.127437",35.809921,-119.127437,Male,No,No,No,3,Yes,Yes,Fiber optic,No,Yes,Yes,No,Yes,Yes,Month-to-month,No,Mailed check,107.95,313.6,No,0,77,3449,Attitude of support person,0.6675317193704691,1,Medium,2,New High-Risk,-1.5882801492408172,-0.311314533309654,Standard,2302.3169001087476,2302.3169001087476,0.8389890671588811,High,1135
7343-EOBEU,1,United States,California,Laguna Niguel,92677,"33.529047, -117.701175",33.529047,-117.701175,Male,No,Yes,No,3,Yes,Yes,No,No internet service,No internet service,No internet service,No internet service,No internet service,No internet service,Month-to-month,Yes,Mailed check,23.6,89.05,No,0,27,5587,Attitude of support person,0.412006208351473,0,Medium,1,Low-Spend Stable,5.5447025150246745,-0.3624014890570358,Standard,2301.8786860596797,2301.8786860596797,0.8388470822092858,High,1136
5339-PXDVH,1,United States,California,Clipper Mills,95930,"39.562239, -121.14836",39.562239,-121.14836,Male,No,No,No,4,Yes,Yes,Fiber optic,Yes,No,No,No,Yes,No,Month-to-month,No,Electronic check,90.65,367.95,No,0,70,3559,Attitude of support person,0.6466959432394964,1,Medium,2,New High-Risk,-1.789027035911214,-2.0422934247194657,Standard,2301.5908619893676,2301.5908619893676,0.8387050972596904,High,1137
5055-MGMGF,1,United States,California,Half Moon Bay,94019,"37.45567, -122.407992",37.45567,-122.407992,Female,No,Yes,No,65,Yes,Yes,Fiber optic,Yes,No,Yes,No,Yes,Yes,Month-to-month,Yes,Electronic check,105.05,6914.95,No,0,53,5313,Attitude of support person,0.4331789023331273,0,Medium,0,Established High-Value,-2.8805293028350443,2.3787560181989966,Standard,2301.479508095905,2301.479508095905,0.8385631123100952,High,1138
7351-KYHQH,1,United States,California,Montague,96064,"41.759864, -122.379175",41.759864,-122.379175,Female,Yes,No,No,7,Yes,No,DSL,No,Yes,Yes,No,Yes,No,Month-to-month,Yes,Electronic check,64.95,493.65,No,0,37,4615,Attitude of support person,0.4985415065711439,0,Medium,2,New High-Risk,-2.0476878966950447,-1.881319974285452,Standard,2300.769052825829,2300.769052825829,0.8384211273604998,High,1139
1932-UEDCX,1,United States,California,Manchester,95459,"38.966713, -123.586412",38.966713,-123.586412,Male,Yes,Yes,No,33,Yes,Yes,Fiber optic,No,Yes,No,No,Yes,Yes,Month-to-month,Yes,Bank transfer (automatic),100.6,3270.25,No,0,55,3669,Attitude of support person,0.6270026396483831,1,Medium,0,Established High-Value,-2.951266873894838,0.7785044948295358,Standard,2300.4726848699174,2300.4726848699174,0.8382791424109044,High,1140
2606-RMDHZ,1,United States,California,Lakewood,90713,"33.847755, -118.112532",33.847755,-118.112532,Male,No,No,No,6,No,No phone service,DSL,No,Yes,No,No,No,No,Month-to-month,Yes,Credit card (automatic),30.5,208.7,Yes,1,93,4667,Attitude of service provider,0.4925954595125777,0,Medium,3,Mid-Tenure Moderate-Risk,-1.729557105647881,-3.242722822982226,Standard,2298.9430095452003,2298.9430095452003,0.8381371574613091,High,1141
1400-MMYXY,1,United States,California,Alhambra,91801,"34.090925, -118.128164",34.090925,-118.128164,Male,Yes,Yes,No,3,Yes,Yes,Fiber optic,No,Yes,Yes,No,Yes,Yes,Month-to-month,Yes,Electronic check,105.9,334.65,Yes,1,71,2715,Attitude of service provider,0.8466980326593437,1,High,2,New High-Risk,-3.00124824713871,0.1998262623598488,High Risk,2298.785158670118,2298.785158670118,0.8379951725117137,High,1142
5130-IEKQT,1,United States,California,San Francisco,94109,"37.794487, -122.42227",37.794487,-122.42227,Male,Yes,No,No,25,Yes,Yes,Fiber optic,No,Yes,Yes,No,Yes,Yes,Month-to-month,No,Mailed check,105.95,2655.25,Yes,1,100,4283,Price too high,0.5366713782929076,1,Medium,0,Established High-Value,-2.155716862466273,0.3054993777353031,Standard,2298.563513228523,2298.563513228523,0.8378531875621185,High,1143
7881-INRLC,1,United States,California,San Mateo,94403,"37.538309, -122.305109",37.538309,-122.305109,Male,No,No,No,45,Yes,Yes,Fiber optic,No,Yes,No,No,Yes,Yes,Month-to-month,Yes,Credit card (automatic),100.85,4740.0,Yes,1,70,4898,Competitor offered more data,0.4692627139986656,0,Medium,0,Established High-Value,-2.618430957068445,0.6048316623868933,Standard,2298.448773165464,2298.448773165464,0.8377112026125231,High,1144
9474-PHLYD,1,United States,California,Sherman Oaks,91423,"34.146957, -118.432138",34.146957,-118.432138,Female,No,No,No,15,Yes,No,DSL,No,No,Yes,No,No,Yes,Month-to-month,Yes,Electronic check,59.45,892.65,Yes,1,68,5129,Network reliability,0.4481069129970323,0,Medium,2,New High-Risk,-1.6330389268879937,-2.275538406172743,Standard,2298.340356761779,2298.340356761779,0.8375692176629277,High,1145
4550-VBOFE,1,United States,California,Soulsbyville,95372,"37.990574, -120.261821",37.990574,-120.261821,Male,Yes,Yes,No,70,Yes,Yes,Fiber optic,No,Yes,Yes,No,Yes,Yes,Month-to-month,Yes,Electronic check,102.95,7101.5,Yes,1,99,5005,Lack of self-service on Website,0.4591212900043328,0,Medium,0,Established High-Value,-3.422563703402406,2.357528432365577,Standard,2297.9020564716857,2297.9020564716857,0.8374272327133324,High,1146
9518-XXBXE,1,United States,California,Patterson,95363,"37.410236, -121.320337",37.410236,-121.320337,Male,Yes,Yes,No,10,Yes,No,Fiber optic,Yes,No,No,No,No,No,Month-to-month,No,Electronic check,75.3,720.45,No,0,41,4254,Attitude of support person,0.5400021596792844,1,Medium,2,New High-Risk,-1.6443656502709865,-2.501296101647109,Standard,2297.169187275676,2297.169187275676,0.837285247763737,High,1147
8387-MOJJT,1,United States,California,Nubieber,96068,"41.082472, -121.195215",41.082472,-121.195215,Female,No,Yes,No,42,Yes,No,Fiber optic,No,No,No,No,Yes,No,Month-to-month,Yes,Credit card (automatic),77.95,3384.0,Yes,1,82,5396,Competitor made better offer,0.4254555949513432,0,Medium,2,New High-Risk,-1.9005413130578008,-0.8905682110306926,Standard,2295.758390357448,2295.758390357448,0.8371432628141418,High,1148
3801-HMYNL,1,United States,California,Brooks,95606,"38.809804, -122.241383",38.809804,-122.241383,Male,No,Yes,No,1,Yes,No,Fiber optic,No,No,No,No,Yes,Yes,Month-to-month,No,Mailed check,89.15,89.15,Yes,1,68,3123,Long distance charges,0.7347710812242522,1,High,2,New High-Risk,-1.0510032027423155,-1.8103970024051004,High Risk,2294.6900866633396,2294.6900866633396,0.8370012778645464,High,1149
9617-INGJY,1,United States,California,Manhattan Beach,90266,"33.889632, -118.39737",33.889632,-118.39737,Male,No,No,No,1,Yes,No,Fiber optic,No,No,No,No,No,No,Month-to-month,Yes,Mailed check,70.6,70.6,No,0,61,3530,Attitude of support person,0.6498949403996149,1,Medium,2,New High-Risk,-1.272985405344523,-4.198977244590579,Standard,2294.129139610641,2294.129139610641,0.836859292914951,High,1150
3440-JPSCL,1,United States,California,Sonoma,95476,"38.25485, -122.461799",38.25485,-122.461799,Female,No,No,No,6,Yes,No,Fiber optic,No,No,Yes,Yes,Yes,Yes,Month-to-month,Yes,Mailed check,99.95,547.65,Yes,1,87,3722,Competitor offered higher download speeds,0.6163416555528731,1,Medium,2,New High-Risk,-1.5270473153414263,-0.8172490391466203,Standard,2294.023641967794,2294.023641967794,0.8367173079653557,High,1151
8818-DOPVL,1,United States,California,El Cerrito,94530,"37.924838, -122.289145",37.924838,-122.289145,Female,Yes,No,No,46,Yes,Yes,Fiber optic,No,Yes,Yes,No,Yes,Yes,Month-to-month,Yes,Electronic check,104.45,4863.85,No,0,76,4103,Attitude of support person,0.559107477101171,1,Medium,0,Established High-Value,-3.2858508825402324,0.7768943087682361,Standard,2294.0179785461046,2294.0179785461046,0.8365753230157603,High,1152
0515-YPMCW,1,United States,California,San Jose,95116,"37.350284, -121.852855",37.350284,-121.852855,Male,No,No,No,1,Yes,No,Fiber optic,No,No,No,No,No,No,Month-to-month,Yes,Mailed check,70.45,70.45,Yes,1,90,3525,Lack of self-service on Website,0.6504531477059745,1,Medium,2,New High-Risk,-1.2717374230196663,-4.20031702402699,Standard,2292.84734566356,2292.84734566356,0.8364333380661649,High,1153
2815-CPTUL,1,United States,California,Gasquet,95543,"41.867908, -123.794144",41.867908,-123.794144,Male,Yes,No,No,5,Yes,No,Fiber optic,No,No,No,No,No,No,Month-to-month,Yes,Mailed check,70.25,331.9,Yes,1,89,3684,Price too high,0.6222335838929528,1,Medium,2,New High-Risk,-1.7192186920379928,-4.203683775087335,Standard,2292.308523061638,2292.308523061638,0.8362913531165697,High,1154
6304-IJFSQ,1,United States,California,Calipatria,92233,"33.143826, -115.497485",33.143826,-115.497485,Male,No,No,No,3,Yes,No,DSL,No,Yes,No,No,No,No,Month-to-month,Yes,Mailed check,49.9,130.1,Yes,1,73,5585,Moved,0.41033952647043,0,Medium,2,New High-Risk,-0.9339701547045786,-3.3370381225102697,Standard,2291.7462553373516,2291.7462553373516,0.8361493681669743,High,1155
4902-OHLSK,1,United States,California,Half Moon Bay,94019,"37.45567, -122.407992",37.45567,-122.407992,Female,Yes,No,No,29,Yes,Yes,Fiber optic,No,No,No,Yes,Yes,Yes,Month-to-month,No,Electronic check,98.65,2862.75,Yes,1,93,4235,Competitor offered higher download speeds,0.5410602896896377,1,Medium,2,New High-Risk,-2.5282902507445093,-0.5004457549006875,Standard,2291.3903268356157,2291.3903268356157,0.836007383217379,High,1156
9348-YVOMK,1,United States,California,Anaheim,92802,"33.807864, -117.923782",33.807864,-117.923782,Male,No,No,No,4,Yes,No,DSL,No,No,No,No,No,No,Month-to-month,Yes,Credit card (automatic),44.8,176.2,No,0,39,5565,Attitude of support person,0.4112661797790397,0,Medium,2,New High-Risk,-1.1942822153514658,-3.62450769607908,Standard,2288.696290470356,2288.696290470356,0.8358653982677836,High,1157
4360-PNRQB,1,United States,California,Yucca Valley,92284,"34.159534, -116.425984",34.159534,-116.425984,Male,No,No,No,18,Yes,Yes,Fiber optic,No,No,No,No,No,No,Month-to-month,Yes,Bank transfer (automatic),75.6,1395.05,No,0,78,4030,Attitude of support person,0.5678244671515071,1,Medium,2,New High-Risk,-2.096373138953749,-2.6781503595723457,Standard,2288.3326026205737,2288.3326026205737,0.8357234133181882,High,1158
0872-NXJYS,1,United States,California,West Hollywood,90069,"34.093781, -118.381061",34.093781,-118.381061,Female,No,No,No,9,Yes,No,Fiber optic,No,No,No,No,No,Yes,Month-to-month,Yes,Electronic check,79.55,723.4,Yes,1,81,3246,Competitor offered more data,0.7048723852925558,1,High,2,New High-Risk,-1.9552220350533769,-3.304976638665561,High Risk,2288.015762659636,2288.015762659636,0.835581428368593,High,1159
0836-SEYLU,1,United States,California,San Diego,92128,"33.000269, -117.072093",33.000269,-117.072093,Male,No,Yes,No,9,No,No phone service,DSL,No,No,No,Yes,Yes,No,Month-to-month,No,Mailed check,40.65,328.95,Yes,1,98,4800,Poor expertise of online support,0.4755310452379809,0,Medium,3,Mid-Tenure Moderate-Risk,-1.004788201403186,-1.907567458728324,Standard,2282.5490171423085,2282.5490171423085,0.8354394434189976,High,1160
2657-ALMWY,1,United States,California,Simi Valley,93065,"34.269449, -118.768471",34.269449,-118.768471,Female,Yes,Yes,No,26,Yes,No,Fiber optic,No,Yes,No,No,No,Yes,Month-to-month,No,Electronic check,84.95,2169.75,Yes,1,75,4316,Price too high,0.5286657418147632,1,Medium,2,New High-Risk,-2.0012737688811053,-1.2318647861176937,Standard,2281.721341672518,2281.721341672518,0.8352974584694023,High,1161
7384-GHBPI,1,United States,California,San Dimas,91773,"34.102119, -117.815532",34.102119,-117.815532,Male,No,Yes,No,3,No,No phone service,DSL,No,No,No,No,No,Yes,Month-to-month,Yes,Electronic check,35.15,99.75,Yes,1,83,2987,Attitude of support person,0.7638699405908557,1,High,3,Mid-Tenure Moderate-Risk,-2.066300903422229,-3.138732602438733,High Risk,2281.6795125448857,2281.6795125448857,0.8351554735198069,High,1162
6595-COKXZ,1,United States,California,Plymouth,95669,"38.489273, -120.891614",38.489273,-120.891614,Female,No,No,No,1,Yes,No,DSL,No,No,No,No,No,No,Month-to-month,Yes,Mailed check,44.45,44.45,Yes,1,65,4879,Attitude of service provider,0.4674449103696676,0,Medium,2,New High-Risk,-0.903356684758452,-4.212144700537834,Standard,2280.6637176936083,2280.6637176936083,0.8350134885702115,High,1163
8775-ERLNB,1,United States,California,Indio,92203,"33.752938, -116.230055",33.752938,-116.230055,Male,Yes,Yes,No,1,Yes,Yes,Fiber optic,No,No,No,No,No,No,Month-to-month,No,Electronic check,74.3,74.3,No,0,47,2968,Attitude of support person,0.7683781705035184,1,High,2,New High-Risk,-2.138915804674361,-2.9771510850318377,High Risk,2280.5464100544427,2280.5464100544427,0.8348715036206162,High,1164
5760-FXFVO,1,United States,California,Pleasant Grove,95668,"38.833554, -121.498102",38.833554,-121.498102,Male,No,No,No,6,Yes,No,Fiber optic,Yes,Yes,No,No,No,No,Month-to-month,Yes,Electronic check,78.95,494.95,No,0,35,4093,Attitude of support person,0.55700244533715,1,Medium,2,New High-Risk,-1.7068417829357634,-2.624737471959105,Standard,2279.811008764955,2279.811008764955,0.8347295186710209,High,1165
0455-XFASS,1,United States,California,Campbell,95008,"37.279689, -121.954567",37.279689,-121.954567,Female,No,Yes,Yes,3,Yes,No,Fiber optic,No,No,No,No,No,No,Month-to-month,Yes,Electronic check,69.55,200.2,No,0,59,5998,Attitude of support person,0.3800777797320792,0,Low,2,New High-Risk,-1.468440872784924,-2.558214426394364,Standard,2279.7065228330107,2279.7065228330107,0.8345875337214256,High,1166
7181-OQCUT,1,United States,California,Fresno,93706,"36.654614, -119.903674",36.654614,-119.903674,Male,No,No,No,21,Yes,Yes,Fiber optic,Yes,No,Yes,No,Yes,Yes,Month-to-month,No,Mailed check,103.85,2215.0,No,0,77,4520,Attitude of support person,0.5043331465748864,1,Medium,2,New High-Risk,-1.5662644911353951,0.2761003575811874,Standard,2279.5858225184866,2279.5858225184866,0.8344455487718302,High,1167
2275-RBYQS,1,United States,California,Sun City,92587,"33.69887, -117.25071",33.69887,-117.25071,Female,No,No,No,1,Yes,No,DSL,No,No,No,No,No,No,Month-to-month,Yes,Mailed check,45.4,45.4,No,0,50,4916,Attitude of support person,0.4635775663558353,0,Medium,2,New High-Risk,-0.9112958300334628,-4.202976104663766,Standard,2278.9473162052864,2278.9473162052864,0.8343035638222348,High,1168
3932-CMDTD,1,United States,California,Foothill Ranch,92610,"33.698728, -117.67768",33.698728,-117.67768,Female,No,No,No,4,Yes,No,Fiber optic,No,Yes,Yes,Yes,Yes,Yes,One year,Yes,Electronic check,105.65,443.9,Yes,1,66,4663,Limited range of services,0.4884303697217331,0,Medium,0,Established High-Value,-1.8678093699126683,0.7688932848891394,Standard,2277.5508140124416,2277.5508140124416,0.8341615788726395,High,1169
1624-NALOJ,1,United States,California,La Puente,91744,"34.031441, -117.936436",34.031441,-117.936436,Male,Yes,No,No,5,Yes,Yes,Fiber optic,No,Yes,No,No,No,Yes,Month-to-month,Yes,Electronic check,89.8,502.6,Yes,1,88,2960,Moved,0.7689697197759462,1,High,2,New High-Risk,-2.8399795045129994,-2.1941978599166143,High Risk,2276.150370536801,2276.150370536801,0.8340195939230441,High,1170
0709-TVGUR,1,United States,California,Stockton,95207,"38.002125, -121.324979",38.002125,-121.324979,Female,Yes,No,No,9,Yes,Yes,Fiber optic,No,No,No,No,No,No,Month-to-month,Yes,Electronic check,74.55,622.9,Yes,1,69,3145,Competitor had better devices,0.7235773317235208,1,High,2,New High-Risk,-2.6836510774071365,-3.633967981281825,High Risk,2275.650708270473,2275.650708270473,0.8338776089734489,High,1171
1597-LHYNC,1,United States,California,Auburn,95602,"38.99003, -121.114408",38.99003,-121.114408,Female,Yes,No,No,26,Yes,Yes,Fiber optic,Yes,Yes,No,No,No,Yes,Month-to-month,Yes,Electronic check,95.0,2497.2,Yes,1,90,4232,Price too high,0.5375938214184626,1,Medium,2,New High-Risk,-2.877467857703683,-0.7642831154725522,Standard,2275.0970522429334,2275.0970522429334,0.8337356240238535,High,1172
3058-WQDRE,1,United States,California,Branscomb,95417,"39.710591, -123.682799",39.710591,-123.682799,Male,No,No,No,13,No,No phone service,DSL,No,No,No,No,No,No,Month-to-month,Yes,Bank transfer (automatic),25.15,331.85,No,0,53,4943,Attitude of support person,0.4602011051701745,0,Medium,3,Mid-Tenure Moderate-Risk,-1.7301942778582815,-3.845083768735334,Standard,2274.7740628561723,2274.7740628561723,0.8335936390742581,High,1173
0402-CQAJN,1,United States,California,El Monte,91732,"34.074492, -118.01462",34.074492,-118.01462,Female,No,No,No,37,Yes,Yes,Fiber optic,No,Yes,Yes,No,Yes,Yes,Month-to-month,Yes,Bank transfer (automatic),101.9,3545.35,Yes,1,83,4437,Lack of self-service on Website,0.5125586546707706,1,Medium,0,Established High-Value,-2.5354210424631667,1.1025287153601036,Standard,2274.222750774209,2274.222750774209,0.8334516541246628,High,1174
3194-ORPIK,1,United States,California,San Diego,92113,"32.697098, -117.116587",32.697098,-117.116587,Female,No,Yes,No,50,Yes,Yes,Fiber optic,No,No,No,No,Yes,No,Month-to-month,Yes,Bank transfer (automatic),84.4,4116.15,Yes,1,80,5135,Service dissatisfaction,0.4428117230519962,0,Medium,2,New High-Risk,-2.416516263044255,-0.1062623124776458,Standard,2273.8381978720004,2273.8381978720004,0.8333096691750674,High,1175
2203-GHNWN,1,United States,California,Julian,92036,"32.980678, -116.262854",32.980678,-116.262854,Female,No,Yes,No,24,Yes,Yes,Fiber optic,No,No,Yes,No,No,No,Month-to-month,Yes,Mailed check,79.65,1928.7,No,0,72,3816,Attitude of support person,0.5954488525779047,1,Medium,2,New High-Risk,-1.8619265234149287,-1.298965878545839,Standard,2272.232821437284,2272.232821437284,0.833167684225472,High,1176
5035-BVCXS,1,United States,California,Loyalton,96118,"39.637471, -120.226338",39.637471,-120.226338,Male,No,No,No,11,Yes,No,Fiber optic,No,Yes,No,No,No,No,Month-to-month,Yes,Mailed check,75.9,866.4,No,0,70,4278,Attitude of support person,0.5310486645787387,1,Medium,2,New High-Risk,-1.3486018967378974,-3.108922710256809,Standard,2271.826187067844,2271.826187067844,0.8330256992758768,High,1177
1481-ZUWZA,1,United States,California,Klamath,95548,"41.572813, -124.035011",41.572813,-124.035011,Male,No,No,No,28,Yes,Yes,Fiber optic,Yes,Yes,No,No,No,Yes,Month-to-month,Yes,Credit card (automatic),94.5,2659.4,Yes,1,80,5433,Service dissatisfaction,0.4180638725433109,0,Medium,2,New High-Risk,-2.2353957440968464,0.0485874089059411,Standard,2271.341019527808,2271.341019527808,0.8328837143262814,High,1178
2178-PMGCJ,1,United States,California,Long Beach,90802,"33.752524, -118.210737",33.752524,-118.210737,Male,No,No,No,22,Yes,No,Fiber optic,No,No,No,No,No,No,Month-to-month,Yes,Mailed check,69.7,1490.4,No,0,32,4838,Attitude of support person,0.4688391136604855,0,Medium,2,New High-Risk,-1.37043655070684,-3.5469254036016418,Standard,2268.243631889429,2268.243631889429,0.8327417293766861,High,1179
5515-RUGKN,1,United States,California,Beverly Hills,90211,"34.063947, -118.383001",34.063947,-118.383001,Male,No,No,No,8,Yes,No,DSL,No,No,No,No,No,Yes,Month-to-month,Yes,Credit card (automatic),54.75,438.05,No,0,53,5317,Attitude of support person,0.4264690084092066,0,Medium,2,New High-Risk,-1.3596921596699945,-2.7738491376035044,Standard,2267.5357177117517,2267.5357177117517,0.8325997444270907,High,1180
6212-ATMLK,1,United States,California,Rancho Cucamonga,91701,"34.132275, -117.611478",34.132275,-117.611478,Female,No,No,No,50,Yes,Yes,Fiber optic,No,No,No,No,Yes,Yes,Month-to-month,Yes,Electronic check,95.7,4729.75,No,0,44,4164,Attitude of support person,0.5444972754104328,1,Medium,2,New High-Risk,-2.826483360973125,-0.6626667148399423,Standard,2267.2866548090424,2267.2866548090424,0.8324577594774953,High,1181
8019-ENHXU,1,United States,California,Oakland,94601,"37.776523, -122.219268",37.776523,-122.219268,Male,No,Yes,No,42,Yes,Yes,Fiber optic,No,Yes,Yes,Yes,No,Yes,Month-to-month,Yes,Electronic check,99.45,4138.05,Yes,1,96,4624,Network reliability,0.4903123293736916,0,Medium,0,Established High-Value,-2.580429874198031,1.6274093912783032,Standard,2267.20421102395,2267.20421102395,0.8323157745279001,High,1182
7401-RUBNK,1,United States,California,South Dos Palos,93665,"36.959731, -120.653519",36.959731,-120.653519,Female,No,Yes,No,18,Yes,No,Fiber optic,Yes,No,No,No,No,No,Month-to-month,No,Electronic check,74.8,1438.05,No,0,39,4809,Attitude of support person,0.4711862594047848,0,Medium,2,New High-Risk,-1.2601146661293052,-2.106532931577755,Standard,2265.9347214776103,2265.9347214776103,0.8321737895783047,High,1183
3838-OZURD,1,United States,California,Somes Bar,95568,"41.444606, -123.471895",41.444606,-123.471895,Male,No,Yes,No,66,Yes,Yes,Fiber optic,No,Yes,Yes,No,Yes,Yes,Month-to-month,Yes,Credit card (automatic),105.0,7133.25,Yes,1,96,5723,Competitor offered higher download speeds,0.395797878318583,0,Low,0,Established High-Value,-2.785561605030059,3.0196984854175226,Standard,2265.1512576172504,2265.1512576172504,0.8320318046287094,High,1184
5175-AOBHI,1,United States,California,Hamilton City,95951,"39.732767, -122.042298",39.732767,-122.042298,Female,No,No,No,4,Yes,No,DSL,No,No,No,No,No,No,Month-to-month,Yes,Mailed check,46.0,193.6,Yes,1,97,5246,Lack of self-service on Website,0.4313413481237489,0,Medium,2,New High-Risk,-0.9290091221056468,-4.095983328876941,Standard,2262.8167122571867,2262.8167122571867,0.831889819679114,High,1185
4109-CYRBD,1,United States,California,Menifee,92584,"33.653338, -117.178271",33.653338,-117.178271,Male,Yes,Yes,No,29,Yes,Yes,DSL,No,No,No,No,No,No,Month-to-month,Yes,Electronic check,51.6,1442.0,No,0,39,5495,Attitude of support person,0.4114716324091894,0,Medium,2,New High-Risk,-2.4089726214922336,-2.285615063098448,Standard,2261.0366200884955,2261.0366200884955,0.8317478347295186,High,1186
2067-QYTCF,1,United States,California,Los Angeles,90057,"34.061918, -118.277939",34.061918,-118.277939,Female,No,Yes,No,64,Yes,Yes,Fiber optic,No,Yes,Yes,Yes,Yes,Yes,Month-to-month,Yes,Electronic check,111.15,6953.4,No,0,55,5455,Attitude of support person,0.4140315851399584,0,Medium,0,Established High-Value,-2.919774143350167,3.2286793444126776,Standard,2258.542296938473,2258.542296938473,0.8316058497799234,High,1187
2495-KZNFB,1,United States,California,La Mesa,91942,"32.782501, -117.01611",32.782501,-117.01611,Female,No,No,No,33,Yes,Yes,Fiber optic,Yes,No,No,No,No,Yes,Month-to-month,Yes,Electronic check,90.65,2989.6,No,0,44,4460,Attitude of support person,0.5062530893124041,1,Medium,2,New High-Risk,-2.471118318391133,-1.1951135843960166,Standard,2257.888778333322,2257.888778333322,0.831463864830328,High,1188
0461-CVKMU,1,United States,California,Oak Run,96069,"40.689243, -122.037023",40.689243,-122.037023,Female,No,Yes,No,23,Yes,No,Fiber optic,No,Yes,Yes,Yes,No,No,Month-to-month,No,Electronic check,83.8,1900.25,Yes,1,80,5737,Lack of self-service on Website,0.3931583207854353,0,Low,2,New High-Risk,-1.335736096717688,-0.1633894633045037,Standard,2255.549286346042,2255.549286346042,0.8313218798807327,High,1189
3757-NJYBX,1,United States,California,Nipomo,93444,"35.050345, -120.489599",35.050345,-120.489599,Male,Yes,Yes,No,32,Yes,Yes,Fiber optic,No,Yes,Yes,No,Yes,Yes,Month-to-month,No,Bank transfer (automatic),106.35,3520.75,Yes,1,65,4113,Moved,0.5482112149142508,1,Medium,0,Established High-Value,-2.4892123042640986,1.7627277162872022,Standard,2254.792726942314,2254.792726942314,0.8311798949311373,High,1190
7663-RGWBC,1,United States,California,Los Angeles,90049,"34.091829, -118.491244",34.091829,-118.491244,Male,No,No,No,1,Yes,No,DSL,No,No,No,No,No,No,Month-to-month,Yes,Mailed check,44.15,44.15,Yes,1,97,4773,Don't know,0.471987542991372,0,Medium,2,New High-Risk,-0.9002260901922466,-4.227124129392915,Standard,2252.7965426978185,2252.7965426978185,0.8310379099815419,High,1191
8158-WPEZG,1,United States,California,Los Angeles,90061,"33.92128, -118.274186",33.92128,-118.274186,Male,No,No,No,11,No,No phone service,DSL,No,Yes,No,Yes,No,No,Month-to-month,Yes,Electronic check,35.65,425.1,No,0,61,4986,Attitude of support person,0.4516694489560511,0,Medium,3,Mid-Tenure Moderate-Risk,-1.887369305560901,-2.811189457048631,Standard,2252.023872494871,2252.023872494871,0.8308959250319466,High,1192
2656-TABEH,1,United States,California,Temecula,92591,"33.540604, -117.10909",33.540604,-117.10909,Male,No,Yes,No,4,Yes,Yes,Fiber optic,No,Yes,No,No,Yes,Yes,Month-to-month,Yes,Electronic check,100.2,420.2,Yes,1,82,2650,Service dissatisfaction,0.8493775819045822,1,High,2,New High-Risk,-2.5508765930757025,-0.5310792754817476,High Risk,2250.850592047143,2250.850592047143,0.8307539400823513,High,1193
6437-UKHMV,1,United States,California,Moreno Valley,92557,"33.970661, -117.255039",33.970661,-117.255039,Female,No,No,No,7,Yes,No,Fiber optic,No,No,No,No,Yes,No,Month-to-month,Yes,Electronic check,79.7,586.05,Yes,1,98,3109,Attitude of support person,0.7238928698661712,1,High,2,New High-Risk,-1.942883408173408,-3.3735424686673987,High Risk,2250.5829324139263,2250.5829324139263,0.8306119551327559,High,1194
0822-GAVAP,1,United States,California,Posey,93260,"35.861928, -118.636698",35.861928,-118.636698,Female,No,No,No,2,No,No phone service,DSL,No,No,No,No,No,Yes,Month-to-month,Yes,Electronic check,34.7,62.25,Yes,1,65,3146,Competitor made better offer,0.715196314206861,1,High,3,Mid-Tenure Moderate-Risk,-2.061717509105095,-3.96518941759004,High Risk,2250.0076044947846,2250.0076044947846,0.8304699701831606,High,1195
7145-FEJWU,1,United States,California,San Francisco,94134,"37.721052, -122.413573",37.721052,-122.413573,Female,No,No,Yes,12,Yes,Yes,Fiber optic,No,Yes,Yes,No,Yes,Yes,Month-to-month,Yes,Electronic check,105.3,1275.65,No,0,72,5913,Attitude of support person,0.3800465224848753,0,Low,0,Established High-Value,-2.3272190381306954,0.6679331067581222,Standard,2247.2150874530676,2247.2150874530676,0.8303279852335652,High,1196
3587-PMCOY,1,United States,California,Placerville,95667,"38.733714, -120.795213",38.733714,-120.795213,Male,No,No,No,10,Yes,No,Fiber optic,Yes,No,Yes,No,Yes,Yes,One year,Yes,Electronic check,98.9,1064.95,No,0,50,4614,Attitude of support person,0.4868057108626877,0,Medium,2,New High-Risk,-1.8645620446153424,0.0901017912703944,Standard,2246.121549920441,2246.121549920441,0.8301860002839699,High,1197
2208-UGTGR,1,United States,California,Sultana,93666,"36.545353, -119.338535",36.545353,-119.338535,Male,No,No,No,56,Yes,Yes,Fiber optic,No,Yes,No,No,Yes,Yes,Month-to-month,No,Electronic check,98.6,5581.05,No,0,58,5601,Attitude of support person,0.4004424845202659,0,Medium,0,Established High-Value,-2.383403083194704,0.5002508747228238,Standard,2242.878355798009,2242.878355798009,0.8300440153343746,High,1198
7314-OXENN,1,United States,California,Trona,93562,"35.74837, -117.384948",35.74837,-117.384948,Male,No,No,No,2,Yes,Yes,Fiber optic,No,Yes,No,No,No,No,Month-to-month,Yes,Electronic check,82.0,184.65,Yes,1,97,3051,Competitor offered more data,0.7348998733014166,1,High,2,New High-Risk,-2.2583308349840774,-2.935026462718687,High Risk,2242.179513442622,2242.179513442622,0.8299020303847792,High,1199
9601-BRXPO,1,United States,California,San Diego,92129,"32.961064, -117.134917",32.961064,-117.134917,Female,No,Yes,No,25,Yes,Yes,Fiber optic,No,No,Yes,Yes,Yes,Yes,Month-to-month,Yes,Bank transfer (automatic),104.95,2566.5,Yes,1,66,3642,Service dissatisfaction,0.6155783493061099,1,Medium,0,Established High-Value,-2.385717179065688,1.5813519240308265,Standard,2241.9363481728524,2241.9363481728524,0.8297600454351839,High,1200
3733-LSYCE,1,United States,California,Samoa,95564,"40.809636, -124.189977",40.809636,-124.189977,Female,No,Yes,No,15,Yes,No,Fiber optic,No,Yes,No,No,No,No,Month-to-month,No,Bank transfer (automatic),75.35,1114.55,No,0,67,4891,Attitude of support person,0.4579643816706751,0,Medium,2,New High-Risk,-1.139387132680099,-1.6425548556088347,Standard,2239.903790751272,2239.903790751272,0.8296180604855885,High,1201
2990-HWIML,1,United States,California,Ontario,91764,"34.074087, -117.605618",34.074087,-117.605618,Female,No,No,No,6,Yes,No,Fiber optic,No,No,No,No,Yes,Yes,Month-to-month,Yes,Electronic check,89.5,573.3,Yes,1,82,2898,Attitude of service provider,0.772673086218971,1,High,2,New High-Risk,-2.087965879891168,-2.626091406871521,High Risk,2239.206603862578,2239.206603862578,0.8294760755359932,High,1202
4547-KQRTM,1,United States,California,Eldridge,95431,"38.348884, -122.51699",38.348884,-122.51699,Female,No,No,No,10,Yes,Yes,Fiber optic,No,Yes,No,No,No,No,Month-to-month,Yes,Bank transfer (automatic),80.05,830.7,Yes,1,76,3740,Competitor offered higher download speeds,0.5981236814485599,1,Medium,2,New High-Risk,-2.068063093884368,-2.1640871282550025,Standard,2236.982568617614,2236.982568617614,0.8293340905863978,High,1203
7576-OYWBN,1,United States,California,San Mateo,94402,"37.556634, -122.317723",37.556634,-122.317723,Male,Yes,No,No,3,Yes,Yes,Fiber optic,No,No,No,No,No,No,Month-to-month,Yes,Electronic check,76.05,231.8,Yes,1,67,2930,Price too high,0.7632583853493025,1,High,2,New High-Risk,-2.6676585977012,-3.792241914885616,High Risk,2236.347069073456,2236.347069073456,0.8291921056368025,High,1204
1343-EHPYB,1,United States,California,Ranchita,92066,"33.215251, -116.53633",33.215251,-116.53633,Male,No,Yes,No,63,Yes,Yes,Fiber optic,No,Yes,Yes,No,Yes,Yes,Month-to-month,Yes,Electronic check,103.4,6603.0,Yes,1,98,4352,Network reliability,0.5136672663172152,1,Medium,0,Established High-Value,-2.958218225354496,2.224061683344316,Standard,2235.4799430125204,2235.4799430125204,0.8290501206872072,High,1205
9799-CAYJJ,1,United States,California,West Hills,91307,"34.199787, -118.68493",34.199787,-118.68493,Female,Yes,Yes,No,2,Yes,No,Fiber optic,No,No,No,No,No,No,Month-to-month,Yes,Electronic check,69.3,153.8,No,0,58,2901,Attitude of support person,0.7702002261313421,1,High,2,New High-Risk,-2.193310533579276,-3.60650117904436,High Risk,2234.3508560070236,2234.3508560070236,0.8289081357376118,High,1206
6877-LGWXO,1,United States,California,Pleasanton,94588,"37.685052, -121.912061",37.685052,-121.912061,Male,Yes,Yes,No,18,Yes,No,Fiber optic,No,No,No,No,No,Yes,Month-to-month,No,Electronic check,78.55,1422.65,Yes,1,84,3521,Lack of self-service on Website,0.6339306884706781,1,Medium,2,New High-Risk,-1.920869114506481,-2.2987213227343224,Standard,2232.0699541052577,2232.0699541052577,0.8287661507880165,High,1207
6233-HXJMX,1,United States,California,Alpine,91901,"32.827184, -116.703729",32.827184,-116.703729,Female,No,No,No,45,Yes,Yes,Fiber optic,No,No,Yes,No,No,Yes,Month-to-month,Yes,Credit card (automatic),89.3,4192.15,No,0,32,5470,Attitude of support person,0.4080035846512625,0,Medium,2,New High-Risk,-2.4369644546397127,-0.0762893969078318,Standard,2231.779608042406,2231.779608042406,0.8286241658384211,High,1208
6918-UMQCG,1,United States,California,Orange,92869,"33.792791, -117.789749",33.792791,-117.789749,Female,No,No,No,5,Yes,No,Fiber optic,No,No,No,No,Yes,No,Month-to-month,No,Electronic check,80.2,384.25,No,0,46,3391,Attitude of support person,0.658144282241222,1,Medium,2,New High-Risk,-1.4323050113807263,-3.3491646568691937,Standard,2231.7672610799837,2231.7672610799837,0.8284821808888257,High,1209
2712-SYWAY,1,United States,California,Creston,93432,"35.480896, -120.469476",35.480896,-120.469476,Female,No,No,No,1,Yes,Yes,No,No internet service,No internet service,No internet service,No internet service,No internet service,No internet service,Month-to-month,Yes,Electronic check,25.7,25.7,No,0,54,5249,Attitude of support person,0.4250983502773793,0,Medium,1,Low-Spend Stable,5.034164137512157,-1.316087293557225,Standard,2231.341240605964,2231.341240605964,0.8283401959392305,High,1210
5219-YIPTK,1,United States,California,Trinidad,95570,"41.162295, -124.027381",41.162295,-124.027381,Female,No,Yes,No,33,Yes,Yes,Fiber optic,No,Yes,Yes,No,Yes,Yes,Month-to-month,Yes,Electronic check,104.4,3409.6,Yes,1,71,3185,Service dissatisfaction,0.7003333399390933,1,High,0,Established High-Value,-2.757028639200548,1.2150218213822657,High Risk,2230.561687706012,2230.561687706012,0.8281982109896351,High,1211
7450-NWRTR,1,United States,California,Apple Valley,92308,"34.424926, -117.184503",34.424926,-117.184503,Male,Yes,No,No,12,Yes,Yes,Fiber optic,No,No,Yes,No,Yes,Yes,Month-to-month,Yes,Electronic check,99.45,1200.15,Yes,1,98,2819,Competitor offered more data,0.7907980833443723,1,High,2,New High-Risk,-3.030601751428218,-1.116365860887988,High Risk,2229.2597969477856,2229.2597969477856,0.8280562260400398,High,1212
8821-XNHVZ,1,United States,California,Solana Beach,92075,"33.001813, -117.263628",33.001813,-117.263628,Female,No,Yes,No,1,Yes,No,Fiber optic,No,No,No,No,Yes,No,Month-to-month,Yes,Mailed check,80.05,80.05,Yes,1,82,2943,Competitor offered more data,0.757429940026857,1,High,2,New High-Risk,-1.4105618254887091,-2.6635285008964984,High Risk,2229.11631349904,2229.11631349904,0.8279142410904444,High,1213
0702-PGIBZ,1,United States,California,Dutch Flat,95714,"39.197215, -120.83679",39.197215,-120.83679,Male,No,No,No,4,Yes,Yes,Fiber optic,No,Yes,No,No,Yes,Yes,Month-to-month,Yes,Electronic check,101.7,364.55,Yes,1,91,2777,Competitor made better offer,0.802544333237344,1,High,2,New High-Risk,-2.56160778091722,-1.341790024482105,High Risk,2228.665613400104,2228.665613400104,0.827772256140849,High,1214
0533-BNWKF,1,United States,California,Palm Desert,92211,"33.762759, -116.324817",33.762759,-116.324817,Female,Yes,Yes,No,55,Yes,Yes,Fiber optic,No,Yes,Yes,No,No,No,Month-to-month,Yes,Electronic check,85.45,4874.7,Yes,1,100,5502,Lack of affordable download/upload speed,0.4045047524306582,0,Medium,2,New High-Risk,-3.01453137119062,0.3338369921407308,Standard,2225.585147873481,2225.585147873481,0.8276302711912538,High,1215
3234-VKACU,1,United States,California,Sunol,94586,"37.587494, -121.862856",37.587494,-121.862856,Male,No,No,No,2,Yes,No,DSL,No,No,No,Yes,Yes,Yes,Month-to-month,No,Electronic check,70.3,132.4,No,0,27,4799,Attitude of support person,0.4633998142254427,0,Medium,2,New High-Risk,-1.1197292850903218,-1.844061707896637,Standard,2223.8557084678996,2223.8557084678996,0.8274882862416584,High,1216
9290-SHCMB,1,United States,California,Brownsville,95919,"39.440687, -121.263583",39.440687,-121.263583,Female,Yes,No,No,13,Yes,No,Fiber optic,No,No,Yes,No,Yes,Yes,Month-to-month,Yes,Electronic check,96.85,1235.55,No,0,28,3098,Attitude of support person,0.7175743904816065,1,High,2,New High-Risk,-2.600513382718137,-1.6548206129241698,High Risk,2223.045461712017,2223.045461712017,0.827346301292063,High,1217
0519-XUZJU,1,United States,California,Felton,95018,"37.089111, -122.062213",37.089111,-122.062213,Female,No,No,No,1,Yes,No,Fiber optic,No,No,No,No,No,No,Month-to-month,No,Mailed check,70.75,70.75,Yes,1,93,3963,Service dissatisfaction,0.5609105295198783,1,Medium,2,New High-Risk,-0.773420265942162,-4.100792109425512,Standard,2222.888428487278,2222.888428487278,0.8272043163424677,High,1218
9274-UARKJ,1,United States,California,Modesto,95351,"37.621458, -121.012295",37.621458,-121.012295,Female,No,No,No,15,Yes,No,Fiber optic,No,Yes,No,No,Yes,No,Month-to-month,Yes,Bank transfer (automatic),83.2,1130.0,No,0,36,4096,Attitude of support person,0.5424619996717944,1,Medium,2,New High-Risk,-1.76848523481378,-1.833788342138156,Standard,2221.92435065567,2221.92435065567,0.8270623313928723,High,1219
4208-UFFGW,1,United States,California,Byron,94514,"37.83323, -121.601461",37.83323,-121.601461,Male,Yes,No,No,2,Yes,No,DSL,No,No,No,No,No,No,Month-to-month,No,Mailed check,44.95,85.15,Yes,1,84,5900,Don't know,0.3765378628816603,0,Low,2,New High-Risk,-0.8438150696253702,-4.132243311140786,Standard,2221.5733910017957,2221.5733910017957,0.826920346443277,High,1220
9824-BEMCV,1,United States,California,Modesto,95350,"37.671806, -121.007575",37.671806,-121.007575,Male,No,Yes,No,17,Yes,No,Fiber optic,No,No,No,No,No,No,Month-to-month,Yes,Electronic check,69.0,1149.65,Yes,1,77,3368,Competitor offered higher download speeds,0.659462138581067,1,Medium,2,New High-Risk,-1.83133667399204,-3.0870724502478257,Standard,2221.0684827410337,2221.0684827410337,0.8267783614936817,High,1221
3002-WQZWT,1,United States,California,Murrieta,92563,"33.581045, -117.14719",33.581045,-117.14719,Female,No,No,No,29,Yes,Yes,Fiber optic,No,No,No,No,No,No,Month-to-month,Yes,Electronic check,74.2,1993.25,No,0,55,3982,Attitude of support person,0.5569497484295325,1,Medium,2,New High-Risk,-2.348600775273635,-2.9458443467687494,Standard,2217.7738982463984,2217.7738982463984,0.8266363765440863,High,1222
3045-XETSH,1,United States,California,Lake Hughes,93532,"34.659579, -118.584212",34.659579,-118.584212,Female,No,No,No,10,Yes,Yes,Fiber optic,No,Yes,Yes,No,No,Yes,Month-to-month,Yes,Electronic check,94.85,953.45,Yes,1,97,3074,Competitor offered more data,0.7209792590289024,1,High,2,New High-Risk,-2.4596222976233,-1.0725139062043088,High Risk,2216.290242254846,2216.290242254846,0.826494391594491,High,1223
0895-DQHEW,1,United States,California,Burney,96013,"40.946785, -121.719489",40.946785,-121.719489,Male,No,Yes,No,54,Yes,Yes,Fiber optic,No,Yes,Yes,No,Yes,Yes,Month-to-month,Yes,Electronic check,104.3,5278.15,Yes,1,77,4019,Competitor offered more data,0.5511677658425235,1,Medium,0,Established High-Value,-2.882552326471775,1.8739452889912425,Standard,2215.1432509211018,2215.1432509211018,0.8263524066448956,High,1224
2615-YVMYX,1,United States,California,Chula Vista,91915,"32.605012, -116.97595",32.605012,-116.97595,Male,Yes,Yes,No,71,Yes,Yes,Fiber optic,Yes,Yes,Yes,No,Yes,Yes,Month-to-month,Yes,Electronic check,107.5,7713.55,No,0,64,5775,Attitude of support person,0.3831568561018425,0,Low,0,Established High-Value,-3.358358170885212,3.250589830744959,Standard,2212.730843988141,2212.730843988141,0.8262104216953003,High,1225
5968-VXZLG,1,United States,California,Calabasas,91302,"34.130861, -118.68346",34.130861,-118.68346,Male,No,No,No,2,Yes,No,DSL,No,No,No,No,No,No,Month-to-month,Yes,Bank transfer (automatic),46.6,87.9,No,0,54,5096,Attitude of support person,0.4339462936115157,0,Medium,2,New High-Risk,-1.203959326106164,-3.722204599771031,Standard,2211.390312244284,2211.390312244284,0.8259264517961096,High,1227
9278-VZKCD,1,United States,California,Norco,92860,"33.925833, -117.559639",33.925833,-117.559639,Female,Yes,Yes,No,52,Yes,Yes,Fiber optic,Yes,Yes,Yes,No,Yes,Yes,Month-to-month,Yes,Electronic check,109.1,5647.95,No,0,49,4428,Attitude of support person,0.4990789551707409,0,Medium,0,Established High-Value,-3.2323158048886533,2.531865207532601,Standard,2209.9216134960407,2209.9216134960407,0.8257844668465143,High,1228
2360-RDGRO,1,United States,California,Sutter,95982,"39.172777, -121.805845",39.172777,-121.805845,Male,No,Yes,No,65,Yes,Yes,Fiber optic,Yes,No,Yes,No,Yes,Yes,Month-to-month,Yes,Electronic check,104.25,6812.95,No,0,70,5089,Attitude of support person,0.4341382615768285,0,Medium,0,Established High-Value,-2.866982737766686,2.331897312141932,Standard,2209.32961316448,2209.32961316448,0.8256424818969189,High,1229
1320-REHCS,1,United States,California,Inglewood,90301,"33.956445, -118.358634",33.956445,-118.358634,Male,Yes,No,No,52,Yes,Yes,Fiber optic,No,Yes,Yes,Yes,Yes,Yes,Month-to-month,Yes,Electronic check,110.75,5832.0,No,0,46,4993,Attitude of support person,0.4422365200927461,0,Medium,0,Established High-Value,-3.272641412789953,1.9038700297307696,Standard,2208.0869448230815,2208.0869448230815,0.8255004969473236,High,1230
1875-QIVME,1,United States,California,Tujunga,91042,"34.296574, -118.244839",34.296574,-118.244839,Female,No,Yes,Yes,2,Yes,Yes,Fiber optic,No,No,Yes,Yes,Yes,Yes,Month-to-month,Yes,Electronic check,104.4,242.8,Yes,1,83,4690,Lack of self-service on Website,0.4706390470934414,0,Medium,0,Established High-Value,-2.141613055698073,1.0936174885994638,Standard,2207.29713086824,2207.29713086824,0.8253585119977283,High,1231
6969-MVBAI,1,United States,California,Davis Creek,96108,"41.750354, -120.403885",41.750354,-120.403885,Female,Yes,No,No,9,Yes,Yes,Fiber optic,No,No,Yes,No,Yes,No,Month-to-month,Yes,Electronic check,90.1,816.8,No,0,48,2893,Attitude of support person,0.7623894324782717,1,High,2,New High-Risk,-2.863003006187068,-1.990308583752411,High Risk,2205.5926281596403,2205.5926281596403,0.8252165270481329,High,1232
4572-DVCGN,1,United States,California,San Diego,92105,"32.741859, -117.090353",32.741859,-117.090353,Female,No,No,No,10,Yes,No,Fiber optic,No,No,No,No,No,Yes,Month-to-month,Yes,Bank transfer (automatic),80.25,846.0,Yes,1,85,3598,Poor expertise of online support,0.612924780534912,1,Medium,2,New High-Risk,-1.7492591343645956,-2.735240900974224,Standard,2205.303360364613,2205.303360364613,0.8250745420985376,High,1233
4503-BDXBD,1,United States,California,Anaheim,92808,"33.850452, -117.726668",33.850452,-117.726668,Male,No,No,No,11,Yes,No,Fiber optic,No,Yes,No,No,No,No,Month-to-month,No,Electronic check,74.95,815.5,Yes,1,76,4251,Attitude of support person,0.5186907253449416,1,Medium,2,New High-Risk,-1.3344918754637851,-3.139688741275086,Standard,2204.954273441347,2204.954273441347,0.8249325571489422,High,1234
3014-WJKSM,1,United States,California,San Luis Obispo,93401,"35.233745, -120.626442",35.233745,-120.626442,Male,No,Yes,No,29,Yes,No,Fiber optic,No,No,Yes,No,No,No,Month-to-month,Yes,Credit card (automatic),75.3,2263.4,No,0,40,4910,Attitude of support person,0.4489793678512656,0,Medium,2,New High-Risk,-1.7168135370460125,-1.2052304750405538,Standard,2204.488696149714,2204.488696149714,0.8247905721993468,High,1235
3292-PBZEJ,1,United States,California,Greenview,96037,"41.528541, -122.955018",41.528541,-122.955018,Male,Yes,No,No,11,Yes,Yes,Fiber optic,No,Yes,Yes,Yes,Yes,Yes,Month-to-month,Yes,Electronic check,111.4,1183.05,No,0,28,3175,Attitude of support person,0.6942584960111902,1,Medium,0,Established High-Value,-2.9747306891069654,0.4524397931574367,Standard,2204.2707248355287,2204.2707248355287,0.8246485872497515,High,1236
3629-ZNKXA,1,United States,California,Seiad Valley,96086,"41.924174, -123.260788",41.924174,-123.260788,Male,Yes,No,No,17,Yes,No,Fiber optic,No,Yes,Yes,No,Yes,Yes,Month-to-month,Yes,Electronic check,101.8,1752.45,No,0,53,3296,Attitude of support person,0.6686817807916938,1,Medium,2,New High-Risk,-2.6492341298756465,-0.758321985276454,Standard,2203.9751494894226,2203.9751494894226,0.8245066023001562,High,1237
8414-MYSHR,1,United States,California,Arcadia,91007,"34.128284, -118.047732",34.128284,-118.047732,Male,Yes,No,No,5,Yes,No,Fiber optic,No,No,No,No,Yes,Yes,Month-to-month,Yes,Electronic check,91.4,449.75,Yes,1,78,2834,Network reliability,0.7773141532192581,1,High,2,New High-Risk,-2.5254066459726108,-2.771553194225461,High Risk,2202.9083102233776,2202.9083102233776,0.8243646173505609,High,1238
5172-MIGPM,1,United States,California,Orange,92865,"33.828779, -117.848299",33.828779,-117.848299,Male,No,No,No,4,Yes,Yes,DSL,No,No,No,Yes,No,Yes,Month-to-month,No,Mailed check,65.55,237.2,No,0,46,5707,Attitude of support person,0.3858391304821585,0,Low,2,New High-Risk,-0.9428262639918632,-1.8088953188936907,Standard,2201.983917661679,2201.983917661679,0.8242226324009655,High,1239
5233-AOZUF,1,United States,California,Palm Springs,92262,"33.839989, -116.659215",33.839989,-116.659215,Female,No,Yes,No,29,Yes,Yes,Fiber optic,No,No,No,No,No,No,Month-to-month,Yes,Electronic check,74.95,2149.05,No,0,80,3483,Attitude of support person,0.6320941147998875,1,Medium,2,New High-Risk,-2.3590383122278844,-2.158348574530516,Standard,2201.583801848008,2201.583801848008,0.8240806474513701,High,1240
3926-CUQZX,1,United States,California,Campo,91906,"32.673483, -116.472863",32.673483,-116.472863,Male,No,No,No,1,Yes,No,DSL,No,No,No,No,No,No,Month-to-month,Yes,Bank transfer (automatic),45.1,45.1,Yes,1,77,4884,Don't know,0.4503483188354538,0,Medium,2,New High-Risk,-1.1872872915786643,-3.77587040310854,Standard,2199.5011891923564,2199.5011891923564,0.8239386625017748,High,1241
4521-YEEHE,1,United States,California,Anaheim,92805,"33.830209, -117.906099",33.830209,-117.906099,Female,No,Yes,No,18,Yes,Yes,Fiber optic,No,No,No,Yes,Yes,No,Month-to-month,Yes,Electronic check,88.85,1594.75,No,0,59,3127,Attitude of support person,0.7028479882330314,1,High,2,New High-Risk,-2.3661979490020446,-0.8645669663700831,High Risk,2197.805659204689,2197.805659204689,0.8237966775521794,High,1242
8058-DMYRU,1,United States,California,Glendale,91208,"34.195386, -118.238508",34.195386,-118.238508,Male,Yes,No,No,54,Yes,Yes,Fiber optic,No,Yes,No,No,No,Yes,Month-to-month,Yes,Electronic check,90.05,4931.8,No,0,23,5232,Attitude of support person,0.4200181036143994,0,Medium,2,New High-Risk,-3.142733829374178,-0.6028831402606828,Standard,2197.5347181105376,2197.5347181105376,0.8236546926025842,High,1243
6158-HDPXZ,1,United States,California,San Diego,92128,"33.000269, -117.072093",33.000269,-117.072093,Male,No,No,No,1,No,No phone service,DSL,No,No,No,No,No,No,Month-to-month,No,Mailed check,25.35,25.35,No,0,51,4193,Attitude of support person,0.5240770479110322,1,Medium,3,Mid-Tenure Moderate-Risk,-0.9175525789584914,-4.53804824505562,Standard,2197.455061890958,2197.455061890958,0.8235127076529888,High,1244
1025-FALIX,1,United States,California,Nicolaus,95659,"38.788898, -121.608624",38.788898,-121.608624,Female,No,No,No,26,Yes,No,Fiber optic,No,No,No,No,No,No,Month-to-month,Yes,Credit card (automatic),69.05,1815.65,No,0,23,5379,Attitude of support person,0.4082236347005775,0,Medium,2,New High-Risk,-1.6638817665118968,-2.9411705730461266,Standard,2195.8349310544063,2195.8349310544063,0.8233707227033934,High,1245
0118-JPNOY,1,United States,California,Le Grand,95333,"37.249377, -120.249581",37.249377,-120.249581,Female,Yes,No,No,26,Yes,No,Fiber optic,Yes,No,No,No,Yes,No,Month-to-month,Yes,Credit card (automatic),85.8,2193.65,No,0,46,5700,Attitude of support person,0.3851126044594237,0,Low,2,New High-Risk,-2.1771423031807844,-1.471329272171009,Standard,2195.141845418715,2195.141845418715,0.8232287377537981,High,1246
6060-DRTNL,1,United States,California,San Jacinto,92583,"33.796568, -116.924723",33.796568,-116.924723,Female,Yes,No,No,5,Yes,No,Fiber optic,No,No,Yes,No,Yes,No,Month-to-month,Yes,Mailed check,84.85,415.55,Yes,1,74,3305,Attitude of service provider,0.6638475927660619,1,Medium,2,New High-Risk,-1.8840032555320247,-2.596309233529288,Standard,2194.0162940918344,2194.0162940918344,0.8230867528042027,High,1247
5453-AXEPF,1,United States,California,San Jose,95134,"37.42765, -121.945416",37.42765,-121.945416,Male,No,Yes,No,17,Yes,Yes,Fiber optic,No,Yes,No,No,No,No,Month-to-month,Yes,Bank transfer (automatic),80.5,1336.9,No,0,76,3591,Attitude of support person,0.6102291389956179,1,Medium,2,New High-Risk,-2.1036337019611326,-1.1877789844526647,Standard,2191.332838133264,2191.332838133264,0.8229447678546075,High,1248
4065-JJAVA,1,United States,California,Oakland,94605,"37.758019, -122.138678",37.758019,-122.138678,Female,No,No,No,1,Yes,No,DSL,No,Yes,No,No,No,No,Month-to-month,No,Electronic check,49.5,49.5,No,0,59,5262,Attitude of support person,0.4160824265290085,0,Medium,2,New High-Risk,-0.9190052192234988,-3.434724510252782,Standard,2189.4257283956426,2189.4257283956426,0.8228027829050121,High,1249
2105-PHWON,1,United States,California,Navarro,95463,"39.182916, -123.552571",39.182916,-123.552571,Female,No,Yes,No,33,Yes,Yes,Fiber optic,No,No,Yes,Yes,No,Yes,Month-to-month,Yes,Credit card (automatic),95.0,3008.15,No,0,76,4639,Attitude of support person,0.4717580451333176,0,Medium,0,Established High-Value,-2.2727098037723867,1.101209608198819,Standard,2188.4855713734605,2188.4855713734605,0.8226607979554167,High,1250
6108-OQZDQ,1,United States,California,Keene,93531,"35.214982, -118.59049",35.214982,-118.59049,Female,No,Yes,No,4,Yes,Yes,Fiber optic,No,Yes,No,No,Yes,Yes,Month-to-month,Yes,Electronic check,97.95,384.5,Yes,1,72,2570,Attitude of service provider,0.8514185918239118,1,High,2,New High-Risk,-2.53027739685938,-0.5565862345245113,High Risk,2188.1457809874532,2188.1457809874532,0.8225188130058214,High,1251
0129-KPTWJ,1,United States,California,North Highlands,95660,"38.671295, -121.388251",38.671295,-121.388251,Male,No,Yes,No,72,Yes,No,Fiber optic,No,No,Yes,No,Yes,Yes,Month-to-month,Yes,Electronic check,94.65,6747.35,No,0,20,5943,Attitude of support person,0.3680984736251011,0,Low,0,Established High-Value,-2.5243830723632628,1.229868969070365,Standard,2187.609228753976,2187.609228753976,0.822376828056226,High,1252
1820-TQVEV,1,United States,California,Madera,93638,"37.004068, -119.930027",37.004068,-119.930027,Male,No,No,No,1,Yes,No,Fiber optic,No,No,No,No,No,No,Month-to-month,Yes,Electronic check,69.55,69.55,Yes,1,76,3042,Attitude of support person,0.7190398677972635,1,High,2,New High-Risk,-1.761417591078479,-4.324160428056125,High Risk,2187.3192778392754,2187.3192778392754,0.8222348431066306,High,1253
0975-VOOVL,1,United States,California,Agoura Hills,91301,"34.129058, -118.759788",34.129058,-118.759788,Female,No,No,No,3,No,No phone service,DSL,No,Yes,No,No,No,No,Month-to-month,No,Mailed check,29.2,98.5,No,0,48,4699,Attitude of support person,0.465385713608463,0,Medium,3,Mid-Tenure Moderate-Risk,-0.9332829944805626,-3.697578351198111,Standard,2186.8474682461674,2186.8474682461674,0.8220928581570354,High,1254
9281-OFDMF,1,United States,California,Meadow Valley,95956,"39.937017, -121.058043",39.937017,-121.058043,Male,Yes,No,No,39,Yes,Yes,Fiber optic,No,Yes,No,No,No,Yes,Month-to-month,No,Electronic check,90.7,3413.25,No,0,39,5028,Attitude of support person,0.4348790323770961,0,Medium,2,New High-Risk,-2.546525747617204,-1.0049504990132847,Standard,2186.571774792039,2186.571774792039,0.82195087320744,High,1255
7929-DMBCV,1,United States,California,Arroyo Grande,93420,"35.176236, -120.483243",35.176236,-120.483243,Female,No,Yes,No,20,Yes,No,Fiber optic,No,No,Yes,Yes,No,No,Month-to-month,Yes,Mailed check,81.0,1683.7,No,0,22,4741,Attitude of support person,0.4609554014835923,0,Medium,2,New High-Risk,-1.3199356629284198,-1.0802097138676705,Standard,2185.389558433711,2185.389558433711,0.8218088882578447,High,1256
8372-JUXUI,1,United States,California,San Bernardino,92410,"34.106922, -117.297553",34.106922,-117.297553,Male,No,No,No,1,Yes,Yes,Fiber optic,No,No,No,No,No,No,Month-to-month,Yes,Electronic check,74.35,74.35,Yes,1,93,2814,Service dissatisfaction,0.776426954351512,1,High,2,New High-Risk,-2.212601177435704,-3.749875575685367,High Risk,2184.8654495451547,2184.8654495451547,0.8216669033082493,High,1257
2960-NKRSO,1,United States,California,Mad River,95552,"40.390301, -123.412327",40.390301,-123.412327,Male,No,No,No,24,Yes,No,Fiber optic,No,Yes,Yes,Yes,No,No,Month-to-month,Yes,Electronic check,85.95,2107.15,No,0,52,5421,Attitude of support person,0.4028101140676857,0,Medium,2,New High-Risk,-1.867744116615338,-1.0188703009700977,Standard,2183.633628360924,2183.633628360924,0.8215249183586539,High,1258
6172-FECYY,1,United States,California,Antioch,94509,"37.980057, -121.801599",37.980057,-121.801599,Male,No,Yes,No,49,Yes,Yes,Fiber optic,No,No,No,No,Yes,No,Month-to-month,No,Electronic check,84.5,4254.85,Yes,1,85,4639,Competitor offered more data,0.4704046048820571,0,Medium,2,New High-Risk,-2.138743673536062,-0.6115657577500643,Standard,2182.206962047863,2182.206962047863,0.8213829334090587,High,1259
6521-YYTYI,1,United States,California,Navarro,95463,"39.182916, -123.552571",39.182916,-123.552571,Male,No,No,No,1,Yes,Yes,Fiber optic,No,No,No,No,Yes,Yes,Month-to-month,Yes,Electronic check,93.3,93.3,Yes,1,65,2578,Moved,0.84638756774662,1,High,2,New High-Risk,-2.499528695965096,-2.2053552176525555,High Risk,2181.9871496507867,2181.9871496507867,0.8212409484594633,High,1260
0822-QGCXA,1,United States,California,Los Angeles,90068,"34.137411, -118.328915",34.137411,-118.328915,Female,Yes,Yes,No,27,Yes,Yes,DSL,No,Yes,Yes,Yes,Yes,Yes,Month-to-month,No,Electronic check,83.85,2310.2,No,0,35,5907,Attitude of support person,0.3692956250557154,0,Low,0,Established High-Value,-2.175568970433672,1.860392350326784,Standard,2181.429257204111,2181.429257204111,0.821098963509868,High,1261
4349-GFQHK,1,United States,California,Mentone,92359,"34.103578, -117.04054",34.103578,-117.04054,Male,No,No,No,1,Yes,Yes,DSL,No,No,Yes,No,No,No,Month-to-month,No,Electronic check,54.35,54.35,Yes,1,87,4212,Attitude of service provider,0.5178020458293302,1,Medium,2,New High-Risk,-1.3688780488575778,-2.848840229180269,Standard,2180.982217033139,2180.982217033139,0.8209569785602726,High,1262
2462-XIIJB,1,United States,California,Miranda,95553,"40.210895, -123.86",40.210895,-123.86,Male,No,No,No,5,Yes,Yes,Fiber optic,No,No,Yes,No,Yes,No,Month-to-month,Yes,Electronic check,92.5,452.7,Yes,1,73,2810,Competitor offered more data,0.7758817653249734,1,High,2,New High-Risk,-2.428055487781178,-1.9819006758935656,High Risk,2180.2277605631753,2180.2277605631753,0.8208149936106772,High,1263
5399-ZIMKF,1,United States,California,San Simeon,93452,"35.746484, -121.223355",35.746484,-121.223355,Male,No,No,No,5,Yes,No,Fiber optic,No,Yes,No,No,No,No,Month-to-month,Yes,Electronic check,74.65,383.65,No,0,34,3319,Attitude of support person,0.6566817608032733,1,Medium,2,New High-Risk,-1.800672870415422,-3.445779595230181,Standard,2179.526764106064,2179.526764106064,0.820673008661082,High,1264
6178-KFNHS,1,United States,California,Hughson,95326,"37.5923, -120.853288",37.5923,-120.853288,Female,No,No,No,12,Yes,Yes,Fiber optic,Yes,No,No,No,No,No,Month-to-month,Yes,Electronic check,78.3,909.25,Yes,1,98,3545,Competitor offered higher download speeds,0.6147614752784902,1,Medium,2,New High-Risk,-2.164027867752036,-2.6965158730562586,Standard,2179.3294298622477,2179.3294298622477,0.8205310237114866,High,1265
1047-NNCBF,1,United States,California,San Jose,95123,"37.238758, -121.828375",37.238758,-121.828375,Male,No,No,No,20,Yes,No,Fiber optic,No,No,No,No,No,No,Month-to-month,No,Credit card (automatic),70.55,1493.55,No,0,59,5790,Attitude of support person,0.3762374265967251,0,Low,2,New High-Risk,-1.152193822657793,-2.967391930681792,Standard,2178.4146999950385,2178.4146999950385,0.8203890387618913,High,1266
8382-SHQEH,1,United States,California,Rancho Cucamonga,91739,"34.133809, -117.523724",34.133809,-117.523724,Female,No,Yes,No,8,Yes,Yes,Fiber optic,No,No,No,No,No,Yes,Month-to-month,Yes,Electronic check,84.9,764.95,Yes,1,85,2656,Long distance charges,0.8199888998092456,1,High,2,New High-Risk,-2.408726964814755,-1.957145154345605,High Risk,2177.8905178933564,2177.8905178933564,0.8202470538122959,High,1267
7284-BUYEC,1,United States,California,Tulelake,96134,"41.813521, -121.492666",41.813521,-121.492666,Female,No,No,No,5,No,No phone service,DSL,No,Yes,No,No,Yes,Yes,Month-to-month,Yes,Credit card (automatic),50.95,229.4,No,0,69,3573,Attitude of support person,0.6095197453955067,1,Medium,3,Mid-Tenure Moderate-Risk,-2.0221341527184524,-1.814728287610096,Standard,2177.8140502981455,2177.8140502981455,0.8201050688627005,High,1268
0015-UOCOJ,1,United States,California,Simi Valley,93063,"34.296813, -118.685703",34.296813,-118.685703,Female,Yes,No,No,7,Yes,No,DSL,Yes,No,No,No,No,No,Month-to-month,Yes,Electronic check,48.2,340.35,No,0,34,5525,Attitude of support person,0.3940243548110078,0,Low,2,New High-Risk,-1.7490563026457455,-3.487922078821791,Standard,2176.984560330818,2176.984560330818,0.8199630839131052,High,1269
3005-TYFRD,1,United States,California,Tollhouse,93667,"36.993666, -119.348267",36.993666,-119.348267,Female,No,Yes,No,55,Yes,Yes,Fiber optic,No,Yes,Yes,No,Yes,Yes,Month-to-month,Yes,Credit card (automatic),103.65,5676.65,No,0,46,4768,Attitude of support person,0.4562815601121148,0,Medium,0,Established High-Value,-2.678728521591254,2.5336903182873813,Standard,2175.5504786145634,2175.5504786145634,0.8198210989635099,High,1270
9494-MRNYX,1,United States,California,Meadow Valley,95956,"39.937017, -121.058043",39.937017,-121.058043,Male,No,No,No,10,Yes,Yes,Fiber optic,No,No,No,No,No,No,Month-to-month,No,Electronic check,75.05,786.3,No,0,23,3399,Attitude of support person,0.6395580021631887,1,Medium,2,New High-Risk,-1.7653298990375494,-3.405627675618085,Standard,2173.8576493526784,2173.8576493526784,0.8196791140139146,High,1271
9667-TKTVZ,1,United States,California,Los Osos,93402,"35.279984, -120.824288",35.279984,-120.824288,Female,No,No,No,2,Yes,Yes,DSL,No,No,No,Yes,No,No,Month-to-month,Yes,Mailed check,54.35,117.05,No,0,71,4916,Attitude of support person,0.44207646266173,0,Medium,2,New High-Risk,-1.273639689034532,-2.792879835893275,Standard,2173.2478904450645,2173.2478904450645,0.8195371290643192,High,1272
1273-MTETI,1,United States,California,Rancho Cucamonga,91737,"34.245289, -117.642503",34.245289,-117.642503,Female,Yes,No,No,4,Yes,Yes,Fiber optic,No,No,Yes,No,No,Yes,Month-to-month,Yes,Electronic check,88.85,372.45,Yes,1,74,2754,Don't know,0.7890934263591051,1,High,2,New High-Risk,-2.8266681634428186,-2.1403810157753216,High Risk,2173.1632961929754,2173.1632961929754,0.8193951441147238,High,1273
5043-TRZWM,1,United States,California,Los Angeles,90022,"34.02381, -118.156582",34.02381,-118.156582,Female,No,No,No,1,Yes,No,Fiber optic,No,No,Yes,No,No,No,Month-to-month,No,Electronic check,75.55,75.55,No,0,34,3503,Attitude of support person,0.6202845605646736,1,Medium,2,New High-Risk,-1.2888318744613267,-3.3578698448047546,Standard,2172.856815658052,2172.856815658052,0.8192531591651285,High,1274
0475-RIJEP,1,United States,California,Pinecrest,95364,"38.224869, -119.755729",38.224869,-119.755729,Male,No,No,No,43,Yes,Yes,Fiber optic,No,Yes,No,No,No,No,Month-to-month,Yes,Electronic check,77.85,3365.85,Yes,1,100,5107,Lack of affordable download/upload speed,0.4253063604069932,0,Medium,2,New High-Risk,-2.448641389879089,-1.6782045702043549,Standard,2172.0395825985142,2172.0395825985142,0.8191111742155331,High,1275
7869-ZYDST,1,United States,California,Hyampom,96046,"40.648024, -123.465088",40.648024,-123.465088,Male,No,Yes,No,31,Yes,Yes,DSL,No,No,No,No,Yes,No,Month-to-month,Yes,Credit card (automatic),59.05,1882.8,No,0,59,5841,Attitude of support person,0.3717635229849267,0,Low,2,New High-Risk,-1.9063925480154973,-0.7658574712951451,Standard,2171.470737754957,2171.470737754957,0.8189691892659378,High,1276
2311-QYMUQ,1,United States,California,San Joaquin,93660,"36.600193, -120.153393",36.600193,-120.153393,Female,No,Yes,No,16,Yes,No,Fiber optic,No,Yes,Yes,No,Yes,No,Month-to-month,Yes,Credit card (automatic),89.45,1430.25,Yes,1,73,3696,Attitude of support person,0.5872905564575824,1,Medium,2,New High-Risk,-1.807193244202182,-0.1313823235158618,Standard,2170.625896667225,2170.625896667225,0.8188272043163425,High,1277
6101-IMRMM,1,United States,California,El Segundo,90245,"33.917145, -118.401554",33.917145,-118.401554,Male,No,No,No,6,Yes,No,Fiber optic,No,No,Yes,No,Yes,Yes,Month-to-month,No,Mailed check,94.5,575.45,Yes,1,100,3469,Network reliability,0.6254995962202057,1,Medium,2,New High-Risk,-1.1076877796562916,-1.5930099640611457,Standard,2169.8580992878933,2169.8580992878933,0.8186852193667471,High,1278
2665-NPTGL,1,United States,California,Sheep Ranch,95250,"38.244806, -120.417301",38.244806,-120.417301,Female,Yes,Yes,No,26,Yes,Yes,Fiber optic,No,No,Yes,No,Yes,Yes,Month-to-month,Yes,Bank transfer (automatic),98.1,2510.7,No,0,38,3114,Attitude of support person,0.696130483151445,1,Medium,0,Established High-Value,-2.883388092779935,0.6091181646195277,Standard,2167.7503245335997,2167.7503245335997,0.8185432344171518,High,1279
5671-UUNXD,1,United States,California,Nicasio,94946,"38.065359, -122.665566",38.065359,-122.665566,Female,Yes,Yes,No,50,Yes,Yes,Fiber optic,No,No,No,Yes,Yes,Yes,One year,Yes,Electronic check,100.65,5189.75,No,0,40,5791,Attitude of support person,0.3742473205799709,0,Low,0,Established High-Value,-3.0237736848668644,1.928719348393344,Standard,2167.2662334786114,2167.2662334786114,0.8184012494675564,High,1280
6377-WHAOX,1,United States,California,Gualala,95445,"38.848082, -123.50608",38.848082,-123.50608,Female,No,Yes,No,60,Yes,Yes,Fiber optic,No,Yes,Yes,No,Yes,Yes,Month-to-month,Yes,Electronic check,106.15,6411.25,No,0,32,4115,Attitude of support person,0.5266103206436077,1,Medium,0,Established High-Value,-2.965664303560726,2.137911516614093,Standard,2167.0014694484457,2167.0014694484457,0.818259264517961,High,1281
1471-GIQKQ,1,United States,California,Niland,92257,"33.345825, -115.596574",33.345825,-115.596574,Female,No,No,No,1,Yes,No,DSL,No,Yes,No,No,No,No,Month-to-month,No,Electronic check,49.95,49.95,No,0,32,5230,Attitude of support person,0.4142947213723358,0,Medium,2,New High-Risk,-0.922438461968121,-3.4367269832890264,Standard,2166.7613927773164,2166.7613927773164,0.8181172795683658,High,1282
6394-MFYNG,1,United States,California,Solana Beach,92075,"33.001813, -117.263628",33.001813,-117.263628,Female,No,No,No,48,Yes,Yes,Fiber optic,No,Yes,Yes,No,Yes,Yes,Month-to-month,Yes,Bank transfer (automatic),107.4,5121.3,Yes,1,89,4956,Attitude of support person,0.4370750711060565,0,Medium,0,Established High-Value,-2.6793438040385973,1.5684448484976077,Standard,2166.1440524016157,2166.1440524016157,0.8179752946187704,High,1283
3565-UNOCC,1,United States,California,Stockton,95209,"38.044523, -121.348048",38.044523,-121.348048,Female,Yes,Yes,No,29,Yes,Yes,Fiber optic,No,No,Yes,No,Yes,Yes,Month-to-month,Yes,Bank transfer (automatic),99.05,2952.85,Yes,1,82,3179,Competitor offered higher download speeds,0.6809392693293055,1,Medium,0,Established High-Value,-2.9183908119592847,0.7256540953104786,Standard,2164.705937197862,2164.705937197862,0.8178333096691751,High,1284
4482-EWFMI,1,United States,California,Arcadia,91006,"34.137319, -118.029837",34.137319,-118.029837,Female,No,No,No,2,Yes,No,Fiber optic,No,No,No,No,No,No,Month-to-month,Yes,Electronic check,69.7,135.2,No,0,43,3056,Attitude of support person,0.708341247172035,1,High,2,New High-Risk,-1.7671821598862796,-4.298704869469593,High Risk,2164.6908513577387,2164.6908513577387,0.8176913247195797,High,1285
4911-BANWH,1,United States,California,Sunland,91040,"34.282704, -118.312929",34.282704,-118.312929,Female,No,No,No,31,Yes,Yes,Fiber optic,No,No,No,No,Yes,No,Month-to-month,Yes,Credit card (automatic),86.55,2697.4,Yes,1,74,4198,Attitude of support person,0.515112807987636,1,Medium,2,New High-Risk,-2.329356195971851,-1.4976580253730138,Standard,2162.443567932096,2162.443567932096,0.8175493397699843,High,1286
3799-ISUZQ,1,United States,California,California Hot Springs,93207,"35.865795, -118.69759",35.865795,-118.69759,Male,No,Yes,No,7,Yes,No,Fiber optic,No,No,No,No,No,No,Month-to-month,Yes,Bank transfer (automatic),69.95,529.5,Yes,1,90,3296,Poor expertise of online support,0.6554737594493757,1,Medium,2,New High-Risk,-1.574325738158504,-2.8262934836245064,Standard,2160.441511145142,2160.441511145142,0.8174073548203891,High,1287
8993-IZEUX,1,United States,California,Adin,96006,"41.171578, -120.913161",41.171578,-120.913161,Male,No,No,No,7,Yes,No,Fiber optic,No,No,No,No,No,No,Month-to-month,No,Bank transfer (automatic),69.15,488.65,No,0,20,4320,Attitude of support person,0.4998082011704881,0,Medium,2,New High-Risk,-1.0696592328545125,-3.488351062907128,Standard,2159.1714290565087,2159.1714290565087,0.8172653698707937,High,1288
5989-PGKJB,1,United States,California,San Diego,92121,"32.898613, -117.202937",32.898613,-117.202937,Female,No,No,No,16,Yes,No,Fiber optic,No,Yes,No,No,No,Yes,Month-to-month,Yes,Electronic check,86.25,1340.1,No,0,65,3511,Attitude of support person,0.614620595348309,1,Medium,2,New High-Risk,-2.0264967938237595,-2.336886873002538,Standard,2157.932910267913,2157.932910267913,0.8171233849211984,High,1289
6235-VDHOM,1,United States,California,Riverside,92509,"34.004379, -117.447864",34.004379,-117.447864,Female,Yes,No,No,5,No,No phone service,DSL,No,Yes,No,No,No,No,Month-to-month,No,Electronic check,28.45,131.05,Yes,1,89,4099,Limited range of services,0.5259210953562343,1,Medium,3,Mid-Tenure Moderate-Risk,-1.8571668982831504,-3.9183257655829458,Standard,2155.7505698652044,2155.7505698652044,0.816981399971603,High,1290
5949-XIKAE,1,United States,California,San Bernardino,92401,"34.105935, -117.2914",34.105935,-117.2914,Female,No,Yes,No,8,Yes,No,Fiber optic,No,Yes,No,No,Yes,No,Month-to-month,Yes,Electronic check,83.55,680.05,Yes,1,65,2879,Product dissatisfaction,0.748025480332939,1,High,2,New High-Risk,-1.953160711032296,-1.812196540248064,High Risk,2153.5653578785314,2153.5653578785314,0.8166974300724124,High,1292
5275-SQEIZ,1,United States,California,Ojai,93023,"34.581308, -118.931948",34.581308,-118.931948,Male,No,No,No,1,Yes,No,Fiber optic,No,No,No,No,No,Yes,Month-to-month,Yes,Mailed check,80.85,80.85,Yes,1,77,3096,Competitor had better devices,0.6952317811504648,1,Medium,2,New High-Risk,-1.4223247621013395,-3.4611618639891626,Standard,2152.437594441839,2152.437594441839,0.816555445122817,High,1293
7365-BVCJH,1,United States,California,Trinity Center,96091,"41.081847, -122.700545",41.081847,-122.700545,Male,No,No,No,1,No,No phone service,DSL,No,No,No,No,No,No,Month-to-month,Yes,Electronic check,24.4,24.4,No,0,66,3145,Attitude of support person,0.6843442936898396,1,Medium,3,Mid-Tenure Moderate-Risk,-1.906735222740072,-4.776522998003315,Standard,2152.2628036545457,2152.2628036545457,0.8164134601732216,High,1294
1427-VERSM,1,United States,California,Shasta,96087,"40.617614, -122.512861",40.617614,-122.512861,Female,No,Yes,No,56,Yes,No,Fiber optic,No,No,Yes,Yes,Yes,Yes,Month-to-month,Yes,Electronic check,98.7,5669.5,No,0,44,5141,Attitude of support person,0.418435455248324,0,Medium,0,Established High-Value,-2.3504371236541552,1.5384470334111455,Standard,2151.1766754316336,2151.1766754316336,0.8162714752236263,High,1295
5442-BHQNG,1,United States,California,Brooks,95606,"38.809804, -122.241383",38.809804,-122.241383,Female,No,No,No,2,Yes,No,Fiber optic,No,No,No,No,No,No,Month-to-month,No,Electronic check,70.35,139.25,No,0,73,3430,Attitude of support person,0.627037152251466,1,Medium,2,New High-Risk,-1.2714644265094108,-4.205263684637751,Standard,2150.7374322225282,2150.7374322225282,0.8161294902740309,High,1296
6038-GCYEC,1,United States,California,Palm Desert,92211,"33.762759, -116.324817",33.762759,-116.324817,Female,No,No,No,24,No,No phone service,DSL,No,Yes,Yes,No,Yes,Yes,Month-to-month,Yes,Credit card (automatic),54.15,1240.25,Yes,1,95,5153,Competitor had better devices,0.417202305249624,0,Medium,3,Mid-Tenure Moderate-Risk,-2.109520503077656,-0.3576086680316553,Standard,2149.8434789513126,2149.8434789513126,0.8159875053244356,High,1297
2608-BHKFN,1,United States,California,Berkeley,94703,"37.863843, -122.275684",37.863843,-122.275684,Female,No,No,No,4,Yes,No,Fiber optic,No,No,No,No,No,No,Month-to-month,Yes,Credit card (automatic),70.05,266.9,Yes,1,89,3600,Price too high,0.5969746823152994,1,Medium,2,New High-Risk,-1.5561619320105085,-3.685126830660476,Standard,2149.1088563350777,2149.1088563350777,0.8158455203748403,High,1298
8266-VBFQL,1,United States,California,Jamul,91935,"32.695681, -116.798386",32.695681,-116.798386,Male,No,No,No,4,Yes,No,Fiber optic,No,No,Yes,Yes,No,Yes,Month-to-month,Yes,Electronic check,90.4,356.65,No,0,35,3314,Attitude of support person,0.6483294488741042,1,Medium,2,New High-Risk,-1.8696500555364857,-1.76570563055332,Standard,2148.563793568781,2148.563793568781,0.8157035354252449,High,1299
6400-BWQKW,1,United States,California,San Mateo,94402,"37.556634, -122.317723",37.556634,-122.317723,Female,No,No,No,6,Yes,Yes,Fiber optic,Yes,No,No,No,No,No,Month-to-month,Yes,Electronic check,79.05,434.5,Yes,1,99,3263,Network reliability,0.658411518916131,1,Medium,2,New High-Risk,-2.13694182587836,-2.8786906420817844,Standard,2148.3967862233358,2148.3967862233358,0.8155615504756496,High,1300
0231-LXVAP,1,United States,California,Tipton,93272,"36.047414, -119.344304",36.047414,-119.344304,Male,No,No,No,1,Yes,No,Fiber optic,No,No,No,Yes,No,No,Month-to-month,Yes,Electronic check,75.9,75.9,Yes,1,66,3389,Attitude of support person,0.6338709789819152,1,Medium,2,New High-Risk,-1.686880961780604,-3.485411346624512,Standard,2148.188747769711,2148.188747769711,0.8154195655260542,High,1301
6350-XFYGW,1,United States,California,Ferndale,95536,"40.4785, -124.301372",40.4785,-124.301372,Male,Yes,No,No,4,Yes,No,Fiber optic,No,No,Yes,No,Yes,Yes,Month-to-month,Yes,Electronic check,94.75,422.4,No,0,44,2757,Attitude of support person,0.7790395672005007,1,High,2,New High-Risk,-2.5289069673673086,-1.9465539357503443,High Risk,2147.8120867717803,2147.8120867717803,0.8152775805764589,High,1302
3106-ULWFW,1,United States,California,Fontana,92337,"34.049671, -117.468896",34.049671,-117.468896,Female,No,Yes,No,8,Yes,Yes,Fiber optic,No,No,No,No,No,Yes,Month-to-month,Yes,Credit card (automatic),85.2,627.4,Yes,1,95,2887,Attitude of service provider,0.7436524688997969,1,High,2,New High-Risk,-2.178689916338291,-1.4495341979235454,High Risk,2146.9246777137137,2146.9246777137137,0.8151355956268636,High,1303
3703-VAVCL,1,United States,California,Strawberry Valley,95981,"39.58458, -121.093256",39.58458,-121.093256,Male,No,Yes,No,2,Yes,No,Fiber optic,No,No,Yes,Yes,No,Yes,Month-to-month,No,Credit card (automatic),90.0,190.05,Yes,1,99,3902,Competitor made better offer,0.5498788277980916,1,Medium,2,New High-Risk,-1.1285158941309903,-0.379072254419354,Standard,2145.6271860681536,2145.6271860681536,0.8149936106772682,High,1304
3452-ABWRL,1,United States,California,San Jose,95132,"37.424655, -121.74841",37.424655,-121.74841,Male,Yes,No,No,47,Yes,Yes,Fiber optic,No,No,No,No,Yes,No,Month-to-month,Yes,Credit card (automatic),86.05,3865.6,No,0,69,5527,Attitude of support person,0.3880996262557699,0,Low,2,New High-Risk,-2.8423090819887737,-1.0597058680441944,Standard,2145.02663431564,2145.02663431564,0.8148516257276729,High,1305
7422-WNBTY,1,United States,California,Green Valley Lake,92341,"34.244411, -117.072654",34.244411,-117.072654,Male,No,Yes,No,33,Yes,Yes,Fiber optic,No,Yes,Yes,No,No,Yes,Month-to-month,Yes,Electronic check,93.35,3092.0,No,0,40,3348,Attitude of support person,0.640378620382394,1,Medium,2,New High-Risk,-2.5858718036296704,0.3999048637564003,Standard,2143.9876210402554,2143.9876210402554,0.8147096407780775,High,1306
1357-BIJKI,1,United States,California,Mission Viejo,92691,"33.611945, -117.665867",33.611945,-117.665867,Male,No,Yes,No,50,Yes,Yes,Fiber optic,No,Yes,No,No,Yes,Yes,One year,Yes,Electronic check,98.25,4858.7,No,0,62,5154,Attitude of support person,0.4156664569363781,0,Medium,0,Established High-Value,-2.655697952238864,1.85953695778468,Standard,2142.344919050093,2142.344919050093,0.8145676558284822,High,1307
0578-SKVMF,1,United States,California,Seeley,92273,"32.790282, -115.689559",32.790282,-115.689559,Female,No,Yes,No,22,Yes,No,Fiber optic,No,Yes,No,No,No,Yes,Month-to-month,No,Electronic check,83.3,1845.9,Yes,1,88,3804,Lack of self-service on Website,0.5630575396328743,1,Medium,2,New High-Risk,-1.5331324908104664,-1.2909825196283269,Standard,2141.870880763454,2141.870880763454,0.8144256708788868,High,1308
7537-RBWEA,1,United States,California,Petrolia,95558,"40.274302, -124.210902",40.274302,-124.210902,Female,No,No,No,1,No,No phone service,DSL,No,No,No,No,No,No,Month-to-month,Yes,Mailed check,25.15,25.15,No,0,45,3513,Attitude of support person,0.6092740640582763,1,Medium,3,Mid-Tenure Moderate-Risk,-1.4150798922437555,-4.668112974431929,Standard,2140.379787036725,2140.379787036725,0.8142836859292915,High,1309
0322-YINQP,1,United States,California,Covina,91723,"34.084747, -117.886844",34.084747,-117.886844,Male,No,No,No,1,Yes,No,DSL,Yes,No,No,No,No,No,Month-to-month,Yes,Mailed check,48.55,48.55,Yes,1,77,5687,Lack of self-service on Website,0.3761334937009947,0,Low,2,New High-Risk,-0.8013826072722309,-3.416558756680017,Standard,2139.071178677557,2139.071178677557,0.8141417009796962,High,1310
6726-WEXXK,1,United States,California,Fields Landing,95537,"40.726949, -124.217378",40.726949,-124.217378,Male,Yes,Yes,No,27,Yes,Yes,Fiber optic,Yes,No,Yes,No,No,No,One year,Yes,Electronic check,85.9,2220.1,No,0,63,5755,Attitude of support person,0.3713838389910019,0,Low,0,Established High-Value,-2.5537537416023293,0.3797665733883045,Standard,2137.313993393216,2137.313993393216,0.8139997160301008,High,1311
8020-BWHYL,1,United States,California,Montrose,91020,"34.2112, -118.230625",34.2112,-118.230625,Female,Yes,No,No,15,Yes,No,Fiber optic,No,Yes,No,No,No,No,Month-to-month,Yes,Credit card (automatic),75.3,1147.45,Yes,1,99,4526,Competitor offered more data,0.472107709053002,0,Medium,2,New High-Risk,-2.06831361618513,-2.6613916343412787,Standard,2136.759491173887,2136.759491173887,0.8138577310805055,High,1312
0439-IFYUN,1,United States,California,Westley,95387,"37.546007, -121.28257",37.546007,-121.28257,Female,Yes,No,No,18,Yes,No,Fiber optic,No,Yes,No,No,No,No,Month-to-month,Yes,Electronic check,74.7,1294.6,No,0,62,3896,Attitude of support person,0.5481525150573763,1,Medium,2,New High-Risk,-2.29635425666294,-3.179241619581941,Standard,2135.602198663538,2135.602198663538,0.8137157461309101,High,1313
4652-NNHNY,1,United States,California,Fellows,93224,"35.215731, -119.57013",35.215731,-119.57013,Male,No,Yes,No,16,Yes,Yes,Fiber optic,No,No,No,No,No,No,Month-to-month,Yes,Bank transfer (automatic),73.85,1284.2,Yes,1,77,3226,Don't know,0.6614678863192262,1,Medium,2,New High-Risk,-2.068281661095836,-2.00629623204412,Standard,2133.8954012658237,2133.8954012658237,0.8135737611813147,High,1314
8621-MNIHH,1,United States,California,Madison,95653,"38.674276, -121.961866",38.674276,-121.961866,Female,Yes,Yes,No,34,Yes,Yes,Fiber optic,No,Yes,Yes,No,No,Yes,Month-to-month,Yes,Electronic check,94.25,3217.55,Yes,1,88,3369,Competitor offered higher download speeds,0.633360885425777,1,Medium,2,New High-Risk,-3.0312633419187445,0.3235803622627274,Standard,2133.7928229994427,2133.7928229994427,0.8134317762317195,High,1315
4526-ZJJTM,1,United States,California,San Mateo,94403,"37.538309, -122.305109",37.538309,-122.305109,Female,Yes,Yes,No,25,Yes,No,Fiber optic,No,Yes,Yes,No,No,Yes,Month-to-month,No,Bank transfer (automatic),88.4,2191.15,No,0,51,4849,Attitude of support person,0.4399095396048777,0,Medium,2,New High-Risk,-1.7907721603089253,0.1690617237641417,Standard,2133.121357544052,2133.121357544052,0.8132897912821241,High,1316
6229-LSCKB,1,United States,California,Encino,91436,"34.152875, -118.486056",34.152875,-118.486056,Male,Yes,No,No,6,Yes,No,Fiber optic,No,No,No,No,Yes,No,Month-to-month,Yes,Electronic check,79.7,497.6,No,0,44,2893,Attitude of support person,0.7368747243991601,1,High,2,New High-Risk,-2.3659726111719213,-3.5420592469005023,High Risk,2131.7785776867704,2131.7785776867704,0.8131478063325287,High,1317
5729-KLZAR,1,United States,California,Sacramento,95817,"38.550722, -121.457314",38.550722,-121.457314,Female,No,Yes,No,4,Yes,No,Fiber optic,No,No,No,No,No,Yes,Month-to-month,No,Electronic check,80.85,302.75,Yes,1,73,2961,Competitor had better devices,0.7198036371429735,1,High,2,New High-Risk,-1.4318288841967162,-2.59588001916385,High Risk,2131.3385695803445,2131.3385695803445,0.8130058213829334,High,1318
9681-KYGYB,1,United States,California,Kelseyville,95451,"38.93496, -122.792243",38.93496,-122.792243,Male,Yes,Yes,No,49,Yes,Yes,Fiber optic,Yes,Yes,Yes,No,No,No,Month-to-month,Yes,Electronic check,88.2,4159.45,No,0,24,5987,Attitude of support person,0.3559351158196749,0,Low,0,Established High-Value,-2.854805444551885,0.8976286657717263,Standard,2130.9835384123935,2130.9835384123935,0.812863836433338,High,1319
1724-BQUHA,1,United States,California,Los Gatos,95032,"37.233034, -121.947427",37.233034,-121.947427,Male,Yes,No,No,5,Yes,No,Fiber optic,No,No,No,No,Yes,Yes,Month-to-month,Yes,Electronic check,89.5,477.7,Yes,1,66,2718,Attitude of support person,0.7837762039838918,1,High,2,New High-Risk,-2.510898396012127,-2.791015255304288,High Risk,2130.303722428218,2130.303722428218,0.8127218514837428,High,1320
9167-APMXZ,1,United States,California,Long Beach,90810,"33.819814, -118.222416",33.819814,-118.222416,Female,No,No,No,22,Yes,Yes,Fiber optic,No,No,No,No,Yes,No,Month-to-month,Yes,Bank transfer (automatic),84.15,1821.95,No,0,32,3549,Attitude of support person,0.600136311730795,1,Medium,2,New High-Risk,-2.254716416277056,-1.8449958225321643,Standard,2129.883770332591,2129.883770332591,0.8125798665341474,High,1321
2037-SGXHH,1,United States,California,Campo Seco,95226,"38.233879, -120.861666",38.233879,-120.861666,Male,No,Yes,No,38,Yes,Yes,Fiber optic,No,Yes,Yes,No,Yes,No,Month-to-month,Yes,Electronic check,94.65,3624.3,Yes,1,71,3498,Don't know,0.608758880415201,1,Medium,0,Established High-Value,-2.627536335740159,0.564153406797987,Standard,2129.438563692373,2129.438563692373,0.812437881584552,High,1322
6646-JPPHA,1,United States,California,Fullerton,92832,"33.868316, -117.929029",33.868316,-117.929029,Female,Yes,No,No,14,Yes,No,Fiber optic,Yes,Yes,No,No,No,No,Month-to-month,No,Electronic check,78.85,1043.8,No,0,44,5327,Attitude of support person,0.3997332595507622,0,Low,2,New High-Risk,-1.677821919174869,-2.3524385583132363,Standard,2129.37907362691,2129.37907362691,0.8122958966349567,High,1323
6133-OZILE,1,United States,California,Santa Monica,90403,"34.031529, -118.491156",34.031529,-118.491156,Female,No,No,No,18,No,No phone service,DSL,No,No,Yes,Yes,No,No,Month-to-month,Yes,Electronic check,35.2,607.3,No,0,32,5381,Attitude of support person,0.3953284810483507,0,Low,3,Mid-Tenure Moderate-Risk,-1.9060270187449544,-2.524588989620735,Standard,2127.262556521175,2127.262556521175,0.8121539116853613,High,1324
3751-KTZEL,1,United States,California,Yorkville,95494,"38.888351, -123.239647",38.888351,-123.239647,Female,No,No,No,1,No,No phone service,DSL,No,No,No,No,No,Yes,Month-to-month,No,Mailed check,35.05,35.05,Yes,1,89,3706,Competitor offered higher download speeds,0.5739947877142577,1,Medium,3,Mid-Tenure Moderate-Risk,-1.0620868286098766,-3.809587008770197,Standard,2127.224683269039,2127.224683269039,0.812011926735766,High,1325
3503-TYDAY,1,United States,California,Keene,93531,"35.214982, -118.59049",35.214982,-118.59049,Female,No,Yes,No,43,Yes,Yes,Fiber optic,No,Yes,No,No,No,No,Month-to-month,No,Electronic check,80.45,3398.9,No,0,35,5357,Attitude of support person,0.3970291302739475,0,Low,2,New High-Risk,-1.968494169626564,-0.761879529036763,Standard,2126.8850508775367,2126.8850508775367,0.8118699417861707,High,1326
7339-POGZN,1,United States,California,Pasadena,91107,"34.159007, -118.087353",34.159007,-118.087353,Female,No,No,No,4,Yes,Yes,DSL,No,No,No,No,No,No,Month-to-month,No,Electronic check,50.7,214.55,No,0,60,4288,Attitude of support person,0.4950356386253099,0,Medium,2,New High-Risk,-1.3719741171484257,-3.629134031653848,Standard,2122.712818425329,2122.712818425329,0.8117279568365753,High,1327
0324-BRPCJ,1,United States,California,Palmdale,93591,"34.598221, -117.79593",34.598221,-117.79593,Female,Yes,Yes,No,68,Yes,Yes,Fiber optic,No,Yes,No,No,Yes,Yes,Month-to-month,Yes,Electronic check,100.2,6851.65,Yes,1,70,4481,Competitor offered more data,0.4736818409269741,0,Medium,0,Established High-Value,-3.402091097750129,1.377842908206669,Standard,2122.5683291937708,2122.5683291937708,0.81158597188698,High,1328
5568-DMXZS,1,United States,California,San Diego,92124,"32.827238, -117.089287",32.827238,-117.089287,Female,No,No,No,8,Yes,No,DSL,No,Yes,No,Yes,Yes,No,Month-to-month,Yes,Electronic check,65.45,554.45,No,0,80,5227,Attitude of support person,0.4060507175676536,0,Medium,2,New High-Risk,-1.5220378148728413,-1.736307962078912,Standard,2122.4271007261254,2122.4271007261254,0.8114439869373846,High,1329
6861-XWTWQ,1,United States,California,Napa,94559,"38.232389, -122.324944",38.232389,-122.324944,Male,Yes,Yes,No,7,Yes,Yes,Fiber optic,No,No,Yes,No,Yes,Yes,Month-to-month,Yes,Electronic check,99.25,665.45,Yes,1,90,2487,Lack of self-service on Website,0.8532175308557394,1,High,2,New High-Risk,-2.9921784716200164,-0.478339651031206,High Risk,2121.951999238224,2121.951999238224,0.8113020019877893,High,1330
7481-ATQQS,1,United States,California,Boulder Creek,95006,"37.171727, -122.142961",37.171727,-122.142961,Female,Yes,No,No,49,Yes,Yes,Fiber optic,No,No,Yes,No,No,Yes,Month-to-month,Yes,Credit card (automatic),90.85,4515.85,Yes,1,70,5651,Competitor offered higher download speeds,0.3753362867062207,0,Low,2,New High-Risk,-2.9021048692368114,-0.0600538270995499,Standard,2121.025356176853,2121.025356176853,0.811160017038194,High,1331
4154-AQUGT,1,United States,California,Vina,96092,"39.955164, -122.018567",39.955164,-122.018567,Male,Yes,Yes,No,13,Yes,No,Fiber optic,No,Yes,No,Yes,No,Yes,Month-to-month,Yes,Bank transfer (automatic),89.05,1169.35,Yes,1,82,3861,Competitor made better offer,0.5493432078542991,1,Medium,2,New High-Risk,-2.118936437631199,-0.378329020832569,Standard,2121.014125525449,2121.014125525449,0.8110180320885986,High,1332
2691-NZETQ,1,United States,California,San Jose,95130,"37.277592, -121.986477",37.277592,-121.986477,Male,No,No,No,9,Yes,Yes,Fiber optic,No,No,No,No,Yes,No,Month-to-month,Yes,Electronic check,85.35,758.6,Yes,1,89,2752,Competitor offered higher download speeds,0.7691227368880093,1,High,2,New High-Risk,-2.4109946316456967,-2.760779324616988,High Risk,2116.6257719158016,2116.6257719158016,0.8108760471390033,High,1333
6786-OBWQR,1,United States,California,Nipomo,93444,"35.050345, -120.489599",35.050345,-120.489599,Female,No,Yes,Yes,5,Yes,No,Fiber optic,No,No,No,No,Yes,No,Month-to-month,Yes,Electronic check,80.85,356.1,No,0,69,5109,Attitude of support person,0.4142491190125651,0,Medium,2,New High-Risk,-1.6295668234689449,-1.83079649523151,Standard,2116.398749035195,2116.398749035195,0.8107340621894079,High,1334
1478-VPOAD,1,United States,California,Calpine,96124,"39.672813, -120.456699",39.672813,-120.456699,Female,No,No,No,1,Yes,No,DSL,No,No,No,No,No,No,Month-to-month,No,Electronic check,43.8,43.8,No,0,31,4633,Attitude of support person,0.4566692798687791,0,Medium,2,New High-Risk,-0.8929859631243156,-4.262449096476895,Standard,2115.7487736320536,2115.7487736320536,0.8105920772398125,High,1335
3589-PPVKW,1,United States,California,Pomona,91766,"34.042286, -117.756106",34.042286,-117.756106,Male,No,No,No,9,Yes,No,DSL,No,No,No,No,No,No,Month-to-month,Yes,Mailed check,44.4,348.15,No,0,31,5457,Attitude of support person,0.3874874229618469,0,Low,2,New High-Risk,-0.9302718415772026,-3.9860264945318056,Standard,2114.5188671027986,2114.5188671027986,0.8104500922902172,High,1336
9717-QEBGU,1,United States,California,Leggett,95585,"39.873371, -123.741474",39.873371,-123.741474,Male,No,No,No,2,Yes,No,Fiber optic,No,No,No,No,No,No,Month-to-month,Yes,Electronic check,70.3,144.0,No,0,37,2980,Attitude of support person,0.7094424733517988,1,High,2,New High-Risk,-1.771992091351616,-4.304476380331004,High Risk,2114.1385705883604,2114.1385705883604,0.8103081073406219,High,1337
6317-YPKDH,1,United States,California,Glendale,91202,"34.167926, -118.267539",34.167926,-118.267539,Female,No,No,No,1,No,No phone service,DSL,No,Yes,No,No,No,No,Month-to-month,No,Bank transfer (automatic),29.95,29.95,Yes,1,95,4534,Long distance charges,0.4661470686164067,0,Medium,3,Mid-Tenure Moderate-Risk,-1.2113913305142423,-3.319746470339203,Standard,2113.510809106788,2113.510809106788,0.8101661223910266,High,1338
6900-PXRMS,1,United States,California,Spring Valley,91978,"32.730264, -116.950963",32.730264,-116.950963,Male,Yes,Yes,No,26,Yes,Yes,Fiber optic,No,Yes,Yes,No,Yes,Yes,Month-to-month,No,Electronic check,105.75,2710.25,Yes,1,100,3157,Product dissatisfaction,0.6694055293886274,1,Medium,0,Established High-Value,-2.6498075759605992,0.9498542290145912,Standard,2113.313256279897,2113.313256279897,0.8100241374414312,High,1339
7963-GQRMY,1,United States,California,Los Angeles,90004,"34.076259, -118.310715",34.076259,-118.310715,Female,No,Yes,No,3,Yes,No,DSL,No,No,No,No,No,No,Month-to-month,No,Mailed check,44.3,134.5,Yes,1,88,4903,Extra data charges,0.430963401105092,0,Medium,2,New High-Risk,-0.4044229960351145,-3.301827792918532,Standard,2113.0135556182663,2113.0135556182663,0.8098821524918358,High,1340
3923-CSIHK,1,United States,California,Herald,95638,"38.313447, -121.123886",38.313447,-121.123886,Female,Yes,Yes,No,50,Yes,No,Fiber optic,No,No,No,No,No,No,Month-to-month,Yes,Electronic check,71.05,3444.85,Yes,1,94,5746,Don't know,0.367566895951387,0,Low,2,New High-Risk,-2.448252959817369,-2.1109061553199,Standard,2112.0393841366695,2112.0393841366695,0.8097401675422405,High,1341
4522-AKYLR,1,United States,California,Chino Hills,91709,"33.942895, -117.725644",33.942895,-117.725644,Female,Yes,No,No,13,Yes,No,DSL,No,Yes,Yes,No,No,No,Month-to-month,Yes,Electronic check,54.8,731.3,No,0,7,5557,Attitude of support person,0.3800469741549441,0,Low,2,New High-Risk,-1.92461929434396,-2.431650683753199,Standard,2111.9210353790245,2111.9210353790245,0.8095981825926452,High,1342
4760-THGOT,1,United States,California,San Jose,95134,"37.42765, -121.945416",37.42765,-121.945416,Female,No,Yes,No,43,Yes,Yes,Fiber optic,Yes,Yes,No,No,No,Yes,Month-to-month,Yes,Electronic check,94.1,4107.3,No,0,71,4392,Attitude of support person,0.4808288125399767,0,Medium,0,Established High-Value,-2.5433300591333934,0.6537577346690155,Standard,2111.800144675578,2111.800144675578,0.8094561976430499,High,1343
2609-IAICY,1,United States,California,North Fork,93643,"37.244307, -119.470256",37.244307,-119.470256,Female,No,No,No,1,Yes,Yes,Fiber optic,No,No,No,No,No,No,Month-to-month,Yes,Electronic check,77.15,77.15,Yes,1,79,2756,Limited range of services,0.7659931990093319,1,High,2,New High-Risk,-2.234896423950788,-3.744255737913819,High Risk,2111.077256469719,2111.077256469719,0.8093142126934545,High,1344
4680-KUTAJ,1,United States,California,Beverly Hills,90212,"34.062095, -118.401508",34.062095,-118.401508,Female,Yes,No,No,11,Yes,Yes,DSL,Yes,No,No,No,No,No,Month-to-month,Yes,Electronic check,55.6,580.8,No,0,80,5014,Attitude of support person,0.4205628459633129,0,Medium,2,New High-Risk,-2.235658164406196,-2.8500547509535923,Standard,2108.702109660051,2108.702109660051,0.8091722277438591,High,1345
7209-JCUDS,1,United States,California,Stockton,95212,"38.049457, -121.21653",38.049457,-121.21653,Male,No,No,No,10,Yes,No,Fiber optic,No,No,Yes,No,Yes,Yes,Month-to-month,Yes,Electronic check,94.9,1048.85,Yes,1,83,2832,Competitor offered higher download speeds,0.7443908407806084,1,High,2,New High-Risk,-2.139997146897917,-1.6505962055670118,High Risk,2108.114861090683,2108.114861090683,0.8090302427942638,High,1346
6362-QHAFM,1,United States,California,Sacramento,95825,"38.590035, -121.412455",38.590035,-121.412455,Male,No,Yes,No,42,Yes,Yes,Fiber optic,No,No,Yes,Yes,Yes,Yes,One year,Yes,Electronic check,108.3,4586.15,No,0,63,5106,Attitude of support person,0.4125838526421815,0,Medium,0,Established High-Value,-2.5899049393167,2.632327181990384,Standard,2106.6531515909787,2106.6531515909787,0.8088882578446684,High,1347
4831-EOBFE,1,United States,California,Mountain Ranch,95246,"38.264262, -120.515133",38.264262,-120.515133,Male,No,Yes,No,29,Yes,No,Fiber optic,Yes,No,No,No,Yes,Yes,Month-to-month,No,Credit card (automatic),94.65,2649.15,Yes,1,70,5150,Don't know,0.4089011310910461,0,Medium,2,New High-Risk,-1.406774284476958,0.3320956633419112,Standard,2105.8408251188876,2105.8408251188876,0.8087462728950732,High,1348
2604-IJPDU,1,United States,California,Encino,91316,"34.150354, -118.518292",34.150354,-118.518292,Female,No,Yes,No,20,Yes,No,Fiber optic,Yes,Yes,No,Yes,Yes,No,Month-to-month,Yes,Electronic check,96.55,1901.65,No,0,36,4382,Attitude of support person,0.480431037764194,0,Medium,2,New High-Risk,-1.876416516405994,0.2144219582835531,Standard,2105.248807482698,2105.248807482698,0.8086042879454778,High,1349
1941-HOSAM,1,United States,California,San Diego,92101,"32.72523, -117.171346",32.72523,-117.171346,Male,No,Yes,Yes,1,Yes,No,Fiber optic,No,No,No,No,Yes,Yes,Month-to-month,Yes,Electronic check,90.1,90.1,No,0,47,4142,Attitude of support person,0.5081865437888342,1,Medium,2,New High-Risk,-1.7487233905683488,-1.25967208079284,Standard,2104.9086643733513,2104.9086643733513,0.8084623029958824,High,1350
9889-TMAHG,1,United States,California,Fremont,94539,"37.516791, -121.899117",37.516791,-121.899117,Male,Yes,No,No,8,Yes,No,Fiber optic,Yes,No,No,Yes,Yes,Yes,Month-to-month,No,Credit card (automatic),100.3,832.35,Yes,1,74,5084,Competitor had better devices,0.4138111576565819,0,Medium,2,New High-Risk,-1.6367056516787712,-0.3717118273211895,Standard,2103.8159255260625,2103.8159255260625,0.8083203180462871,High,1351
0869-PAPRP,1,United States,California,Pixley,93256,"35.957019, -119.330928",35.957019,-119.330928,Female,Yes,Yes,No,26,Yes,No,Fiber optic,No,No,Yes,No,Yes,No,Month-to-month,Yes,Credit card (automatic),85.7,2067.0,No,0,23,3935,Attitude of support person,0.5344705880072582,1,Medium,2,New High-Risk,-2.276717714511084,-0.7258543416736747,Standard,2103.141763808561,2103.141763808561,0.8081783330966917,High,1352
5186-SAMNZ,1,United States,California,Marina,93933,"36.689582, -121.758398",36.689582,-121.758398,Male,Yes,No,No,1,Yes,No,Fiber optic,No,No,No,No,No,No,Month-to-month,Yes,Bank transfer (automatic),69.5,69.5,Yes,1,77,3273,Price too high,0.6424818545513804,1,Medium,2,New High-Risk,-1.9712508614575583,-3.919035177570472,Standard,2102.843109946668,2102.843109946668,0.8080363481470965,High,1353
4706-DGAHW,1,United States,California,California Hot Springs,93207,"35.865795, -118.69759",35.865795,-118.69759,Male,Yes,No,No,1,Yes,No,DSL,No,No,No,No,No,No,Month-to-month,No,Electronic check,45.2,45.2,No,0,44,4576,Attitude of support person,0.4595372867086799,0,Medium,2,New High-Risk,-1.3341895140688145,-4.37783359415658,Standard,2102.842623978919,2102.842623978919,0.8078943631975011,High,1354
0380-NEAVX,1,United States,California,Newport Beach,92660,"33.634626, -117.874882",33.634626,-117.874882,Male,Yes,No,No,34,Yes,No,Fiber optic,No,Yes,Yes,No,Yes,Yes,One year,Yes,Electronic check,99.85,3343.15,No,0,71,5626,Attitude of support person,0.3732634216389542,0,Low,0,Established High-Value,-2.571304370036808,0.8088649224785183,Standard,2099.9800101407563,2099.9800101407563,0.8077523782479057,High,1355
3761-FLYZI,1,United States,California,Los Angeles,90011,"34.00709, -118.258681",34.00709,-118.258681,Female,Yes,Yes,No,65,Yes,Yes,Fiber optic,No,Yes,Yes,No,Yes,Yes,Month-to-month,Yes,Bank transfer (automatic),108.8,7082.45,No,0,64,5225,Attitude of support person,0.4017414140797012,0,Medium,0,Established High-Value,-3.244288200750162,2.831686144947717,Standard,2099.0988885664387,2099.0988885664387,0.8076103932983104,High,1356
2369-UAPKZ,1,United States,California,Meadow Vista,95722,"39.003358, -121.022539",39.003358,-121.022539,Male,No,No,No,5,Yes,Yes,Fiber optic,No,Yes,Yes,No,Yes,Yes,Month-to-month,No,Mailed check,104.1,541.9,Yes,1,76,3131,Moved,0.6702634329291726,1,Medium,2,New High-Risk,-1.5694923302925743,-0.3096546374893488,Standard,2098.594808501239,2098.594808501239,0.807468408348715,High,1357
8485-GJCDN,1,United States,California,Chula Vista,91914,"32.688506, -116.938632",32.688506,-116.938632,Female,Yes,No,No,5,Yes,No,Fiber optic,No,No,No,No,No,No,Month-to-month,Yes,Mailed check,69.05,318.5,Yes,1,74,3368,Poor expertise of online support,0.6230772517711226,1,Medium,2,New High-Risk,-1.7067368442090691,-4.251503739799258,Standard,2098.5241839651408,2098.5241839651408,0.8073264233991196,High,1358
1536-HBSWP,1,United States,California,Terra Bella,93270,"35.939068, -119.043666",35.939068,-119.043666,Female,No,No,No,1,Yes,No,DSL,No,No,No,Yes,No,No,Month-to-month,Yes,Electronic check,49.9,49.9,No,0,56,4667,Attitude of support person,0.4495282685059653,0,Medium,2,New High-Risk,-1.3179978081688335,-3.5069764202046416,Standard,2097.94842911734,2097.94842911734,0.8071844384495244,High,1359
0221-WMXNQ,1,United States,California,Chino,91710,"33.990646, -117.663025",33.990646,-117.663025,Male,Yes,No,No,4,Yes,No,Fiber optic,Yes,No,No,No,No,No,Month-to-month,No,Electronic check,75.35,273.4,No,0,40,4033,Attitude of support person,0.5191841850531255,1,Medium,2,New High-Risk,-1.6144778115446867,-3.500693534959076,Standard,2093.869818319255,2093.869818319255,0.807042453499929,High,1360
5692-ICXLW,1,United States,California,Escondido,92027,"33.141265, -116.967221",33.141265,-116.967221,Male,Yes,No,No,31,Yes,Yes,Fiber optic,No,Yes,No,No,Yes,No,Month-to-month,Yes,Electronic check,90.7,2845.15,No,0,60,3493,Attitude of support person,0.5993541261255285,1,Medium,2,New High-Risk,-2.9985548840686587,-1.438478179743227,Standard,2093.5439625564713,2093.5439625564713,0.8069004685503337,High,1361
9776-CLUJA,1,United States,California,Sacramento,95829,"38.486502, -121.334051",38.486502,-121.334051,Female,Yes,Yes,No,51,Yes,Yes,Fiber optic,Yes,No,No,No,No,No,Month-to-month,Yes,Electronic check,77.5,3807.35,Yes,1,96,5748,Competitor offered more data,0.363967384299922,0,Low,2,New High-Risk,-2.79429280195558,-0.7621181489104729,Standard,2092.0845249559516,2092.0845249559516,0.8067584836007383,High,1362
0531-ZZJWQ,1,United States,California,Lone Pine,93545,"36.590415, -118.073839",36.590415,-118.073839,Male,Yes,Yes,No,55,Yes,Yes,Fiber optic,No,No,No,No,No,No,Month-to-month,Yes,Electronic check,74.0,4052.4,No,0,54,4958,Attitude of support person,0.4218787912714073,0,Medium,2,New High-Risk,-2.918331519984521,-1.4626683979929562,Standard,2091.6750471236373,2091.6750471236373,0.8066164986511429,High,1363
0410-IPFTY,1,United States,California,Long Beach,90822,"33.778436, -118.118648",33.778436,-118.118648,Female,No,Yes,No,31,Yes,No,Fiber optic,No,Yes,No,No,No,Yes,Month-to-month,Yes,Bank transfer (automatic),83.85,2674.15,No,0,56,4283,Attitude of support person,0.4877007061184065,0,Medium,2,New High-Risk,-1.876128641257427,-0.5380584079939963,Standard,2088.822124305135,2088.822124305135,0.8064745137015477,High,1364
2408-WITXK,1,United States,California,San Jose,95110,"37.34667, -121.910019",37.34667,-121.910019,Female,Yes,No,No,10,No,No phone service,DSL,No,No,No,No,No,Yes,Month-to-month,Yes,Electronic check,34.7,329.8,Yes,1,92,3244,Deceased,0.6438711239625121,1,Medium,3,Mid-Tenure Moderate-Risk,-2.514107315601755,-3.920106235146811,Standard,2088.7179261343895,2088.7179261343895,0.8063325287519523,High,1365
1746-TGTWV,1,United States,California,Whittier,90604,"33.929704, -118.01208",33.929704,-118.01208,Male,No,Yes,No,1,Yes,No,Fiber optic,No,No,Yes,No,No,No,Month-to-month,No,Credit card (automatic),75.35,75.35,No,0,70,3514,Attitude of support person,0.5943307468679283,1,Medium,2,New High-Risk,-1.0600029270467888,-2.0352955174896232,Standard,2088.4782444939,2088.4782444939,0.806190543802357,High,1366
8270-RKSAP,1,United States,California,Anaheim,92801,"33.844983, -117.952151",33.844983,-117.952151,Male,No,No,No,9,Yes,No,Fiber optic,No,No,No,No,No,No,Month-to-month,Yes,Electronic check,70.5,597.9,No,0,37,3198,Attitude of support person,0.6530070522295006,1,Medium,2,New High-Risk,-1.805987809164079,-4.115558980236147,Standard,2088.316553029943,2088.316553029943,0.8060485588527616,High,1367
8782-LKFPK,1,United States,California,Beaumont,92223,"33.946982, -116.977672",33.946982,-116.977672,Male,No,No,No,44,Yes,Yes,Fiber optic,No,No,Yes,No,No,Yes,Month-to-month,Yes,Mailed check,90.4,4063.0,No,0,63,4751,Attitude of support person,0.4395458098047498,0,Medium,2,New High-Risk,-2.159311665853492,-0.6339859555962933,Standard,2088.282142382366,2088.282142382366,0.8059065739031662,High,1368
3003-CMDUU,1,United States,California,Santa Paula,93060,"34.402343, -119.094824",34.402343,-119.094824,Female,No,Yes,No,25,Yes,No,Fiber optic,No,No,No,Yes,Yes,Yes,Month-to-month,Yes,Electronic check,95.15,2395.7,No,0,52,3273,Attitude of support person,0.6379709469631282,1,Medium,2,New High-Risk,-2.123320076559114,-0.4433045701206312,Standard,2088.0789094103184,2088.0789094103184,0.805764588953571,High,1369
7272-QDCKA,1,United States,California,Oroville,95965,"39.624561, -121.552866",39.624561,-121.552866,Male,No,No,No,28,Yes,Yes,Fiber optic,No,Yes,No,No,Yes,Yes,One year,No,Electronic check,100.2,2688.45,No,0,79,5137,Attitude of support person,0.4064782560967163,0,Medium,0,Established High-Value,-2.0302165802319525,0.4731905964168434,Standard,2088.0788015688318,2088.0788015688318,0.8056226040039756,High,1370
4948-WBBKL,1,United States,California,Dunnigan,95937,"38.931425, -121.946081",38.931425,-121.946081,Female,Yes,No,No,36,Yes,Yes,Fiber optic,No,No,No,No,No,No,Month-to-month,Yes,Bank transfer (automatic),74.9,2659.45,No,0,23,5041,Attitude of support person,0.4141009590879813,0,Medium,2,New High-Risk,-2.6126082017260868,-2.2408820320671063,Standard,2087.4829347625137,2087.4829347625137,0.8054806190543803,High,1371
0082-LDZUE,1,United States,California,Calistoga,94515,"38.629618, -122.593216",38.629618,-122.593216,Male,No,No,No,1,Yes,No,DSL,No,No,No,No,No,No,Month-to-month,Yes,Mailed check,44.3,44.3,No,0,57,4427,Attitude of support person,0.4713759555489113,0,Medium,2,New High-Risk,-0.8991537068849323,-4.270755749579132,Standard,2086.7813552150305,2086.7813552150305,0.8053386341047849,High,1372
1264-BYWMS,1,United States,California,La Grange,95329,"37.666587, -120.411517",37.666587,-120.411517,Male,No,No,No,55,Yes,Yes,Fiber optic,No,No,No,No,Yes,Yes,Month-to-month,Yes,Electronic check,96.8,5283.95,Yes,1,82,4089,Competitor offered more data,0.5102690233294631,1,Medium,2,New High-Risk,-2.869635385173059,-0.5201670775147921,Standard,2086.4900363941747,2086.4900363941747,0.8051966491551895,High,1373
7048-GXDAY,1,United States,California,Fresno,93705,"36.78724, -119.827813",36.78724,-119.827813,Male,No,No,No,39,Yes,Yes,Fiber optic,Yes,Yes,No,No,Yes,Yes,Month-to-month,Yes,Electronic check,106.4,4040.65,No,0,66,4111,Attitude of support person,0.5075010683726271,1,Medium,0,Established High-Value,-2.7000827573260064,0.5242968422629262,Standard,2086.33689207987,2086.33689207987,0.8050546642055942,High,1374
9058-MJLZC,1,United States,California,Yuba City,95991,"39.02741, -121.614982",39.02741,-121.614982,Female,No,No,No,24,Yes,No,Fiber optic,Yes,No,No,No,Yes,Yes,Month-to-month,Yes,Electronic check,94.6,2283.15,No,0,42,3667,Attitude of support person,0.5687412769399406,1,Medium,2,New High-Risk,-2.103082019622376,-1.3425463074620123,Standard,2085.574262538762,2085.574262538762,0.8049126792559989,High,1375
0623-GDISB,1,United States,California,San Clemente,92673,"33.4725, -117.584273",33.4725,-117.584273,Female,No,No,No,1,Yes,No,DSL,Yes,No,No,No,No,No,Month-to-month,Yes,Bank transfer (automatic),48.45,48.45,No,0,27,5838,Attitude of support person,0.3568097075437074,0,Low,2,New High-Risk,-1.0802037370069084,-2.9650742130268872,Standard,2083.055072640164,2083.055072640164,0.8047706943064035,High,1376
0940-OUQEC,1,United States,California,Winters,95694,"38.578604, -122.024579",38.578604,-122.024579,Male,No,No,No,10,Yes,Yes,Fiber optic,No,Yes,No,No,No,No,Month-to-month,Yes,Bank transfer (automatic),80.7,788.8,Yes,1,77,3492,Competitor offered more data,0.5964950097039883,1,Medium,2,New High-Risk,-2.069339605312671,-2.198899315821089,Standard,2082.960573886327,2082.960573886327,0.8046287093568082,High,1377
2519-ERQOJ,1,United States,California,Desert Hot Springs,92241,"33.832799, -116.250973",33.832799,-116.250973,Male,Yes,No,No,33,No,No phone service,DSL,No,No,Yes,Yes,Yes,Yes,Month-to-month,Yes,Electronic check,54.6,1803.7,No,0,30,5322,Attitude of support person,0.3913329971988307,0,Low,3,Mid-Tenure Moderate-Risk,-2.7056030114347256,-0.6977263870236114,Standard,2082.674211092177,2082.674211092177,0.8044867244072128,High,1378
0137-OCGAB,1,United States,California,Fairfield,94533,"38.287136, -122.02711",38.287136,-122.02711,Female,No,No,No,1,Yes,Yes,Fiber optic,No,Yes,No,No,No,No,Month-to-month,Yes,Mailed check,80.2,80.2,Yes,1,90,3056,Lack of affordable download/upload speed,0.6813789850745592,1,Medium,2,New High-Risk,-1.7371142884410051,-2.913270963187172,Standard,2082.2941783878528,2082.2941783878528,0.8043447394576175,High,1379
2619-WFQWU,1,United States,California,Mission Viejo,92692,"33.60693, -117.644253",33.60693,-117.644253,Female,No,No,No,1,Yes,No,Fiber optic,No,No,No,No,No,No,Month-to-month,Yes,Mailed check,70.15,70.15,Yes,1,96,3208,Competitor offered higher download speeds,0.6485361741921368,1,Medium,2,New High-Risk,-1.2672119647828393,-4.242330542113908,Standard,2080.504046808375,2080.504046808375,0.8042027545080221,High,1380
7739-LAXOG,1,United States,California,Sacramento,95825,"38.590035, -121.412455",38.590035,-121.412455,Female,No,Yes,No,32,Yes,Yes,Fiber optic,No,No,Yes,No,No,Yes,Month-to-month,Yes,Bank transfer (automatic),91.05,2954.5,Yes,1,80,3590,Competitor offered more data,0.5790176181040222,1,Medium,2,New High-Risk,-2.363314553029157,0.1570911054797096,Standard,2078.6732489934398,2078.6732489934398,0.8040607695584268,High,1381
8245-UMPYT,1,United States,California,Lockwood,93932,"35.989792, -121.055933",35.989792,-121.055933,Female,Yes,No,No,16,Yes,Yes,Fiber optic,No,No,No,No,Yes,Yes,Month-to-month,Yes,Electronic check,96.4,1581.2,Yes,1,80,2688,Poor expertise of phone support,0.7732360360623187,1,High,2,New High-Risk,-3.050188254202825,-1.875356080642259,High Risk,2078.458464935513,2078.458464935513,0.8039187846088315,High,1382
2739-CACDQ,1,United States,California,La Jolla,92037,"32.853743, -117.25034",32.853743,-117.25034,Female,Yes,No,No,17,Yes,Yes,Fiber optic,No,No,Yes,No,No,No,Month-to-month,Yes,Credit card (automatic),82.65,1470.05,No,0,26,3754,Attitude of support person,0.5528085998268636,1,Medium,2,New High-Risk,-2.559357641627188,-1.9560386769580176,Standard,2075.243483750046,2075.243483750046,0.8037767996592361,High,1383
2898-LSJGD,1,United States,California,Santa Ana,92707,"33.714829, -117.872941",33.714829,-117.872941,Female,No,Yes,No,21,No,No phone service,DSL,Yes,No,Yes,No,Yes,Yes,One year,Yes,Electronic check,55.95,1157.05,Yes,1,74,5531,Attitude of service provider,0.3750963098465215,0,Low,3,Mid-Tenure Moderate-Risk,-2.048894514299755,0.7472210285787595,Standard,2074.6576897611103,2074.6576897611103,0.8036348147096408,High,1384
7853-OETYL,1,United States,California,West Covina,91790,"34.066964, -117.937007",34.066964,-117.937007,Female,No,Yes,No,4,No,No phone service,DSL,Yes,No,No,No,No,No,Month-to-month,Yes,Electronic check,29.05,129.6,No,0,35,3306,Attitude of support person,0.6275410138737774,1,Medium,3,Mid-Tenure Moderate-Risk,-1.812116701649652,-3.180237990703636,Standard,2074.650591866708,2074.650591866708,0.8034928297600454,High,1385
1818-ESQMW,1,United States,California,San Joaquin,93660,"36.600193, -120.153393",36.600193,-120.153393,Female,No,No,No,27,Yes,No,Fiber optic,No,No,Yes,Yes,No,Yes,Month-to-month,Yes,Electronic check,89.2,2383.6,No,0,54,4384,Attitude of support person,0.4732080456473002,0,Medium,2,New High-Risk,-1.9983117500124057,-1.0316830053550945,Standard,2074.544072117764,2074.544072117764,0.80335084481045,High,1386
3088-LHEFH,1,United States,California,Pollock Pines,95726,"38.733908, -120.453416",38.733908,-120.453416,Female,No,No,No,11,Yes,Yes,Fiber optic,Yes,No,No,No,No,No,Month-to-month,Yes,Bank transfer (automatic),79.0,929.3,No,0,33,3885,Attitude of support person,0.5339160976532537,1,Medium,2,New High-Risk,-1.9506418709969369,-2.1701862545809765,Standard,2074.2640393828906,2074.2640393828906,0.8032088598608548,High,1387
7579-OOPEC,1,United States,California,Pala,92059,"33.384345, -117.072619",33.384345,-117.072619,Female,Yes,Yes,No,2,Yes,No,DSL,No,Yes,No,No,No,No,Month-to-month,No,Credit card (automatic),50.15,115.1,Yes,1,78,5461,Long distance charges,0.3797657447030584,0,Low,2,New High-Risk,-1.1329714431398017,-2.175823736917172,Standard,2073.900731823402,2073.900731823402,0.8030668749112594,High,1388
2038-LLMLM,1,United States,California,El Centro,92243,"32.770393, -115.60915",32.770393,-115.60915,Female,No,No,No,48,Yes,Yes,Fiber optic,No,No,Yes,Yes,Yes,Yes,Month-to-month,Yes,Electronic check,103.85,4946.05,No,0,78,4304,Attitude of support person,0.4818217892474864,0,Medium,0,Established High-Value,-2.754376131533066,0.9976356107488388,Standard,2073.7609809211817,2073.7609809211817,0.8029248899616641,High,1389
7760-OYPDY,1,United States,California,Los Angeles,90056,"33.987945, -118.370442",33.987945,-118.370442,Female,No,No,Yes,2,Yes,No,Fiber optic,No,No,No,No,Yes,No,Month-to-month,Yes,Electronic check,80.65,144.15,Yes,1,90,5586,Competitor offered more data,0.3712147825263427,0,Low,2,New High-Risk,-1.6177841442276162,-2.6675012560522133,Standard,2073.6057751921503,2073.6057751921503,0.8027829050120687,High,1390
3855-ONCAR,1,United States,California,Arcadia,91006,"34.137319, -118.029837",34.137319,-118.029837,Female,No,Yes,Yes,4,Yes,No,Fiber optic,No,No,No,No,Yes,No,Month-to-month,Yes,Mailed check,78.9,299.75,No,0,50,5775,Attitude of support person,0.3590658808390755,0,Low,2,New High-Risk,-1.1141683930583544,-1.7181704397743325,Standard,2073.605461845661,2073.605461845661,0.8026409200624733,High,1391
5552-ZNFSJ,1,United States,California,Santa Rosa,95407,"38.394091, -122.739814",38.394091,-122.739814,Male,No,No,No,1,Yes,No,DSL,No,No,No,No,No,No,Month-to-month,No,Electronic check,45.3,45.3,Yes,1,66,4568,Don't know,0.4538884361479102,0,Medium,2,New High-Risk,-0.9047055526187556,-4.2637855213623554,Standard,2073.3623763236537,2073.3623763236537,0.8024989351128781,High,1392
2637-FKFSY,1,United States,California,Wasco,93280,"35.652242, -119.4464",35.652242,-119.4464,Female,No,Yes,No,3,Yes,No,DSL,No,No,No,No,No,No,Month-to-month,Yes,Mailed check,46.1,130.15,No,0,39,4047,Attitude of support person,0.5122964101592339,1,Medium,2,New High-Risk,-0.9166463961899872,-3.4459970655181182,Standard,2073.2635719144196,2073.2635719144196,0.8023569501632827,High,1393
9373-WSLOY,1,United States,California,Carlsbad,92008,"33.148116, -117.306043",33.148116,-117.306043,Male,Yes,Yes,No,33,No,No phone service,DSL,No,Yes,Yes,Yes,Yes,No,Month-to-month,Yes,Electronic check,50.0,1750.85,No,0,65,5600,Attitude of support person,0.3698961469039319,0,Low,3,Mid-Tenure Moderate-Risk,-2.573128196092365,0.1103177377247042,Standard,2071.4184226620187,2071.4184226620187,0.8022149652136874,High,1394
8080-DDEMJ,1,United States,California,Glendale,91204,"34.136306, -118.26036",34.136306,-118.26036,Male,Yes,No,No,1,Yes,No,DSL,No,No,No,No,No,No,Month-to-month,No,Electronic check,45.1,45.1,Yes,1,79,4499,Attitude of support person,0.4599436718477148,0,Medium,2,New High-Risk,-1.33287053553438,-4.388165222343628,Standard,2069.2865796428687,2069.2865796428687,0.802072980264092,High,1395
1095-JUDTC,1,United States,California,Woodbridge,95258,"38.169605, -121.310964",38.169605,-121.310964,Female,Yes,No,No,47,Yes,Yes,Fiber optic,No,Yes,No,Yes,Yes,No,Month-to-month,Yes,Electronic check,95.05,4504.55,Yes,1,65,5214,Competitor offered higher download speeds,0.3967791422084206,0,Low,2,New High-Risk,-3.021724359047449,0.0209528121633386,Standard,2068.806447474705,2068.806447474705,0.8019309953144966,High,1396
0334-GDDSO,1,United States,California,Ocotillo,92259,"32.698964, -115.886656",32.698964,-115.886656,Male,Yes,No,No,3,Yes,Yes,Fiber optic,No,Yes,No,No,No,No,Month-to-month,Yes,Electronic check,81.35,233.7,Yes,1,73,2818,Service dissatisfaction,0.7332740649053684,1,High,2,New High-Risk,-2.685351817593045,-3.0618061873749745,High Risk,2066.366314903328,2066.366314903328,0.8017890103649014,High,1397
0023-XUOPT,1,United States,California,Carnelian Bay,96140,"39.227434, -120.091806",39.227434,-120.091806,Female,No,Yes,No,13,Yes,Yes,Fiber optic,No,Yes,Yes,No,Yes,No,Month-to-month,No,Electronic check,94.1,1215.6,Yes,1,75,2973,Don't know,0.6948472065083974,1,Medium,2,New High-Risk,-1.962002067343216,-0.1476206220620451,Standard,2065.7807449494653,2065.7807449494653,0.801647025415306,High,1398
7271-AJDTL,1,United States,California,Sacramento,95816,"38.574856, -121.46504",38.574856,-121.46504,Female,No,Yes,No,55,Yes,Yes,Fiber optic,No,Yes,Yes,No,Yes,No,Month-to-month,Yes,Credit card (automatic),94.45,5073.1,No,0,55,5577,Attitude of support person,0.370322998860409,0,Low,0,Established High-Value,-2.5075651426105523,1.7640668221211615,Standard,2065.291364644501,2065.291364644501,0.8015050404657106,High,1399
2674-MIAHT,1,United States,California,Blocksburg,95514,"40.309088, -123.668201",40.309088,-123.668201,Female,No,No,No,4,Yes,Yes,Fiber optic,No,Yes,No,No,No,No,Month-to-month,Yes,Mailed check,80.3,324.2,No,0,70,3132,Attitude of support person,0.6591001618550908,1,Medium,2,New High-Risk,-1.754414360264367,-2.8274206741176267,Standard,2064.3017069301445,2064.3017069301445,0.8012210705665199,High,1401
0623-IIHUG,1,United States,California,San Diego,92104,"32.741499, -117.127409",32.741499,-117.127409,Female,Yes,No,No,21,No,No phone service,DSL,Yes,No,No,No,Yes,No,Month-to-month,Yes,Electronic check,41.9,840.1,Yes,1,97,4778,Don't know,0.4318822028269523,0,Medium,3,Mid-Tenure Moderate-Risk,-2.475693959899727,-2.8003229000666248,Standard,2063.533165107178,2063.533165107178,0.8010790856169246,High,1402
2101-RANCD,1,United States,California,El Dorado Hills,95762,"38.684437, -121.055634",38.684437,-121.055634,Female,No,No,No,55,Yes,Yes,Fiber optic,No,No,No,No,No,No,Month-to-month,Yes,Electronic check,73.1,4144.9,No,0,46,5832,Attitude of support person,0.3533784146254239,0,Low,2,New High-Risk,-2.492631249485285,-2.052783422069454,Standard,2060.902914095472,2060.902914095472,0.8009371006673293,High,1403
0928-JMXNP,1,United States,California,Los Molinos,96055,"40.059385, -122.091481",40.059385,-122.091481,Male,Yes,Yes,No,4,No,No phone service,DSL,No,No,Yes,No,No,No,Month-to-month,Yes,Electronic check,29.9,118.25,No,0,46,2914,Attitude of support person,0.7072035283923978,1,High,3,Mid-Tenure Moderate-Risk,-2.3659131922591063,-3.178548036721481,High Risk,2060.791081735447,2060.791081735447,0.8007951157177339,High,1404
2800-VEQXM,1,United States,California,Lebec,93243,"34.845861, -118.885163",34.845861,-118.885163,Female,No,No,No,3,Yes,No,Fiber optic,No,No,Yes,No,No,No,Month-to-month,Yes,Mailed check,74.75,238.1,No,0,21,3319,Attitude of support person,0.6205473756789642,1,Medium,2,New High-Risk,-1.2953155409425503,-3.3188790423460537,Standard,2059.5967398784824,2059.5967398784824,0.8006531307681386,High,1405
6845-RGTYS,1,United States,California,San Diego,92110,"32.76501, -117.19938",32.76501,-117.19938,Female,No,Yes,No,47,Yes,Yes,Fiber optic,Yes,Yes,Yes,No,Yes,No,Month-to-month,Yes,Electronic check,98.75,4533.7,Yes,1,80,4622,Product dissatisfaction,0.4454406221301599,0,Medium,0,Established High-Value,-2.585196912825995,1.6519204717205995,Standard,2058.826555485599,2058.826555485599,0.8005111458185432,High,1406
2454-RPBRZ,1,United States,California,Catheys Valley,95306,"37.394411, -120.127262",37.394411,-120.127262,Female,Yes,Yes,No,12,Yes,Yes,Fiber optic,No,Yes,Yes,No,Yes,No,Month-to-month,Yes,Electronic check,98.1,1060.2,Yes,1,97,2709,Service dissatisfaction,0.7599107827145394,1,High,2,New High-Risk,-2.9168981955515645,-0.3557682614965557,High Risk,2058.598310373687,2058.598310373687,0.8003691608689479,High,1407
3665-JATSN,1,United States,California,Mount Shasta,96067,"41.33832, -122.290756",41.33832,-122.290756,Female,No,No,No,19,No,No phone service,DSL,No,Yes,No,No,No,Yes,Month-to-month,Yes,Electronic check,39.7,710.05,No,0,65,4034,Attitude of support person,0.5101331615540383,1,Medium,3,Mid-Tenure Moderate-Risk,-2.1335676199142863,-2.784295538424592,Standard,2057.8771737089905,2057.8771737089905,0.8002271759193526,High,1408
4633-MKHYU,1,United States,California,San Diego,92109,"32.787836, -117.232376",32.787836,-117.232376,Female,No,No,No,9,Yes,No,Fiber optic,No,No,No,No,Yes,Yes,Month-to-month,Yes,Mailed check,88.4,788.6,No,0,32,2952,Attitude of support person,0.6968213330991716,1,Medium,2,New High-Risk,-1.5937203908515452,-2.4948096480589776,Standard,2057.0165753087545,2057.0165753087545,0.8000851909697572,High,1409
5868-CZJDR,1,United States,California,Linden,95236,"38.047746, -121.030499",38.047746,-121.030499,Male,No,No,No,1,No,No phone service,DSL,No,Yes,No,No,No,No,Month-to-month,Yes,Mailed check,31.35,31.35,Yes,1,85,3605,Attitude of service provider,0.5705982653835778,1,Medium,3,Mid-Tenure Moderate-Risk,-1.441598949525476,-3.906860248560501,Standard,2057.006746707798,2057.006746707798,0.7999432060201619,High,1410
4640-UHDOS,1,United States,California,Phelan,92371,"34.441123, -117.537886",34.441123,-117.537886,Female,No,Yes,No,13,Yes,No,DSL,No,No,No,No,No,Yes,Month-to-month,No,Electronic check,55.95,734.35,Yes,1,91,4498,Competitor had better devices,0.4572506394839212,0,Medium,2,New High-Risk,-1.1063397239992876,-2.391434414018306,Standard,2056.7133763986776,2056.7133763986776,0.7996592361209712,High,1412
3999-QGRJH,1,United States,California,Ballico,95303,"37.4695, -120.672724",37.4695,-120.672724,Male,Yes,No,No,8,Yes,No,Fiber optic,No,No,No,No,No,No,Month-to-month,Yes,Electronic check,69.7,560.85,Yes,1,88,3068,Product dissatisfaction,0.6703102691332946,1,Medium,2,New High-Risk,-2.226047304749174,-4.269342765234359,Standard,2056.511905700948,2056.511905700948,0.7995172511713758,High,1413
7693-LCKZL,1,United States,California,Julian,92036,"32.980678, -116.262854",32.980678,-116.262854,Male,No,Yes,Yes,5,Yes,Yes,Fiber optic,No,Yes,No,No,No,No,Month-to-month,Yes,Electronic check,80.15,385.0,Yes,1,84,5124,Attitude of service provider,0.4010886899574148,0,Medium,2,New High-Risk,-1.949323767262821,-1.2670112900691308,Standard,2055.1784473417933,2055.1784473417933,0.7993752662217805,High,1414
2482-CZGBB,1,United States,California,Anaheim,92804,"33.818, -117.974404",33.818,-117.974404,Male,No,No,No,10,Yes,No,Fiber optic,No,No,No,No,No,No,Month-to-month,Yes,Electronic check,70.0,740.0,Yes,1,67,3156,Attitude of support person,0.6504541438665872,1,Medium,2,New High-Risk,-1.81037333178122,-4.089314323639564,Standard,2052.833278042949,2052.833278042949,0.7992332812721852,High,1415
2696-NARTR,1,United States,California,Corona Del Mar,92625,"33.600987, -117.862734",33.600987,-117.862734,Male,No,No,No,11,Yes,No,Fiber optic,No,No,No,Yes,No,No,Month-to-month,Yes,Electronic check,73.85,926.25,Yes,1,66,3634,Moved,0.5647643046447232,1,Medium,2,New High-Risk,-1.7273637535548565,-3.2058022459743696,Standard,2052.353483078924,2052.353483078924,0.7990912963225898,High,1416
0876-WDUUZ,1,United States,California,Pine Grove,95665,"38.400264, -120.641274",38.400264,-120.641274,Female,No,No,No,5,Yes,No,Fiber optic,No,No,No,Yes,No,Yes,Month-to-month,Yes,Credit card (automatic),85.4,425.9,Yes,1,90,3716,Long distance charges,0.5521606583982847,1,Medium,2,New High-Risk,-1.6309531260885972,-2.054273504955633,Standard,2051.829006608026,2051.829006608026,0.7989493113729944,High,1417
0224-RLWWD,1,United States,California,Calexico,92231,"32.690654, -115.431225",32.690654,-115.431225,Female,Yes,No,No,2,Yes,No,DSL,No,No,No,No,No,No,Month-to-month,Yes,Electronic check,44.3,89.3,No,0,44,3805,Attitude of support person,0.538917895322525,1,Medium,2,New High-Risk,-1.828771093612271,-4.502780764690408,Standard,2050.5825917022075,2050.5825917022075,0.7988073264233991,High,1418
5480-HPRRX,1,United States,California,Glendora,91740,"34.119363, -117.855059",34.119363,-117.855059,Female,Yes,No,No,3,No,No phone service,DSL,No,No,No,No,No,No,Month-to-month,No,Electronic check,25.3,77.75,Yes,1,74,3542,Attitude of support person,0.5789140183362301,1,Medium,3,Mid-Tenure Moderate-Risk,-1.8478260643165232,-4.759336606681416,Standard,2050.513452946927,2050.513452946927,0.7986653414738037,High,1419
5144-TVGLP,1,United States,California,Los Angeles,90002,"33.949255, -118.246978",33.949255,-118.246978,Male,Yes,No,No,38,Yes,Yes,Fiber optic,No,No,No,No,Yes,Yes,Month-to-month,No,Electronic check,94.75,3653.0,No,0,71,3654,Attitude of support person,0.5609483497703117,1,Medium,2,New High-Risk,-2.672534096535082,-1.1219110115578308,Standard,2049.705270060719,2049.705270060719,0.7983813715746131,High,1421
5606-AMZBO,1,United States,California,Rosamond,93560,"34.903052, -118.411251",34.903052,-118.411251,Female,No,Yes,No,10,Yes,Yes,Fiber optic,Yes,No,No,No,No,No,Month-to-month,Yes,Credit card (automatic),78.15,765.15,No,0,26,3403,Attitude of support person,0.6022008209100947,1,Medium,2,New High-Risk,-1.924963447783352,-1.4410832882982036,Standard,2049.2893935570523,2049.2893935570523,0.7982393866250177,High,1422
5502-RLUYV,1,United States,California,Milpitas,95035,"37.441931, -121.878502",37.441931,-121.878502,Female,No,Yes,No,69,Yes,Yes,Fiber optic,No,Yes,Yes,No,Yes,Yes,Month-to-month,Yes,Electronic check,103.95,7446.9,Yes,1,86,4283,Competitor made better offer,0.4782788551000658,0,Medium,0,Established High-Value,-3.0138182483369365,2.419776332795282,Standard,2048.468336393582,2048.468336393582,0.7980974016754224,High,1423
5002-GCQFH,1,United States,California,Hercules,94547,"37.991259, -122.214945",37.991259,-122.214945,Male,No,Yes,No,49,Yes,Yes,Fiber optic,Yes,Yes,No,No,Yes,No,Month-to-month,Yes,Bank transfer (automatic),93.85,4733.1,No,0,62,5698,Attitude of support person,0.3592897658193016,0,Low,0,Established High-Value,-2.364640691780433,1.4764374558290845,Standard,2047.2330856383805,2047.2330856383805,0.797955416725827,High,1424
9732-EQMWY,1,United States,California,Concord,94518,"37.950248, -122.022455",37.950248,-122.022455,Female,No,Yes,No,49,Yes,No,Fiber optic,No,Yes,Yes,No,Yes,Yes,Month-to-month,No,Electronic check,99.4,5025.0,No,0,59,4725,Attitude of support person,0.4331590079800251,0,Medium,0,Established High-Value,-1.912165276184516,1.2989328255831023,Standard,2046.6763127056186,2046.6763127056186,0.7978134317762318,High,1425
1031-IIDEO,1,United States,California,Sierra City,96125,"39.600599, -120.636358",39.600599,-120.636358,Female,No,No,No,1,Yes,No,Fiber optic,No,No,No,No,No,No,Month-to-month,Yes,Electronic check,70.85,70.85,Yes,1,72,2874,Network reliability,0.7119974467932377,1,High,2,New High-Risk,-1.7708363706471864,-4.339625803387608,High Risk,2046.2806620837653,2046.2806620837653,0.7976714468266364,High,1426
6457-GIRWB,1,United States,California,Carlsbad,92008,"33.148116, -117.306043",33.148116,-117.306043,Male,No,No,No,1,Yes,No,Fiber optic,No,No,No,No,No,No,Month-to-month,Yes,Electronic check,69.35,69.35,Yes,1,88,2843,Attitude of service provider,0.7197004681061943,1,High,2,New High-Risk,-1.7584821512362547,-4.350589248484405,High Risk,2046.1084308259103,2046.1084308259103,0.797529461877041,High,1427
7112-OPOTK,1,United States,California,Fort Bidwell,96112,"41.932207, -120.135941",41.932207,-120.135941,Male,No,No,No,33,Yes,No,Fiber optic,No,No,No,No,No,No,Month-to-month,No,Electronic check,68.25,2171.15,Yes,1,100,5647,Lack of self-service on Website,0.3621693398078109,0,Low,2,New High-Risk,-1.4074743939731398,-3.2186600961909604,Standard,2045.1702618947081,2045.1702618947081,0.7972454919778503,High,1429
8132-YPVBX,1,United States,California,Salinas,93907,"36.77462, -121.664714",36.77462,-121.664714,Female,No,No,No,6,Yes,No,Fiber optic,No,Yes,No,No,No,Yes,Month-to-month,Yes,Mailed check,85.95,514.6,No,0,80,3291,Attitude of support person,0.621440957649861,1,Medium,2,New High-Risk,-1.468484079361088,-2.5626032329784523,Standard,2045.1621916256925,2045.1621916256925,0.797103507028255,High,1430
3211-AAPKX,1,United States,California,Woodland,95776,"38.694081, -121.694431",38.694081,-121.694431,Male,No,No,No,20,Yes,Yes,Fiber optic,No,No,No,Yes,Yes,Yes,Month-to-month,Yes,Mailed check,98.55,2031.95,No,0,42,3300,Attitude of support person,0.6196335677889945,1,Medium,2,New High-Risk,-2.041110214302884,-0.7314010403598568,Standard,2044.7907737036817,2044.7907737036817,0.7969615220786597,High,1431
4123-DVHPH,1,United States,California,Orinda,94563,"37.873916, -122.20522",37.873916,-122.20522,Male,No,Yes,No,9,Yes,Yes,Fiber optic,Yes,No,No,No,No,Yes,Month-to-month,Yes,Electronic check,88.05,801.3,No,0,30,2715,Attitude of support person,0.7525881682017515,1,High,2,New High-Risk,-2.296781064622107,-1.2435948460193058,High Risk,2043.2768766677552,2043.2768766677552,0.7968195371290643,High,1432
7526-BEZQB,1,United States,California,Lawndale,90260,"33.88856, -118.351813",33.88856,-118.351813,Male,No,No,No,12,Yes,Yes,Fiber optic,No,No,No,No,Yes,Yes,Month-to-month,Yes,Electronic check,96.05,1148.1,Yes,1,89,2577,Lack of self-service on Website,0.7913254256790865,1,High,2,New High-Risk,-2.589125006844538,-1.892800205113814,High Risk,2039.2456219750059,2039.2456219750059,0.796677552179469,High,1433
2157-MXBJS,1,United States,California,Calistoga,94515,"38.629618, -122.593216",38.629618,-122.593216,Male,No,Yes,No,13,Yes,Yes,DSL,No,No,Yes,No,Yes,Yes,One year,Yes,Mailed check,75.3,989.45,Yes,1,89,4800,Network reliability,0.4247566814957906,0,Medium,0,Established High-Value,-1.5608356901787963,0.7650428078346337,Standard,2038.8320711797949,2038.8320711797949,0.7965355672298736,High,1434
2528-HFYZX,1,United States,California,Santa Ana,92706,"33.765893, -117.881533",33.765893,-117.881533,Male,Yes,Yes,No,17,Yes,No,Fiber optic,No,Yes,No,No,No,No,Month-to-month,Yes,Electronic check,76.45,1233.4,Yes,1,92,3266,Attitude of support person,0.6236925721882316,1,Medium,2,New High-Risk,-2.3011503700859177,-2.4485766743122848,Standard,2036.9799407667645,2036.9799407667645,0.7963935822802783,High,1435
6135-OZQVA,1,United States,California,Santa Clarita,91350,"34.502432, -118.41459",34.502432,-118.41459,Female,No,No,No,7,Yes,Yes,DSL,Yes,No,No,No,No,No,Month-to-month,Yes,Electronic check,53.65,404.35,No,0,51,4389,Attitude of support person,0.4640851389883736,0,Medium,2,New High-Risk,-1.7724929140579075,-2.903988175044105,Standard,2036.8696750199717,2036.8696750199717,0.796251597330683,High,1436
1976-AZZPJ,1,United States,California,Concord,94520,"38.013825, -122.039144",38.013825,-122.039144,Male,No,Yes,No,7,No,No phone service,DSL,Yes,Yes,No,No,No,No,Month-to-month,No,Mailed check,34.2,256.6,No,0,32,5100,Attitude of support person,0.3990717896789508,0,Low,3,Mid-Tenure Moderate-Risk,-0.8468281442081961,-2.047796172281456,Standard,2035.266127362649,2035.266127362649,0.7961096123810876,High,1437
1342-JPNKI,1,United States,California,Lake Forest,92630,"33.644849, -117.684254",33.644849,-117.684254,Male,No,No,No,10,Yes,Yes,Fiber optic,No,No,No,No,Yes,No,Month-to-month,Yes,Bank transfer (automatic),86.05,834.1,Yes,1,85,2966,Don't know,0.686089703667553,1,Medium,2,New High-Risk,-2.2015195759298845,-2.21544065841196,Standard,2034.942061077962,2034.942061077962,0.7959676274314923,High,1438
8374-XGEJJ,1,United States,California,Temecula,92590,"33.475493, -117.219551",33.475493,-117.219551,Male,Yes,Yes,No,43,Yes,Yes,Fiber optic,No,Yes,No,No,Yes,Yes,Month-to-month,Yes,Electronic check,101.0,4388.4,Yes,1,87,3123,Product dissatisfaction,0.6514643605208309,1,Medium,0,Established High-Value,-3.242541338245425,0.5156550939948801,Standard,2034.523197906555,2034.523197906555,0.7958256424818969,High,1439
4840-ORQXB,1,United States,California,Sierra Madre,91024,"34.168686, -118.057505",34.168686,-118.057505,Female,Yes,No,No,56,Yes,Yes,Fiber optic,No,Yes,Yes,No,Yes,Yes,Month-to-month,No,Electronic check,104.75,5841.35,No,0,35,5128,Attitude of support person,0.3966551391103436,0,Low,0,Established High-Value,-2.853770251151896,1.2271970973788453,Standard,2034.047553357842,2034.047553357842,0.7956836575323015,High,1440
2485-ITVKB,1,United States,California,Northridge,91325,"34.236683, -118.517588",34.236683,-118.517588,Female,No,Yes,No,2,No,No phone service,DSL,No,No,No,No,No,Yes,Month-to-month,Yes,Electronic check,35.1,68.75,Yes,1,78,2643,Attitude of support person,0.769549400932815,1,High,3,Mid-Tenure Moderate-Risk,-2.061071873371938,-3.2010763578960484,High Risk,2033.91906666543,2033.91906666543,0.7955416725827062,High,1441
4546-FOKWR,1,United States,California,Los Gatos,95032,"37.233034, -121.947427",37.233034,-121.947427,Female,No,No,No,16,Yes,Yes,Fiber optic,No,No,No,No,No,No,Month-to-month,Yes,Credit card (automatic),74.75,1129.35,No,0,27,3574,Attitude of support person,0.5687572371068579,1,Medium,2,New High-Risk,-2.065316542888365,-2.7996442512364443,Standard,2032.73836541991,2032.73836541991,0.7952577026835156,High,1443
5698-BQJOH,1,United States,California,Beverly Hills,90211,"34.063947, -118.383001",34.063947,-118.383001,Female,No,No,Yes,9,Yes,Yes,Fiber optic,No,No,No,No,Yes,Yes,Month-to-month,No,Electronic check,94.4,857.25,Yes,1,96,5571,Price too high,0.3647572715272363,0,Low,2,New High-Risk,-1.752906650131396,-1.041474421080666,Standard,2032.0627596782335,2032.0627596782335,0.7951157177339202,High,1444
1846-XWOQN,1,United States,California,Bradley,93426,"35.842889, -121.004862",35.842889,-121.004862,Female,Yes,No,No,1,Yes,No,Fiber optic,No,No,No,No,No,No,Month-to-month,Yes,Electronic check,70.15,70.15,Yes,1,71,2825,Competitor made better offer,0.7186324395297474,1,High,2,New High-Risk,-2.195083805850836,-4.463773568816476,High Risk,2030.1366416715364,2030.1366416715364,0.7949737327843248,High,1445
0576-WNXXC,1,United States,California,Parlier,93648,"36.622237, -119.521126",36.622237,-119.521126,Male,Yes,Yes,No,27,Yes,Yes,Fiber optic,No,Yes,Yes,No,No,Yes,Month-to-month,Yes,Electronic check,95.55,2510.2,Yes,1,75,2999,Service dissatisfaction,0.6768054900585724,1,Medium,2,New High-Risk,-2.99433908640869,0.0858263546711156,Standard,2029.7396646856585,2029.7396646856585,0.7948317478347295,High,1446
2592-SEIFQ,1,United States,California,San Anselmo,94960,"37.99272, -122.575026",37.99272,-122.575026,Male,No,No,No,3,No,No phone service,DSL,No,No,No,No,No,No,Month-to-month,No,Electronic check,24.75,66.95,Yes,1,69,3503,Competitor offered higher download speeds,0.5786501520524117,1,Medium,3,Mid-Tenure Moderate-Risk,-1.4123066892249818,-4.653751617190028,Standard,2027.011482639598,2027.011482639598,0.7946897628851342,High,1447
8714-CTZJW,1,United States,California,Pilot Hill,95664,"38.803731, -121.043799",38.803731,-121.043799,Female,No,No,No,4,Yes,No,Fiber optic,No,No,Yes,No,No,Yes,Month-to-month,Yes,Credit card (automatic),82.85,319.6,No,0,80,3154,Attitude of support person,0.6425919396845544,1,Medium,2,New High-Risk,-1.7076902928605675,-2.0940231369552,Standard,2026.7349777650845,2026.7349777650845,0.7945477779355389,High,1448
3588-WSTTJ,1,United States,California,Los Angeles,90077,"34.102084, -118.451629",34.102084,-118.451629,Female,Yes,No,No,35,Yes,Yes,Fiber optic,Yes,No,No,No,Yes,Yes,Month-to-month,Yes,Electronic check,99.05,3554.6,No,0,63,3484,Attitude of support person,0.5812807450743426,1,Medium,2,New High-Risk,-3.061163544769568,-0.5482192319999928,Standard,2025.1821158390096,2025.1821158390096,0.7944057929859435,High,1449
1895-QTKDO,1,United States,California,San Jacinto,92583,"33.796568, -116.924723",33.796568,-116.924723,Female,No,No,No,1,Yes,No,DSL,No,No,No,No,No,No,Month-to-month,No,Credit card (automatic),43.95,43.95,No,0,20,5684,Attitude of support person,0.3562054196494375,0,Low,2,New High-Risk,-0.6747639700652517,-3.630819823590837,Standard,2024.6716052874028,2024.6716052874028,0.7942638080363481,High,1450
7206-PQBBZ,1,United States,California,Fontana,92336,"34.136367, -117.460803",34.136367,-117.460803,Male,Yes,Yes,No,11,Yes,No,Fiber optic,No,No,No,No,No,No,Month-to-month,Yes,Electronic check,70.2,834.7,No,0,29,2848,Attitude of support person,0.7107367874901735,1,High,2,New High-Risk,-2.245359059050962,-3.3895283357104966,High Risk,2024.1783707720142,2024.1783707720142,0.7941218230867528,High,1451
5271-DBYSJ,1,United States,California,Berkeley,94708,"37.897743, -122.263124",37.897743,-122.263124,Male,Yes,No,No,11,Yes,No,Fiber optic,No,No,No,No,No,Yes,Month-to-month,Yes,Credit card (automatic),79.15,827.7,No,0,20,3355,Attitude of support person,0.6027519299310202,1,Medium,2,New High-Risk,-2.1640214707631062,-2.8690351807110908,Standard,2022.2327249185728,2022.2327249185728,0.7938378531875622,High,1453
9637-EIHEQ,1,United States,California,Thermal,92274,"33.53604, -116.119222",33.53604,-116.119222,Female,No,No,No,1,Yes,No,DSL,No,No,No,Yes,No,No,Month-to-month,Yes,Electronic check,50.8,50.8,Yes,1,68,4535,Don't know,0.4458872179200255,0,Medium,2,New High-Risk,-1.324414764133897,-3.519693774181229,Standard,2022.0985332673156,2022.0985332673156,0.7936958682379668,High,1454
7851-WZEKY,1,United States,California,Stockton,95219,"38.029729, -121.387999",38.029729,-121.387999,Female,No,No,No,2,Yes,Yes,Fiber optic,No,No,No,No,Yes,Yes,Month-to-month,Yes,Electronic check,95.15,196.9,Yes,1,82,2414,Competitor made better offer,0.8367757976350758,1,High,2,New High-Risk,-2.5198867118793764,-2.1896129385446907,High Risk,2019.976775491073,2019.976775491073,0.7935538832883714,High,1455
6221-AVQYL,1,United States,California,Glendale,91203,"34.153338, -118.262974",34.153338,-118.262974,Male,No,No,No,2,Yes,Yes,Fiber optic,No,No,No,No,No,No,Month-to-month,Yes,Credit card (automatic),73.25,131.05,Yes,1,78,2919,Price too high,0.6918986720817855,1,Medium,2,New High-Risk,-1.982033087076198,-3.2234128948143246,Standard,2019.6522238067319,2019.6522238067319,0.7934118983387761,High,1456
5712-PTIWW,1,United States,California,Mcarthur,96056,"41.10831, -121.360362",41.10831,-121.360362,Male,No,No,No,2,Yes,No,Fiber optic,No,No,Yes,Yes,No,No,Month-to-month,Yes,Electronic check,79.85,152.45,Yes,1,91,3280,Service dissatisfaction,0.6153170321005929,1,Medium,2,New High-Risk,-1.7024146212058824,-2.619739821700489,Standard,2018.2398652899446,2018.2398652899446,0.7932699133891807,High,1457
0848-ZGQIJ,1,United States,California,Saratoga,95070,"37.257772, -122.051824",37.257772,-122.051824,Female,No,Yes,No,16,Yes,No,Fiber optic,No,Yes,No,No,Yes,Yes,Month-to-month,Yes,Bank transfer (automatic),94.65,1461.15,No,0,36,3050,Attitude of support person,0.6608104481571435,1,Medium,2,New High-Risk,-1.941089976470324,-0.2837571719819018,Standard,2015.4718668792877,2015.4718668792877,0.7931279284395854,High,1458
7529-ZDFXI,1,United States,California,La Verne,91750,"34.144703, -117.770299",34.144703,-117.770299,Male,Yes,Yes,No,57,Yes,Yes,Fiber optic,No,Yes,No,No,No,Yes,Month-to-month,Yes,Electronic check,89.85,4925.35,No,0,36,4429,Attitude of support person,0.4541127187235139,0,Medium,2,New High-Risk,-3.137088211860735,0.1591041724592536,Standard,2011.265231226443,2011.265231226443,0.7929859434899901,High,1459
2860-RANUS,1,United States,California,Mc Kittrick,93251,"35.38381, -119.730885",35.38381,-119.730885,Female,Yes,No,No,20,Yes,Yes,Fiber optic,No,No,No,No,No,Yes,Month-to-month,Yes,Credit card (automatic),85.8,1727.5,Yes,1,75,3336,Price too high,0.6027512706769336,1,Medium,2,New High-Risk,-2.6884458159244664,-2.0093879226268947,Standard,2010.7782389782503,2010.7782389782503,0.7928439585403947,High,1460
4395-PZMSN,1,United States,California,San Gregorio,94074,"37.331762, -122.341444",37.331762,-122.341444,Male,Yes,No,No,5,Yes,No,Fiber optic,No,Yes,No,No,No,Yes,Month-to-month,Yes,Electronic check,85.55,408.5,No,0,48,2850,Attitude of support person,0.7043827540186891,1,High,2,New High-Risk,-2.386056597252824,-2.8220366619030743,High Risk,2007.490848953264,2007.490848953264,0.7927019735907994,High,1461
1157-BQCUW,1,United States,California,Fall River Mills,96028,"41.017282, -121.468945",41.017282,-121.468945,Male,No,No,No,1,Yes,Yes,Fiber optic,No,No,No,No,No,No,Month-to-month,Yes,Electronic check,74.95,74.95,Yes,1,82,2591,Attitude of service provider,0.7747182355582366,1,High,2,New High-Risk,-2.215986699759013,-3.775650503832308,High Risk,2007.294948331391,2007.294948331391,0.792559988641204,High,1462
8720-RQSBJ,1,United States,California,Armona,93202,"36.315979, -119.710852",36.315979,-119.710852,Male,Yes,No,No,1,Yes,No,DSL,No,No,No,No,No,No,Month-to-month,No,Electronic check,44.0,44.0,No,0,46,4320,Attitude of support person,0.4644173067179243,0,Medium,2,New High-Risk,-1.3227777381578525,-4.4162265371079545,Standard,2006.282765021433,2006.282765021433,0.7924180036916086,High,1463
9356-AXGMP,1,United States,California,Somerset,95684,"38.606703, -120.586659",38.606703,-120.586659,Male,No,Yes,No,38,Yes,Yes,Fiber optic,Yes,No,Yes,Yes,Yes,Yes,One year,Yes,Electronic check,110.7,4428.6,No,0,60,5461,Attitude of support person,0.3669373717789618,0,Low,0,Established High-Value,-2.458971711918545,3.284649973491135,Standard,2003.8449872849103,2003.8449872849103,0.792134033792418,High,1465
2657-VPXTA,1,United States,California,Anza,92539,"33.527605, -116.666551",33.527605,-116.666551,Female,No,Yes,Yes,10,Yes,No,Fiber optic,No,No,No,No,Yes,Yes,Month-to-month,Yes,Electronic check,88.85,929.45,No,0,54,4531,Attitude of support person,0.4418929234544206,0,Medium,2,New High-Risk,-1.795144845083095,-0.9731898766282552,Standard,2002.2168361719798,2002.2168361719798,0.7919920488428227,High,1466
6994-KERXL,1,United States,California,Avalon,90704,"33.391181, -118.421305",33.391181,-118.421305,Male,No,No,No,4,Yes,No,DSL,No,No,No,No,No,Yes,Month-to-month,Yes,Electronic check,55.9,238.5,No,0,25,3545,Attitude of support person,0.5647651442336084,1,Medium,2,New High-Risk,-1.569232540647662,-3.574906034990136,Standard,2002.0924363081417,2002.0924363081417,0.7918500638932273,High,1467
4847-TAJYI,1,United States,California,Chula Vista,91911,"32.607964, -117.059459",32.607964,-117.059459,Female,Yes,No,No,6,Yes,No,Fiber optic,No,No,No,No,Yes,Yes,Month-to-month,Yes,Electronic check,89.35,567.8,No,0,75,2578,Attitude of support person,0.7765825858003216,1,High,2,New High-Risk,-2.5145812313978406,-2.783159947876628,High Risk,2002.029906193229,2002.029906193229,0.7917080789436319,High,1468
5173-WXOQV,1,United States,California,Dos Palos,93620,"37.045728, -120.630682",37.045728,-120.630682,Male,No,Yes,No,2,Yes,No,DSL,No,Yes,No,Yes,No,Yes,Month-to-month,Yes,Mailed check,64.2,143.65,No,0,56,4369,Attitude of support person,0.4579802446422263,0,Medium,2,New High-Risk,-0.9809005476574314,-1.1037506434046445,Standard,2000.9156888418868,2000.9156888418868,0.7915660939940367,High,1469
7718-RXDGG,1,United States,California,Newcastle,95658,"38.883224, -121.15918",38.883224,-121.15918,Male,No,Yes,No,15,Yes,No,Fiber optic,No,No,No,No,No,No,Month-to-month,Yes,Bank transfer (automatic),68.6,1108.6,No,0,47,3351,Attitude of support person,0.5951266475814307,1,Medium,2,New High-Risk,-1.6025276749847268,-2.633788574537735,Standard,1994.2693960453744,1994.2693960453744,0.7914241090444413,High,1470
7851-FLGGQ,1,United States,California,Wheatland,95692,"39.043387, -121.409837",39.043387,-121.409837,Male,No,No,No,1,No,No phone service,DSL,No,Yes,No,Yes,No,Yes,Month-to-month,Yes,Mailed check,44.65,44.65,Yes,1,66,3704,Competitor had better devices,0.5383140642867491,1,Medium,3,Mid-Tenure Moderate-Risk,-1.49090284141341,-2.321846335016574,Standard,1993.9152941181187,1993.9152941181187,0.791282124094846,High,1471
1907-UBQFC,1,United States,California,San Francisco,94108,"37.791998, -122.408653",37.791998,-122.408653,Male,Yes,No,No,10,Yes,No,Fiber optic,No,Yes,No,No,No,No,Month-to-month,Yes,Electronic check,72.85,688.65,Yes,1,99,3189,Price too high,0.6251865919925368,1,Medium,2,New High-Risk,-2.2366181892441044,-3.473570847973725,Standard,1993.7200418641999,1993.7200418641999,0.7911401391452506,High,1472
6275-YDUVO,1,United States,California,Orosi,93647,"36.600185, -119.175655",36.600185,-119.175655,Female,No,No,No,2,Yes,No,Fiber optic,No,No,Yes,No,No,Yes,Month-to-month,Yes,Mailed check,86.2,178.7,Yes,1,95,2969,Attitude of service provider,0.6712278718121862,1,Medium,2,New High-Risk,-1.4501772235807608,-2.588433510886201,Standard,1992.875551410381,1992.875551410381,0.7909981541956552,High,1473
9054-FOWNV,1,United States,California,Brentwood,94513,"37.908242, -121.682472",37.908242,-121.682472,Male,No,Yes,Yes,22,Yes,Yes,Fiber optic,No,No,Yes,No,Yes,No,Month-to-month,Yes,Electronic check,88.75,1885.15,No,0,48,5585,Attitude of support person,0.3568102049372068,0,Low,2,New High-Risk,-2.188197407581168,0.1338797432613148,Standard,1992.7849945742998,1992.7849945742998,0.79085616924606,High,1474
3165-HDOEW,1,United States,California,Salida,95368,"37.713152, -121.08739",37.713152,-121.08739,Male,No,Yes,No,1,Yes,No,DSL,No,No,No,No,No,No,Month-to-month,Yes,Mailed check,45.85,45.85,Yes,1,73,3706,Don't know,0.537483919300226,1,Medium,2,New High-Risk,-0.9060446715121924,-3.530083210218037,Standard,1991.9154049266376,1991.9154049266376,0.7907141842964646,High,1475
9620-ENEJV,1,United States,California,Vina,96092,"39.955164, -122.018567",39.955164,-122.018567,Female,No,No,No,6,Yes,No,Fiber optic,No,No,No,No,No,No,Month-to-month,No,Credit card (automatic),70.55,433.95,No,0,52,4059,Attitude of support person,0.4903783061004305,0,Medium,2,New High-Risk,-1.0704800106692502,-3.530984682744863,Standard,1990.4455444616474,1990.4455444616474,0.7905721993468693,High,1476
1508-DFXCU,1,United States,California,Riverside,92501,"33.994676, -117.372498",33.994676,-117.372498,Male,No,No,No,12,Yes,No,Fiber optic,No,No,No,No,Yes,No,Month-to-month,Yes,Electronic check,81.45,912.0,No,0,70,2916,Attitude of support person,0.6824211760207659,1,Medium,2,New High-Risk,-1.977884998412528,-3.2757706681774827,Standard,1989.9401492765535,1989.9401492765535,0.7904302143972739,High,1477
6789-HJBWG,1,United States,California,Livingston,95334,"37.361987, -120.748394",37.361987,-120.748394,Female,No,No,No,12,Yes,No,DSL,No,Yes,No,No,No,No,Month-to-month,Yes,Electronic check,49.4,611.65,No,0,70,5007,Attitude of support person,0.3972639621106363,0,Low,2,New High-Risk,-1.460444786501511,-3.2798461856614685,Standard,1989.1006582879559,1989.1006582879559,0.7902882294476785,High,1478
7404-JLKQG,1,United States,California,Glennville,93226,"35.735694, -118.738483",35.735694,-118.738483,Female,No,No,No,3,Yes,No,DSL,No,No,Yes,No,Yes,No,Month-to-month,No,Electronic check,57.55,161.45,No,0,47,4099,Attitude of support person,0.4850991613905957,0,Medium,2,New High-Risk,-1.053468060555138,-2.646680368905028,Standard,1988.4214625400518,1988.4214625400518,0.7901462444980832,High,1479
2378-VTKDH,1,United States,California,Woodland,95695,"38.71967, -121.862416",38.71967,-121.862416,Male,Yes,Yes,No,65,Yes,Yes,Fiber optic,No,Yes,Yes,No,Yes,Yes,Month-to-month,Yes,Electronic check,104.35,6578.55,No,0,69,4073,Attitude of support person,0.4880821642504565,0,Medium,0,Established High-Value,-3.394590459437282,2.101760445008973,Standard,1987.9586549921091,1987.9586549921091,0.7900042595484879,High,1480
0330-IVZHA,1,United States,California,Anderson,96007,"40.448632, -122.306657",40.448632,-122.306657,Female,No,Yes,No,5,Yes,No,Fiber optic,No,No,No,No,No,No,Month-to-month,No,Electronic check,69.95,330.15,Yes,1,81,2969,Attitude of service provider,0.66937875242854,1,Medium,2,New High-Risk,-1.277364342415719,-3.372221564236766,Standard,1987.3855159603352,1987.3855159603352,0.7898622745988925,High,1481
8676-TRMJS,1,United States,California,Torrance,90504,"33.867257, -118.330794",33.867257,-118.330794,Male,No,No,No,3,Yes,Yes,Fiber optic,No,No,No,No,No,No,Month-to-month,No,Mailed check,75.0,209.1,Yes,1,88,3190,Limited range of services,0.6224540977218209,1,Medium,2,New High-Risk,-1.225631563735243,-3.552530872075258,Standard,1985.6285717326086,1985.6285717326086,0.7895783046997018,High,1483
4853-OITSN,1,United States,California,Oakland,94606,"37.792489, -122.244314",37.792489,-122.244314,Male,No,Yes,No,5,Yes,Yes,Fiber optic,Yes,No,No,No,No,Yes,Month-to-month,Yes,Electronic check,89.15,413.25,No,0,27,2576,Attitude of support person,0.7707406900167707,1,High,2,New High-Risk,-2.2799247334582544,-1.3662578867645032,High Risk,1985.4280174832013,1985.4280174832013,0.7894363197501065,High,1484
1608-GMEWB,1,United States,California,Stockton,95215,"37.946282, -121.139499",37.946282,-121.139499,Male,Yes,No,No,45,Yes,Yes,Fiber optic,No,No,No,No,Yes,Yes,Month-to-month,Yes,Bank transfer (automatic),93.9,4200.25,No,0,58,3960,Attitude of support person,0.5013081241825972,1,Medium,2,New High-Risk,-2.9859305002343755,-0.4647920630740311,Standard,1985.180171763085,1985.180171763085,0.7892943348005111,High,1485
5630-IXDXV,1,United States,California,Reedley,93654,"36.636638, -119.421842",36.636638,-119.421842,Female,No,No,No,47,Yes,Yes,Fiber optic,No,Yes,Yes,No,Yes,Yes,Month-to-month,Yes,Electronic check,106.35,4849.1,No,0,74,3723,Attitude of support person,0.5325713223757892,1,Medium,0,Established High-Value,-2.8684093636133605,0.8629191839047987,Standard,1982.7630332050633,1982.7630332050633,0.7891523498509158,High,1486
6230-BSUXY,1,United States,California,Paramount,90723,"33.897122, -118.164432",33.897122,-118.164432,Female,Yes,No,No,1,Yes,No,Fiber optic,No,No,Yes,No,No,Yes,Month-to-month,Yes,Electronic check,85.0,85.0,Yes,1,93,2650,Network reliability,0.7481985920682911,1,High,2,New High-Risk,-2.3628052579346424,-2.834082521385362,High Risk,1982.7262689809713,1982.7262689809713,0.7890103649013205,High,1487
0875-CABNR,1,United States,California,San Luis Obispo,93401,"35.233745, -120.626442",35.233745,-120.626442,Female,Yes,No,No,10,Yes,No,Fiber optic,No,No,Yes,No,No,Yes,Month-to-month,Yes,Credit card (automatic),84.6,865.55,Yes,1,94,3320,Attitude of support person,0.5970741734142304,1,Medium,2,New High-Risk,-2.1882915033865906,-2.0198690172317977,Standard,1982.286255735245,1982.286255735245,0.7888683799517251,High,1488
3384-CTMSF,1,United States,California,Lincoln,95648,"38.922812, -121.312005",38.922812,-121.312005,Male,No,Yes,No,47,Yes,Yes,Fiber optic,No,Yes,Yes,No,Yes,Yes,Month-to-month,Yes,Electronic check,104.1,5135.15,No,0,71,3142,Attitude of support person,0.6306356226868178,1,Medium,0,Established High-Value,-2.8613615185188013,1.6449257653834488,Standard,1981.4571264819817,1981.4571264819817,0.7887263950021298,High,1489
5331-RGMTT,1,United States,California,Point Arena,95468,"38.911299, -123.609588",38.911299,-123.609588,Male,Yes,Yes,No,54,Yes,Yes,Fiber optic,No,No,Yes,No,Yes,Yes,Month-to-month,Yes,Credit card (automatic),99.05,5295.7,No,0,34,4011,Attitude of support person,0.4934223765795142,0,Medium,0,Established High-Value,-3.069397887577131,1.512799237338064,Standard,1979.1171524604315,1979.1171524604315,0.7885844100525344,High,1490
2027-WKXMW,1,United States,California,Montara,94037,"37.540582, -122.509594",37.540582,-122.509594,Female,No,Yes,No,63,Yes,Yes,Fiber optic,No,Yes,Yes,Yes,Yes,Yes,Month-to-month,Yes,Electronic check,108.75,6871.7,No,0,20,4582,Attitude of support person,0.4317912261614476,0,Medium,0,Established High-Value,-2.8893452820095744,3.080710408411319,Standard,1978.467398271753,1978.467398271753,0.7883004401533438,High,1492
5960-MVTUK,1,United States,California,Grenada,96038,"41.599978, -122.539381",41.599978,-122.539381,Male,No,No,No,3,No,No phone service,DSL,No,No,No,Yes,No,No,Month-to-month,Yes,Electronic check,29.75,96.85,No,0,55,3425,Attitude of support person,0.5773619287779815,1,Medium,3,Mid-Tenure Moderate-Risk,-1.8290431116463868,-3.9142054701745694,Standard,1977.4646060645869,1977.4646060645869,0.7881584552037484,High,1493
9281-PKKZE,1,United States,California,Azusa,91702,"34.174493, -117.87068",34.174493,-117.87068,Female,No,Yes,No,46,No,No phone service,DSL,No,No,No,No,Yes,Yes,Month-to-month,Yes,Electronic check,43.95,2007.85,No,0,47,4818,Attitude of support person,0.4103729005673978,0,Medium,3,Mid-Tenure Moderate-Risk,-2.356520649487343,-1.2657248771303835,Standard,1977.1766349337224,1977.1766349337224,0.7880164702541531,High,1494
9940-HPQPG,1,United States,California,North Hollywood,91601,"34.1692, -118.372498",34.1692,-118.372498,Female,No,Yes,No,9,Yes,Yes,Fiber optic,Yes,Yes,Yes,No,No,No,Month-to-month,No,Bank transfer (automatic),91.75,865.8,Yes,1,91,4176,Extra data charges,0.4733986395947842,0,Medium,2,New High-Risk,-1.5005089433001555,0.3140587648915148,Standard,1976.9127189478188,1976.9127189478188,0.7878744853045577,High,1495
8564-LDKFL,1,United States,California,Big Bar,96010,"40.775272, -123.287414",40.775272,-123.287414,Male,No,Yes,No,40,Yes,Yes,Fiber optic,No,Yes,Yes,No,Yes,Yes,One year,Yes,Bank transfer (automatic),106.0,4178.65,No,0,77,5118,Attitude of support person,0.3860590183485013,0,Low,0,Established High-Value,-2.429732097747863,2.9843636021902005,Standard,1975.8500559076297,1975.8500559076297,0.7877325003549623,High,1496
6358-LYNGM,1,United States,California,Mariposa,95338,"37.526791, -119.99437",37.526791,-119.99437,Male,No,No,No,1,Yes,Yes,Fiber optic,No,No,No,No,No,No,Month-to-month,Yes,Electronic check,74.9,74.9,Yes,1,84,2548,Moved,0.774860981863082,1,High,2,New High-Risk,-2.215297462214461,-3.7813928743312495,High Risk,1974.345781787133,1974.345781787133,0.7875905154053671,High,1497
0147-ESWWR,1,United States,California,Atascadero,93422,"35.453912, -120.69461",35.453912,-120.69461,Female,Yes,Yes,No,39,Yes,Yes,Fiber optic,No,No,No,Yes,Yes,Yes,Month-to-month,Yes,Electronic check,101.25,3949.15,No,0,77,3172,Attitude of support person,0.6224129387914608,1,Medium,2,New High-Risk,-3.1133076057662703,0.4500636226057456,Standard,1974.2938418465135,1974.2938418465135,0.7874485304557717,High,1498
5146-CBVOE,1,United States,California,San Francisco,94134,"37.721052, -122.413573",37.721052,-122.413573,Female,No,No,No,16,Yes,No,Fiber optic,No,Yes,No,No,No,No,Month-to-month,No,Bank transfer (automatic),75.1,1212.85,No,0,59,5176,Attitude of support person,0.3813371850069261,0,Low,2,New High-Risk,-1.1464246904544877,-2.405354627892232,Standard,1973.8012695958494,1973.8012695958494,0.7873065455061763,High,1499
0468-YRPXN,1,United States,California,Lomita,90717,"33.794209, -118.317354",33.794209,-118.317354,Male,No,No,No,29,Yes,No,Fiber optic,No,No,Yes,Yes,Yes,Yes,Month-to-month,Yes,Credit card (automatic),98.8,2807.1,No,0,42,4580,Attitude of support person,0.4306771779297618,0,Medium,0,Established High-Value,-1.9413214519455944,0.36149701225825,Standard,1972.501474918309,1972.501474918309,0.787164560556581,High,1500
0723-DRCLG,1,United States,California,Holtville,92250,"32.811001, -115.152865",32.811001,-115.152865,Female,Yes,Yes,No,1,Yes,Yes,Fiber optic,No,No,No,No,No,No,Month-to-month,Yes,Electronic check,74.45,74.45,Yes,1,94,2394,Competitor made better offer,0.8236577781737378,1,High,2,New High-Risk,-2.639978688753621,-3.092003331817008,High Risk,1971.8367209479281,1971.8367209479281,0.7870225756069856,High,1501
6771-XWBDM,1,United States,California,White Water,92282,"33.972293, -116.654195",33.972293,-116.654195,Female,No,Yes,No,57,Yes,Yes,Fiber optic,No,Yes,Yes,No,Yes,Yes,Month-to-month,Yes,Credit card (automatic),104.5,5921.35,Yes,1,80,4471,Product dissatisfaction,0.4409559132242986,0,Medium,0,Established High-Value,-2.6987931220525376,2.561616169671445,Standard,1971.5138880258392,1971.5138880258392,0.7868805906573904,High,1502
5889-LFOLL,1,United States,California,Canby,96015,"41.486953, -120.913975",41.486953,-120.913975,Female,No,No,No,13,Yes,Yes,Fiber optic,No,No,No,No,No,Yes,Month-to-month,Yes,Electronic check,84.6,1115.2,Yes,1,77,2659,Competitor offered more data,0.7413914049954148,1,High,2,New High-Risk,-2.430771690350359,-2.6658840871969045,High Risk,1971.3597458828078,1971.3597458828078,0.786738605707795,High,1503
8988-ECPJR,1,United States,California,Van Nuys,91411,"34.17847, -118.459472",34.17847,-118.459472,Female,Yes,Yes,No,34,Yes,Yes,Fiber optic,No,Yes,No,No,No,No,Month-to-month,Yes,Mailed check,79.6,2718.3,Yes,1,66,3980,Product dissatisfaction,0.4950760193687744,0,Medium,2,New High-Risk,-2.3411318982679847,-1.2606511582555484,Standard,1970.402557087722,1970.402557087722,0.7865966207581996,High,1504
3422-GALYP,1,United States,California,Phillipsville,95559,"40.184094, -123.745487",40.184094,-123.745487,Male,No,No,No,2,Yes,Yes,Fiber optic,No,Yes,No,No,No,No,Month-to-month,Yes,Electronic check,79.45,145.15,No,0,65,2657,Attitude of support person,0.7413752751812072,1,High,2,New High-Risk,-2.2330328160952817,-3.0026616353520565,High Risk,1969.8341061564674,1969.8341061564674,0.7864546358086043,High,1505
3496-LFSZU,1,United States,California,Anaheim,92801,"33.844983, -117.952151",33.844983,-117.952151,Male,No,Yes,No,4,Yes,No,Fiber optic,No,No,No,No,No,No,Month-to-month,No,Electronic check,70.5,294.2,No,0,68,2896,Attitude of support person,0.6797748229211842,1,Medium,2,New High-Risk,-1.2784801798262124,-3.39783854367509,Standard,1968.6278871797495,1968.6278871797495,0.7863126508590089,High,1506
9600-NAXZN,1,United States,California,Los Angeles,90010,"34.062125, -118.315709",34.062125,-118.315709,Male,No,No,No,43,Yes,Yes,Fiber optic,No,Yes,No,No,Yes,Yes,Month-to-month,Yes,Electronic check,101.4,4528.0,Yes,1,79,3370,Moved,0.5838439439189919,1,Medium,2,New High-Risk,-2.825753638803976,-0.1422034179140472,Standard,1967.5540910070026,1967.5540910070026,0.7861706659094136,High,1507
6877-TJMBR,1,United States,California,Orinda,94563,"37.873916, -122.20522",37.873916,-122.20522,Male,No,Yes,No,1,Yes,No,Fiber optic,No,No,No,Yes,Yes,No,Month-to-month,Yes,Electronic check,84.8,84.8,Yes,1,80,2627,Network reliability,0.7486171452512994,1,High,2,New High-Risk,-1.8188457659671515,-1.9749478320155407,High Risk,1966.6172405751636,1966.6172405751636,0.7860286809598183,High,1508
4750-ZRXIU,1,United States,California,Palo Alto,94304,"37.386978, -122.177746",37.386978,-122.177746,Female,Yes,No,No,4,Yes,Yes,Fiber optic,No,No,No,No,No,Yes,Month-to-month,Yes,Electronic check,84.6,360.1,Yes,1,83,2467,Lack of self-service on Website,0.7968493505069972,1,High,2,New High-Risk,-2.8104886891391003,-3.0353677508648205,High Risk,1965.8273477007622,1965.8273477007622,0.7858866960102229,High,1509
4658-HCOHW,1,United States,California,Redwood Valley,95470,"39.298065, -123.25211",39.298065,-123.25211,Female,No,Yes,No,21,Yes,No,Fiber optic,No,Yes,Yes,Yes,Yes,Yes,Month-to-month,Yes,Electronic check,102.8,2110.15,Yes,1,100,3123,Competitor had better devices,0.6293450323804799,1,Medium,0,Established High-Value,-2.119845182352715,1.0346520045396783,Standard,1965.4445361242388,1965.4445361242388,0.7857447110606276,High,1510
6979-ZNSFF,1,United States,California,Pollock Pines,95726,"38.733908, -120.453416",38.733908,-120.453416,Female,No,No,No,8,Yes,Yes,Fiber optic,No,No,No,No,Yes,No,Month-to-month,Yes,Electronic check,87.05,762.1,Yes,1,69,2545,Price too high,0.7709654788142467,1,High,2,New High-Risk,-2.4226532077226266,-2.7927434238782656,High Risk,1962.1071435822578,1962.1071435822578,0.7856027261110322,High,1511
4013-TLDHQ,1,United States,California,Berkeley,94704,"37.871416, -122.246597",37.871416,-122.246597,Male,No,No,No,19,Yes,No,Fiber optic,No,Yes,Yes,No,No,No,Month-to-month,Yes,Electronic check,78.25,1490.95,Yes,1,72,3666,Competitor had better devices,0.5348308840653307,1,Medium,2,New High-Risk,-1.8842421040022748,-2.199191163707064,Standard,1960.6900209835026,1960.6900209835026,0.7854607411614369,High,1512
2018-QKYGT,1,United States,California,San Gabriel,91775,"34.114772, -118.089431",34.114772,-118.089431,Male,No,Yes,Yes,1,Yes,No,Fiber optic,No,No,No,No,No,Yes,Month-to-month,Yes,Electronic check,81.05,81.05,No,0,27,4396,Attitude of support person,0.4459647708237399,0,Medium,2,New High-Risk,-1.6112884443913813,-2.010096546543502,Standard,1960.4611325411606,1960.4611325411606,0.7853187562118416,High,1513
2856-HYAPG,1,United States,California,Platina,96076,"40.367964, -122.937379",40.367964,-122.937379,Female,No,No,No,1,Yes,No,Fiber optic,No,No,No,No,No,No,Month-to-month,No,Electronic check,68.65,68.65,Yes,1,99,3052,Price too high,0.6417951984101663,1,Medium,2,New High-Risk,-1.250551612822966,-4.285065723457564,Standard,1958.7589455478276,1958.7589455478276,0.7851767712622462,High,1514
9851-QXEEQ,1,United States,California,Bangor,95914,"39.396585, -121.38029",39.396585,-121.38029,Male,No,No,No,41,Yes,Yes,Fiber optic,No,Yes,Yes,No,Yes,Yes,Month-to-month,Yes,Electronic check,104.7,4346.4,Yes,1,84,3316,Competitor offered more data,0.5905488691072575,1,Medium,0,Established High-Value,-2.819647786438701,0.6498991948258723,Standard,1958.2600499596658,1958.2600499596658,0.7850347863126509,High,1515
2011-TRQYE,1,United States,California,Deer Park,94576,"38.554383, -122.474773",38.554383,-122.474773,Male,No,No,No,18,No,No phone service,DSL,No,Yes,Yes,No,No,No,Month-to-month,Yes,Credit card (automatic),33.5,600.0,Yes,1,82,5474,Product dissatisfaction,0.3576363518895297,0,Low,3,Mid-Tenure Moderate-Risk,-1.770135063935093,-2.0692493285167024,Standard,1957.7013902432855,1957.7013902432855,0.7848928013630555,High,1516
9763-PDTKK,1,United States,California,San Jose,95112,"37.343827, -121.883119",37.343827,-121.883119,Female,No,No,No,4,Yes,No,Fiber optic,Yes,No,Yes,Yes,No,Yes,Month-to-month,Yes,Bank transfer (automatic),94.4,387.2,Yes,1,74,4249,Competitor had better devices,0.4604579826287496,0,Medium,2,New High-Risk,-1.547641262743775,-0.460159619177816,Standard,1956.485968189557,1956.485968189557,0.7847508164134602,High,1517
1567-DSCIC,1,United States,California,San Mateo,94401,"37.590421, -122.306467",37.590421,-122.306467,Male,No,No,No,8,Yes,Yes,Fiber optic,No,Yes,Yes,No,Yes,No,Month-to-month,Yes,Electronic check,94.0,773.65,Yes,1,71,2632,Product dissatisfaction,0.7432710232837023,1,High,2,New High-Risk,-2.434879874079495,-1.1907288954112916,High Risk,1956.2893332827045,1956.2893332827045,0.7846088314638648,High,1518
9158-VCTQB,1,United States,California,Los Angeles,90023,"34.017697, -118.200577",34.017697,-118.200577,Female,No,Yes,No,41,Yes,Yes,Fiber optic,Yes,Yes,Yes,Yes,Yes,Yes,Month-to-month,Yes,Bank transfer (automatic),113.6,4594.95,Yes,1,96,4963,Extra data charges,0.393294482197474,0,Low,0,Established High-Value,-2.424636920477161,3.6904118987189927,Standard,1951.9205151460633,1951.9205151460633,0.7844668465142695,High,1519
3672-YITQD,1,United States,California,Castaic,91384,"34.506627, -118.699048",34.506627,-118.699048,Male,Yes,Yes,No,36,Yes,Yes,Fiber optic,No,No,No,No,No,Yes,Month-to-month,Yes,Electronic check,84.1,3021.6,Yes,1,79,2987,Competitor made better offer,0.6533507509290494,1,Medium,2,New High-Risk,-2.9828490734404016,-1.329737474604131,Standard,1951.5586930250704,1951.5586930250704,0.7843248615646742,High,1520
9774-NRNAU,1,United States,California,Cabazon,92230,"33.929812, -116.76058",33.929812,-116.76058,Male,Yes,Yes,No,27,Yes,Yes,DSL,No,Yes,Yes,Yes,Yes,Yes,Month-to-month,Yes,Bank transfer (automatic),84.8,2309.55,No,0,75,5352,Attitude of support person,0.3646185286297915,0,Low,0,Established High-Value,-2.4616188998311714,2.241843864491468,Standard,1951.438365226644,1951.438365226644,0.7841828766150788,High,1521
7465-ZZRVX,1,United States,California,Ceres,95307,"37.553469, -120.952825",37.553469,-120.952825,Male,No,No,No,1,Yes,No,Fiber optic,No,No,No,No,No,No,Month-to-month,Yes,Electronic check,70.35,70.35,No,0,32,2722,Attitude of support person,0.7163880050554136,1,High,2,New High-Risk,-1.7657817776681646,-4.361431134886747,High Risk,1950.0081497608357,1950.0081497608357,0.7840408916654834,High,1522
1334-FJSVR,1,United States,California,Sequoia National Park,93262,"36.527243, -118.594938",36.527243,-118.594938,Male,No,No,No,1,No,No phone service,DSL,No,No,No,No,No,No,Month-to-month,Yes,Electronic check,24.25,24.25,Yes,1,85,2846,Lack of self-service on Website,0.6848742079001123,1,Medium,3,Mid-Tenure Moderate-Risk,-1.9035436862959605,-4.815531129260389,Standard,1949.1519956837196,1949.1519956837196,0.7838989067158881,High,1523
2037-XJFUP,1,United States,California,Ridgecrest,93555,"35.603913, -117.67828",35.603913,-117.67828,Male,No,Yes,No,33,Yes,No,Fiber optic,No,No,Yes,No,Yes,Yes,One year,Yes,Electronic check,95.8,3036.75,Yes,1,76,4161,Competitor offered more data,0.4682527794382392,0,Medium,0,Established High-Value,-2.104453787951934,0.7654165129963093,Standard,1948.3998152425131,1948.3998152425131,0.7837569217662927,High,1524
9578-VRMNM,1,United States,California,Summerland,93067,"34.420998, -119.60137",34.420998,-119.60137,Female,No,No,No,16,Yes,Yes,DSL,No,No,Yes,No,No,Yes,Month-to-month,Yes,Credit card (automatic),65.2,1043.35,Yes,1,73,4722,Attitude of support person,0.4126138902668849,0,Medium,2,New High-Risk,-1.873191597240213,-1.1891960307450269,Standard,1948.3627898402303,1948.3627898402303,0.7836149368166975,High,1525
4803-AXVYP,1,United States,California,Butte City,95920,"39.449794, -121.936372",39.449794,-121.936372,Female,Yes,No,No,38,Yes,Yes,Fiber optic,No,No,No,Yes,Yes,Yes,Month-to-month,Yes,Electronic check,99.55,3734.25,Yes,1,100,3474,Service dissatisfaction,0.5599947832803474,1,Medium,2,New High-Risk,-3.0898218299843783,-0.38901515562427,Standard,1945.4218771159267,1945.4218771159267,0.7831889819679114,High,1528
5482-PLVPE,1,United States,California,Daly City,94014,"37.691561, -122.445202",37.691561,-122.445202,Female,Yes,No,No,2,No,No phone service,DSL,No,No,No,No,No,No,Month-to-month,No,Electronic check,24.35,41.85,Yes,1,72,3278,Competitor had better devices,0.59320614475996,1,Medium,3,Mid-Tenure Moderate-Risk,-1.83561552429198,-4.816195799382305,Standard,1944.529742523149,1944.529742523149,0.783046997018316,High,1529
9214-EKVXR,1,United States,California,San Francisco,94110,"37.750021, -122.415201",37.750021,-122.415201,Female,No,No,No,1,Yes,No,DSL,No,No,No,No,No,No,Month-to-month,Yes,Mailed check,44.0,44.0,No,0,75,4138,Attitude of support person,0.4692782051649073,0,Medium,2,New High-Risk,-0.8948133490404152,-4.30918180558789,Standard,1941.8732129723865,1941.8732129723865,0.7827630271191254,High,1531
9828-AOQLM,1,United States,California,San Marcos,92069,"33.162624, -117.170863",33.162624,-117.170863,Female,No,Yes,No,1,Yes,No,DSL,No,No,No,No,No,No,Month-to-month,Yes,Electronic check,45.7,45.7,Yes,1,99,3187,Competitor offered higher download speeds,0.6090426087018681,1,Medium,2,New High-Risk,-1.4015614967691867,-3.655043259449671,Standard,1941.0187939328537,1941.0187939328537,0.78262104216953,High,1532
0320-JDNQG,1,United States,California,Oxnard,93035,"34.18454, -119.224666",34.18454,-119.224666,Male,No,Yes,No,23,Yes,No,Fiber optic,Yes,No,No,Yes,Yes,Yes,Month-to-month,Yes,Electronic check,99.85,2331.3,Yes,1,83,3425,Don't know,0.5666244478690596,1,Medium,2,New High-Risk,-2.016371716418921,0.2339299208245081,Standard,1940.6887339515292,1940.6887339515292,0.7824790572199347,High,1533
1469-LBJQJ,1,United States,California,Victorville,92392,"34.486835, -117.362274",34.486835,-117.362274,Female,No,Yes,No,66,Yes,Yes,Fiber optic,No,Yes,Yes,No,Yes,Yes,Month-to-month,Yes,Electronic check,105.2,6936.85,No,0,20,4016,Attitude of support person,0.483086119682667,0,Medium,0,Established High-Value,-2.991429663750272,2.277618202215981,Standard,1940.0738566455907,1940.0738566455907,0.7823370722703393,High,1534
3049-NDXFL,1,United States,California,South Lake Tahoe,96150,"38.911577, -120.106169",38.911577,-120.106169,Female,No,No,No,1,Yes,Yes,Fiber optic,No,No,No,No,No,Yes,Month-to-month,No,Mailed check,85.8,85.8,Yes,1,99,2850,Extra data charges,0.6805357250244295,1,Medium,2,New High-Risk,-1.3709617705943529,-2.8464756406408163,Standard,1939.526816319624,1939.526816319624,0.782195087320744,High,1535
2782-LFZVW,1,United States,California,Costa Mesa,92627,"33.645672, -117.922613",33.645672,-117.922613,Female,No,No,No,11,Yes,Yes,DSL,No,No,No,No,No,Yes,Month-to-month,Yes,Mailed check,58.95,601.6,No,0,21,3880,Attitude of support person,0.4997965871777308,0,Medium,2,New High-Risk,-1.535566361694283,-2.7321790965973416,Standard,1939.2107582495955,1939.2107582495955,0.7820531023711487,High,1536
5442-UTCVD,1,United States,California,Pittsburg,94565,"38.006047, -121.916834",38.006047,-121.916834,Male,No,No,No,3,Yes,Yes,Fiber optic,No,No,Yes,No,No,Yes,Month-to-month,No,Electronic check,91.85,257.05,Yes,1,91,2704,Attitude of service provider,0.7169656379410445,1,High,2,New High-Risk,-1.9093755403278407,-2.006694283129399,High Risk,1938.6750849925843,1938.6750849925843,0.7819111174215533,High,1537
9272-LSVYH,1,United States,California,Courtland,95615,"38.311609, -121.554034",38.311609,-121.554034,Male,No,No,No,10,Yes,No,Fiber optic,No,No,No,No,No,No,Month-to-month,No,Mailed check,70.15,735.5,No,0,78,3963,Attitude of support person,0.4889179413709243,0,Medium,2,New High-Risk,-0.8128612073253157,-3.8861092744840513,Standard,1937.5818016529731,1937.5818016529731,0.7816271475223626,High,1539
0302-JOIVN,1,United States,California,San Gabriel,91775,"34.114772, -118.089431",34.114772,-118.089431,Female,No,Yes,No,8,Yes,No,Fiber optic,No,Yes,Yes,No,Yes,Yes,Month-to-month,No,Electronic check,101.15,842.9,Yes,1,76,2750,Network reliability,0.7045021371094797,1,High,2,New High-Risk,-1.647835095460278,-0.1010741569566225,High Risk,1937.3808770510693,1937.3808770510693,0.7814851625727672,High,1540
5119-KEPFY,1,United States,California,San Jose,95131,"37.387027, -121.897775",37.387027,-121.897775,Male,No,Yes,No,36,Yes,Yes,Fiber optic,No,No,No,No,Yes,Yes,Month-to-month,Yes,Bank transfer (automatic),95.0,3440.25,No,0,64,3057,Attitude of support person,0.6335191678171194,1,Medium,2,New High-Risk,-2.50814653451806,0.1339389319560668,Standard,1936.668096016934,1936.668096016934,0.7809172227743859,High,1544
5153-RTHKF,1,United States,California,Palm Springs,92264,"33.745746, -116.514215",33.745746,-116.514215,Female,No,No,No,34,Yes,Yes,Fiber optic,No,No,No,No,Yes,No,Month-to-month,No,Electronic check,85.35,2896.6,No,0,78,3818,Attitude of support person,0.5072386684435187,1,Medium,2,New High-Risk,-2.0534535195153336,-1.9367579234718868,Standard,1936.6372361173544,1936.6372361173544,0.7807752378247905,High,1545
3494-JCHRQ,1,United States,California,Van Nuys,91411,"34.17847, -118.459472",34.17847,-118.459472,Male,No,No,No,1,Yes,No,Fiber optic,No,No,No,No,No,No,Month-to-month,Yes,Electronic check,70.05,70.05,Yes,1,69,2699,Attitude of support person,0.7173842242877353,1,High,2,New High-Risk,-1.7631998735505925,-4.365776301153001,High Risk,1936.2200213525975,1936.2200213525975,0.7806332528751952,High,1546
5501-TVMGM,1,United States,California,Canby,96015,"41.486953, -120.913975",41.486953,-120.913975,Male,No,No,No,1,Yes,No,DSL,No,No,No,No,No,Yes,Month-to-month,Yes,Electronic check,55.25,55.25,No,0,49,3255,Attitude of support person,0.594834787238634,1,Medium,2,New High-Risk,-1.5494467352741952,-3.6819975830934135,Standard,1936.1872324617539,1936.1872324617539,0.7804912679255999,High,1547
7228-OMTPN,1,United States,California,Santa Barbara,93110,"34.437945, -119.77191",34.437945,-119.77191,Male,No,No,No,4,Yes,No,Fiber optic,No,No,No,No,Yes,Yes,Month-to-month,Yes,Electronic check,88.45,370.65,Yes,1,98,2456,Don't know,0.7877521604375038,1,High,2,New High-Risk,-2.0637282055124424,-2.743608402443556,High Risk,1934.7193060345094,1934.7193060345094,0.7803492829760046,High,1548
6180-YBIQI,1,United States,California,Santa Monica,90404,"34.026334, -118.474222",34.026334,-118.474222,Male,No,No,No,5,No,No phone service,DSL,No,No,No,No,No,No,Month-to-month,No,Mailed check,24.3,100.2,No,0,61,4015,Attitude of support person,0.4814703201793327,0,Medium,3,Mid-Tenure Moderate-Risk,-0.9154271879420522,-4.500433792681661,Standard,1933.103335520021,1933.103335520021,0.7800653130768138,High,1550
2984-AFWNC,1,United States,California,Rough And Ready,95975,"39.225634, -121.156163",39.225634,-121.156163,Female,No,No,No,3,Yes,No,Fiber optic,No,Yes,No,No,Yes,Yes,Month-to-month,No,Electronic check,95.4,293.15,No,0,70,2813,Attitude of support person,0.6871777893324146,1,Medium,2,New High-Risk,-1.5889281241405433,-1.928563423682619,Standard,1933.0311213920822,1933.0311213920822,0.7799233281272185,High,1551
2737-YNGYW,1,United States,California,Hemet,92543,"33.739415, -116.968339",33.739415,-116.968339,Female,No,No,No,2,Yes,No,Fiber optic,No,No,No,No,No,Yes,Month-to-month,No,Electronic check,80.55,184.1,Yes,1,69,2856,Attitude of support person,0.6757195293184939,1,Medium,2,New High-Risk,-1.421385951620196,-3.480677910400909,Standard,1929.8549757336186,1929.8549757336186,0.7797813431776232,High,1552
9734-YWGEX,1,United States,California,South San Francisco,94080,"37.654436, -122.426468",37.654436,-122.426468,Female,No,No,No,9,Yes,Yes,Fiber optic,No,No,Yes,No,Yes,Yes,Month-to-month,No,Credit card (automatic),98.3,923.5,Yes,1,81,2954,Price too high,0.6530941918538891,1,Medium,2,New High-Risk,-1.844179414303731,-0.5316944962100524,Standard,1929.2402427363884,1929.2402427363884,0.7796393582280279,High,1553
0812-WUPTB,1,United States,California,Corona Del Mar,92625,"33.600987, -117.862734",33.600987,-117.862734,Male,Yes,Yes,No,1,Yes,No,Fiber optic,No,No,No,No,No,No,Month-to-month,No,Mailed check,70.85,70.85,Yes,1,69,3022,Long distance charges,0.6382739999984778,1,Medium,2,New High-Risk,-1.1973535878174555,-3.509672284940028,Standard,1928.8640279954,1928.8640279954,0.7794973732784325,High,1554
5498-TXHLF,1,United States,California,Whitmore,96096,"40.637105, -121.906949",40.637105,-121.906949,Female,No,Yes,No,34,Yes,Yes,Fiber optic,No,No,Yes,No,Yes,No,Month-to-month,No,Electronic check,87.45,2874.15,Yes,1,98,3358,Extra data charges,0.5743989565392813,1,Medium,2,New High-Risk,-2.044581590179627,-0.3263314172153876,Standard,1928.8316960589066,1928.8316960589066,0.7793553883288371,High,1555
1482-OXZSY,1,United States,California,Freedom,95019,"36.936228, -121.785559",36.936228,-121.785559,Male,No,No,No,30,Yes,Yes,Fiber optic,Yes,No,No,No,Yes,Yes,Month-to-month,Yes,Bank transfer (automatic),100.4,2936.25,No,0,37,3778,Attitude of support person,0.5101336038538267,1,Medium,2,New High-Risk,-2.3838559617465376,-0.0557610282230497,Standard,1927.2847553597571,1927.2847553597571,0.7790714184296464,High,1557
9048-JVYVF,1,United States,California,Panorama City,91402,"34.223768, -118.445461",34.223768,-118.445461,Male,No,No,No,3,Yes,No,DSL,No,No,No,Yes,Yes,Yes,Month-to-month,Yes,Electronic check,69.35,191.35,Yes,1,98,3520,Price too high,0.5471076966025741,1,Medium,2,New High-Risk,-1.611370104044361,-2.0322041470229824,Standard,1925.8190920410607,1925.8190920410607,0.7787874485304558,High,1559
9631-XEYKE,1,United States,California,Rialto,92377,"34.156758, -117.404686",34.156758,-117.404686,Male,No,No,No,3,Yes,Yes,DSL,No,No,No,No,No,No,Month-to-month,No,Bank transfer (automatic),50.4,137.25,No,0,53,4639,Attitude of support person,0.4150568108409443,0,Medium,2,New High-Risk,-1.145242886880577,-3.1197947139561486,Standard,1925.4485454911407,1925.4485454911407,0.7786454635808604,High,1560
1329-VHWNP,1,United States,California,Grover Beach,93433,"35.120833, -120.61843",35.120833,-120.61843,Female,No,No,No,7,No,No phone service,DSL,No,No,No,No,No,No,Month-to-month,No,Bank transfer (automatic),25.05,189.95,No,0,63,4404,Attitude of support person,0.436886690779165,0,Medium,3,Mid-Tenure Moderate-Risk,-1.2093020872939209,-3.974557372460263,Standard,1924.0489861914425,1924.0489861914425,0.7783614936816697,High,1562
3755-JBMNH,1,United States,California,Huntington Beach,92648,"33.679659, -118.016195",33.679659,-118.016195,Male,Yes,Yes,No,16,Yes,No,Fiber optic,No,No,No,No,No,No,Month-to-month,Yes,Bank transfer (automatic),71.8,1167.8,Yes,1,86,3327,Competitor offered more data,0.5781737297153013,1,Medium,2,New High-Risk,-2.0624612232646,-2.714946999983995,Standard,1923.5839987628076,1923.5839987628076,0.7780775237824791,High,1564
5599-HVLTW,1,United States,California,Oakland,94609,"37.834341, -122.26437",37.834341,-122.26437,Female,Yes,No,No,14,Yes,Yes,Fiber optic,No,No,Yes,No,No,No,Month-to-month,Yes,Bank transfer (automatic),80.35,1058.1,No,0,39,3276,Attitude of support person,0.587135923946047,1,Medium,2,New High-Risk,-2.517286800520861,-2.133186860226143,Standard,1923.4572868472499,1923.4572868472499,0.7779355388328837,High,1565
0655-RBDUG,1,United States,California,Alviso,95002,"37.449537, -121.994813",37.449537,-121.994813,Male,No,No,No,7,Yes,Yes,Fiber optic,No,No,Yes,No,Yes,Yes,Month-to-month,Yes,Bank transfer (automatic),98.05,713.0,Yes,1,86,2561,Competitor offered more data,0.7509549569894712,1,High,2,New High-Risk,-2.334765264519953,-0.6883498793570202,High Risk,1923.195644850036,1923.195644850036,0.7777935538832884,High,1566
9398-MMQTO,1,United States,California,Borrego Springs,92004,"33.200369, -116.192313",33.200369,-116.192313,Male,No,No,No,3,Yes,No,Fiber optic,No,Yes,No,No,No,No,Month-to-month,No,Credit card (automatic),74.45,221.1,No,0,61,3956,Attitude of support person,0.4861044444408319,0,Medium,2,New High-Risk,-1.0625920192225031,-2.8772119944864376,Standard,1923.029182207931,1923.029182207931,0.777651568933693,High,1567
1853-UDXBW,1,United States,California,Samoa,95564,"40.809636, -124.189977",40.809636,-124.189977,Male,No,Yes,No,1,Yes,No,Fiber optic,No,No,No,No,No,No,Month-to-month,Yes,Electronic check,70.0,70.0,Yes,1,85,2485,Price too high,0.772510352411624,1,High,2,New High-Risk,-1.760483238135009,-3.5676027930019165,High Risk,1919.6882257428856,1919.6882257428856,0.7773675990345024,High,1569
4537-DKTAL,1,United States,California,Darwin,93522,"36.319181, -117.593053",36.319181,-117.593053,Female,No,No,No,2,Yes,No,DSL,No,No,No,No,No,No,Month-to-month,No,Electronic check,45.55,84.4,No,0,70,4372,Attitude of support person,0.4390794598906792,0,Medium,2,New High-Risk,-0.9084207666720155,-4.268569855359295,Standard,1919.6553986420495,1919.6553986420495,0.777225614084907,High,1570
7294-TMAOP,1,United States,California,Castro Valley,94546,"37.708327, -122.083473",37.708327,-122.083473,Female,No,No,No,1,Yes,No,Fiber optic,No,No,No,No,Yes,Yes,Month-to-month,No,Electronic check,90.55,90.55,Yes,1,72,2627,Competitor made better offer,0.7303655900159757,1,High,2,New High-Risk,-1.5601233011439384,-2.751010564024991,High Risk,1918.670404971968,1918.670404971968,0.7770836291353117,High,1571
2014-MKGMH,1,United States,California,Riverside,92508,"33.885499, -117.324959",33.885499,-117.324959,Female,No,No,No,46,Yes,Yes,Fiber optic,No,No,Yes,No,Yes,Yes,One year,Yes,Electronic check,101.1,4674.4,No,0,54,4883,Attitude of support person,0.3928288042898054,0,Low,0,Established High-Value,-2.6679086269104912,1.0477807293538532,Standard,1918.1830513471198,1918.1830513471198,0.7769416441857163,High,1572
2761-OCIAX,1,United States,California,Palo Cedro,96073,"40.582399, -122.195512",40.582399,-122.195512,Male,Yes,No,No,2,Yes,No,Fiber optic,No,Yes,No,No,No,No,Month-to-month,Yes,Electronic check,74.7,165.4,Yes,1,81,2803,Competitor made better offer,0.6843297781067355,1,Medium,2,New High-Risk,-2.213333130185752,-3.698261767126996,Standard,1918.1763680331794,1918.1763680331794,0.7767996592361209,High,1573
7398-SKNQZ,1,United States,California,Downey,90241,"33.940884, -118.128628",33.940884,-118.128628,Female,No,Yes,No,3,Yes,Yes,Fiber optic,No,No,No,No,Yes,Yes,Month-to-month,No,Electronic check,94.9,273.2,No,0,58,2330,Attitude of support person,0.8229792669153904,1,High,2,New High-Risk,-2.017834092051792,-1.3091688456248638,High Risk,1917.5416919128595,1917.5416919128595,0.7766576742865257,High,1574
9094-AZPHK,1,United States,California,San Bernardino,92405,"34.142747, -117.300864",34.142747,-117.300864,Female,No,No,No,15,Yes,Yes,Fiber optic,No,Yes,No,No,Yes,Yes,Month-to-month,Yes,Electronic check,100.15,1415.0,No,0,65,2565,Attitude of support person,0.7475665815719061,1,High,2,New High-Risk,-2.6149785125842886,-1.076318851996636,High Risk,1917.5082817319392,1917.5082817319392,0.7765156893369303,High,1575
3716-UVSPD,1,United States,California,San Juan Capistrano,92675,"33.521447, -117.602555",33.521447,-117.602555,Male,No,No,No,1,Yes,No,DSL,No,No,No,Yes,No,No,Month-to-month,Yes,Electronic check,49.3,49.3,No,0,45,4209,Attitude of support person,0.4552622505024286,0,Medium,2,New High-Risk,-1.310110379875414,-3.5684536947443384,Standard,1916.1988123647218,1916.1988123647218,0.7760897344881442,High,1578
0060-FUALY,1,United States,California,Los Angeles,90003,"33.964131, -118.272783",33.964131,-118.272783,Female,No,Yes,No,59,Yes,Yes,Fiber optic,Yes,Yes,No,No,Yes,No,Month-to-month,Yes,Electronic check,94.75,5597.65,No,0,26,5238,Attitude of support person,0.3657762286932055,0,Low,0,Established High-Value,-2.6465073663915155,1.1907050022907597,Standard,1915.9358858950102,1915.9358858950102,0.775947749538549,High,1579
4976-LNFVV,1,United States,California,Daly City,94015,"37.680844, -122.48131",37.680844,-122.48131,Male,Yes,Yes,No,19,No,No phone service,DSL,No,Yes,Yes,No,No,No,Month-to-month,Yes,Credit card (automatic),34.3,577.15,No,0,20,4615,Attitude of support person,0.4148846817382013,0,Medium,3,Mid-Tenure Moderate-Risk,-2.1998162287278364,-1.4541098816389646,Standard,1914.692806221799,1914.692806221799,0.7758057645889536,High,1580
2070-XYMFH,1,United States,California,Long Beach,90815,"33.797638, -118.11662",33.797638,-118.11662,Female,Yes,No,No,23,Yes,Yes,Fiber optic,No,No,Yes,No,No,No,Month-to-month,Yes,Mailed check,79.35,1835.3,No,0,50,3558,Attitude of support person,0.5381298522258287,1,Medium,2,New High-Risk,-2.2829485062803707,-2.300750239782426,Standard,1914.6660142194983,1914.6660142194983,0.7756637796393582,High,1581
3352-ALMCK,1,United States,California,Navarro,95463,"39.182916, -123.552571",39.182916,-123.552571,Male,No,No,No,40,Yes,Yes,Fiber optic,No,Yes,Yes,No,Yes,Yes,Month-to-month,Yes,Mailed check,102.65,4108.15,No,0,52,3655,Attitude of support person,0.5235913582997136,1,Medium,0,Established High-Value,-2.291242510958478,0.694239773853243,Standard,1913.726414585453,1913.726414585453,0.7755217946897629,High,1582
3336-JORSO,1,United States,California,Hayward,94542,"37.656695, -122.048361",37.656695,-122.048361,Female,Yes,No,No,33,Yes,Yes,Fiber optic,No,Yes,Yes,Yes,Yes,Yes,Month-to-month,Yes,Electronic check,110.45,3655.45,Yes,1,80,3401,Product dissatisfaction,0.5614932285821106,1,Medium,0,Established High-Value,-3.123570866999055,1.1293495869783514,Standard,1909.6384704077582,1909.6384704077582,0.7753798097401675,High,1583
2189-WWOEW,1,United States,California,Keene,93531,"35.214982, -118.59049",35.214982,-118.59049,Female,No,No,No,15,Yes,No,Fiber optic,No,Yes,No,No,No,Yes,Month-to-month,Yes,Bank transfer (automatic),85.9,1269.55,Yes,1,96,3579,Don't know,0.5330858928170417,1,Medium,2,New High-Risk,-1.7978651046543146,-1.86306998596048,Standard,1907.9144103921922,1907.9144103921922,0.7752378247905722,High,1584
0793-TWELN,1,United States,California,Los Angeles,90026,"34.078991, -118.263804",34.078991,-118.263804,Female,No,No,No,4,Yes,Yes,Fiber optic,Yes,No,No,No,No,No,Month-to-month,Yes,Electronic check,80.15,319.85,No,0,62,2841,Attitude of support person,0.6714557374763859,1,Medium,2,New High-Risk,-2.1349891809671693,-2.9713824672537346,Standard,1907.6057501704122,1907.6057501704122,0.7750958398409769,High,1585
4223-WOZCM,1,United States,California,Carmel,93923,"36.460611, -121.852507",36.460611,-121.852507,Male,Yes,No,No,2,Yes,No,DSL,No,No,Yes,No,No,No,Month-to-month,No,Mailed check,49.95,107.1,No,0,78,5251,Attitude of support person,0.3631264057841435,0,Low,2,New High-Risk,-0.8603700571149487,-3.3524225771947047,Standard,1906.7767567725375,1906.7767567725375,0.7749538548913815,High,1586
8640-SDGKB,1,United States,California,Los Angeles,90066,"34.002028, -118.430656",34.002028,-118.430656,Male,No,No,No,4,Yes,No,DSL,No,No,Yes,Yes,Yes,Yes,Month-to-month,Yes,Electronic check,74.4,299.7,Yes,1,69,3633,Attitude of support person,0.5246503494682869,1,Medium,2,New High-Risk,-1.6389754325202053,-1.128584464935332,Standard,1906.0547196182863,1906.0547196182863,0.7748118699417862,High,1587
0125-LZQXK,1,United States,California,Big Oak Flat,95305,"37.818589, -120.256995",37.818589,-120.256995,Male,No,No,No,15,Yes,No,Fiber optic,No,No,Yes,Yes,Yes,Yes,Month-to-month,Yes,Electronic check,101.35,1553.95,Yes,1,99,3025,Attitude of service provider,0.6298591918240858,1,Medium,2,New High-Risk,-2.096985182283508,-0.6918943774497532,Standard,1905.3240552678594,1905.3240552678594,0.7746698849921908,High,1588
4636-JGAAI,1,United States,California,San Jose,95120,"37.186141, -121.843554",37.186141,-121.843554,Male,No,Yes,No,34,Yes,Yes,Fiber optic,No,Yes,No,No,No,Yes,Month-to-month,No,Mailed check,88.85,3000.25,No,0,70,4014,Attitude of support person,0.474448987887708,0,Medium,2,New High-Risk,-1.5666347864858707,-0.2720351910874189,Standard,1904.43823738126,1904.43823738126,0.7745279000425955,High,1589
5896-NPFWW,1,United States,California,Visalia,93292,"36.37559, -119.211689",36.37559,-119.211689,Male,No,Yes,No,3,Yes,No,DSL,No,No,Yes,No,No,No,Month-to-month,Yes,Electronic check,50.15,168.15,Yes,1,86,3273,Competitor offered higher download speeds,0.5813325453843187,1,Medium,2,New High-Risk,-1.4257815998262988,-2.741960487197695,Standard,1902.701421042875,1902.701421042875,0.7743859150930001,High,1590
4465-VDKIQ,1,United States,California,Glendale,91201,"34.17051, -118.289463",34.17051,-118.289463,Female,No,No,No,18,Yes,No,Fiber optic,No,Yes,Yes,No,No,No,Month-to-month,No,Electronic check,77.8,1358.6,No,0,42,4228,Attitude of support person,0.4495363081511416,0,Medium,2,New High-Risk,-1.372547728001687,-2.119705392756177,Standard,1900.6395108630268,1900.6395108630268,0.7742439301434048,High,1591
5494-HECPR,1,United States,California,Mi Wuk Village,95346,"38.121601, -120.133915",38.121601,-120.133915,Female,No,No,No,1,Yes,No,Fiber optic,No,No,No,No,Yes,No,Month-to-month,Yes,Electronic check,80.25,80.25,Yes,1,69,2502,Moved,0.7593493914643037,1,High,2,New High-Risk,-1.9103260844796703,-3.602688551671075,High Risk,1899.8921774436878,1899.8921774436878,0.7741019451938095,High,1592
3966-HRMZA,1,United States,California,Bishop,93514,"37.04584, -118.397236",37.04584,-118.397236,Female,Yes,No,No,3,Yes,No,Fiber optic,No,No,Yes,No,No,No,Month-to-month,No,Mailed check,75.05,202.9,No,0,56,3545,Attitude of support person,0.53550538350612,1,Medium,2,New High-Risk,-1.2238783718228112,-3.366185254721501,Standard,1898.3665845291953,1898.3665845291953,0.7739599602442141,High,1593
5804-LEPIM,1,United States,California,Escondido,92029,"33.079834, -117.134275",33.079834,-117.134275,Female,Yes,No,No,2,Yes,No,Fiber optic,No,No,No,No,No,No,Month-to-month,Yes,Electronic check,70.35,139.05,Yes,1,73,2671,Extra data charges,0.7106511319332169,1,High,2,New High-Risk,-2.2003193854427723,-4.459153439645687,High Risk,1898.1491733936225,1898.1491733936225,0.7738179752946188,High,1594
2190-BCXEC,1,United States,California,Death Valley,92328,"36.27688, -117.033326",36.27688,-117.033326,Female,No,Yes,No,40,Yes,Yes,Fiber optic,No,No,No,Yes,No,No,Month-to-month,Yes,Credit card (automatic),78.85,3126.85,No,0,45,5257,Attitude of support person,0.3609580012257714,0,Low,2,New High-Risk,-2.110721984403229,-0.3631927836899459,Standard,1897.5562124438802,1897.5562124438802,0.7736759903450234,High,1595
1587-FKLZB,1,United States,California,Santa Barbara,93101,"34.419203, -119.710008",34.419203,-119.710008,Male,Yes,Yes,No,66,Yes,Yes,Fiber optic,No,No,Yes,No,Yes,Yes,Month-to-month,Yes,Credit card (automatic),99.5,6822.15,Yes,1,96,4479,Attitude of support person,0.4236003661126334,0,Medium,0,Established High-Value,-3.17046885909424,1.9559274877885968,Standard,1897.306039818485,1897.306039818485,0.773534005395428,High,1596
5533-NHFRF,1,United States,California,San Jose,95132,"37.424655, -121.74841",37.424655,-121.74841,Male,Yes,No,No,7,No,No phone service,DSL,No,Yes,No,Yes,No,Yes,Month-to-month,Yes,Electronic check,44.4,265.8,No,0,77,3410,Attitude of support person,0.556032905878676,1,Medium,3,Mid-Tenure Moderate-Risk,-2.4346085414207743,-2.4197441425332187,Standard,1896.0722090462853,1896.0722090462853,0.7733920204458328,High,1597
5133-VRSAB,1,United States,California,Olema,94950,"38.052209, -122.775567",38.052209,-122.775567,Male,No,No,No,8,No,No phone service,DSL,Yes,No,No,No,No,No,Month-to-month,No,Mailed check,29.35,216.45,No,0,59,5369,Attitude of support person,0.3526695680614374,0,Low,3,Mid-Tenure Moderate-Risk,-0.8334199085810795,-3.573739280407136,Standard,1893.4829109218574,1893.4829109218574,0.7732500354962374,High,1598
7994-UYIVZ,1,United States,California,Miramonte,93641,"36.696759, -119.024051",36.696759,-119.024051,Male,No,Yes,No,8,Yes,Yes,Fiber optic,No,No,No,No,No,Yes,Month-to-month,Yes,Bank transfer (automatic),85.65,659.45,No,0,72,2512,Attitude of support person,0.7536537601493043,1,High,2,New High-Risk,-2.1864549062387915,-1.496880687947464,High Risk,1893.1782454950524,1893.1782454950524,0.773108050546642,High,1599
7660-HDPJV,1,United States,California,Long Beach,90810,"33.819814, -118.222416",33.819814,-118.222416,Female,No,No,No,1,Yes,No,Fiber optic,No,No,No,No,No,No,Month-to-month,Yes,Electronic check,69.2,69.2,Yes,1,81,2637,Poor expertise of online support,0.7175014249746248,1,High,2,New High-Risk,-1.755905412523744,-4.377681880696168,High Risk,1892.0512576580854,1892.0512576580854,0.7729660655970467,High,1600
0096-BXERS,1,United States,California,Inverness,94937,"38.099323, -122.945723",38.099323,-122.945723,Female,No,Yes,No,6,Yes,Yes,DSL,No,No,No,No,No,No,Month-to-month,No,Electronic check,50.35,314.55,No,0,74,3442,Attitude of support person,0.5488663253358665,1,Medium,2,New High-Risk,-1.3698719735335192,-2.8717780534062323,Standard,1889.1978918060527,1889.1978918060527,0.7726820956978561,High,1602
4351-QLCSU,1,United States,California,Quincy,95971,"39.971228, -121.041166",39.971228,-121.041166,Female,No,No,No,1,Yes,No,DSL,No,No,No,No,Yes,No,Month-to-month,Yes,Credit card (automatic),55.0,55.0,Yes,1,98,3809,Long distance charges,0.4957696575641739,0,Medium,2,New High-Risk,-1.3213244882230155,-3.12077007338525,Standard,1888.3866256619383,1888.3866256619383,0.7723981257986653,High,1604
3988-RQIXO,1,United States,California,Corona Del Mar,92625,"33.600987, -117.862734",33.600987,-117.862734,Female,Yes,No,No,1,Yes,No,Fiber optic,No,No,No,No,Yes,Yes,Month-to-month,Yes,Electronic check,91.3,91.3,Yes,1,71,2371,Attitude of service provider,0.7962911520651048,1,High,2,New High-Risk,-2.4983891396343347,-2.936929801148556,High Risk,1888.0063215463636,1888.0063215463636,0.77225614084907,High,1605
8849-AYPTR,1,United States,California,Sacramento,95819,"38.567594, -121.437507",38.567594,-121.437507,Male,No,Yes,No,33,Yes,No,Fiber optic,No,No,No,No,Yes,Yes,Month-to-month,No,Electronic check,91.25,2964.05,No,0,57,3296,Attitude of support person,0.5721968858048212,1,Medium,2,New High-Risk,-1.7548240698881776,-0.9906385161300076,Standard,1885.9609356126907,1885.9609356126907,0.7719721709498794,High,1607
8066-POXGX,1,United States,California,Fresno,93720,"36.878709, -119.7645",36.878709,-119.7645,Female,No,No,No,13,No,No phone service,DSL,No,No,No,No,No,Yes,Month-to-month,Yes,Electronic check,35.1,446.1,Yes,1,79,3104,Attitude of service provider,0.6075115387334225,1,Medium,3,Mid-Tenure Moderate-Risk,-2.0951028229923057,-3.7641769493197375,Standard,1885.7158162285432,1885.7158162285432,0.771830186000284,High,1608
8242-SOQUO,1,United States,California,Oakland,94619,"37.787186, -122.14633",37.787186,-122.14633,Female,Yes,No,No,5,Yes,No,Fiber optic,No,Yes,No,No,Yes,No,Month-to-month,Yes,Electronic check,84.7,392.5,No,0,54,2660,Attitude of support person,0.7087770110149765,1,High,2,New High-Risk,-2.373704785425952,-2.857362194227269,High Risk,1885.3468492998375,1885.3468492998375,0.7716882010506886,High,1609
5940-AHUHD,1,United States,California,Pomona,91768,"34.067932, -117.785168",34.067932,-117.785168,Male,No,No,No,1,Yes,No,Fiber optic,No,No,No,No,No,No,Month-to-month,No,Mailed check,70.6,70.6,Yes,1,69,3338,Lack of self-service on Website,0.5647939924243975,1,Medium,2,New High-Risk,-0.7680736320732985,-4.181568549164001,Standard,1885.282346712639,1885.282346712639,0.7715462161010933,High,1610
1169-WCVAK,1,United States,California,Fresno,93710,"36.822715, -119.761826",36.822715,-119.761826,Male,No,Yes,No,19,Yes,Yes,Fiber optic,Yes,Yes,No,Yes,No,No,Month-to-month,Yes,Credit card (automatic),88.8,1672.35,No,0,63,4600,Attitude of support person,0.4095098169609764,0,Medium,2,New High-Risk,-1.923630384039032,0.4976265833745478,Standard,1883.7451580204913,1883.7451580204913,0.7714042311514979,High,1611
0963-ZBDRN,1,United States,California,Claremont,91711,"34.127621, -117.717863",34.127621,-117.717863,Male,No,No,No,32,Yes,No,Fiber optic,No,No,No,Yes,Yes,Yes,Month-to-month,Yes,Electronic check,96.2,3183.4,Yes,1,93,3606,Attitude of support person,0.5223505200477657,1,Medium,2,New High-Risk,-2.184236105846885,-1.0140405817737328,Standard,1883.595975292243,1883.595975292243,0.7712622462019026,High,1612
6407-UTSLV,1,United States,California,Compton,90222,"33.912246, -118.236773",33.912246,-118.236773,Female,Yes,No,No,2,Yes,No,Fiber optic,No,Yes,No,No,Yes,No,Month-to-month,Yes,Bank transfer (automatic),83.8,163.7,No,0,53,2885,Attitude of support person,0.6528136024976549,1,Medium,2,New High-Risk,-2.131268248017336,-2.4157259825835578,Standard,1883.3672432057342,1883.3672432057342,0.7711202612523073,High,1613
9752-ZNQUT,1,United States,California,Visalia,93291,"36.391777, -119.372842",36.391777,-119.372842,Female,No,No,No,1,Yes,No,DSL,No,Yes,No,No,No,No,Month-to-month,Yes,Electronic check,48.6,48.6,No,0,24,3704,Attitude of support person,0.5084453903843802,1,Medium,2,New High-Risk,-1.405058645875112,-3.6805445528132745,Standard,1883.2817259837443,1883.2817259837443,0.7709782763027119,High,1614
1763-WQFUK,1,United States,California,Riverside,92503,"33.890046, -117.455583",33.890046,-117.455583,Male,No,No,No,3,Yes,No,DSL,No,No,No,Yes,No,No,Month-to-month,Yes,Mailed check,50.5,147.75,No,0,43,5258,Attitude of support person,0.3580867778144574,0,Low,2,New High-Risk,-0.8336529538435576,-3.3295810785750657,Standard,1882.820277748417,1882.820277748417,0.7708362913531166,High,1615
2770-NSVDG,1,United States,California,San Jose,95124,"37.257063, -121.923037",37.257063,-121.923037,Male,No,Yes,No,24,No,No phone service,DSL,No,No,Yes,No,No,No,Month-to-month,No,Electronic check,29.1,688.0,No,0,33,4636,Attitude of support person,0.4060758713066645,0,Medium,3,Mid-Tenure Moderate-Risk,-1.4852585777735694,-2.4512177418923304,Standard,1882.5677393776966,1882.5677393776966,0.7706943064035212,High,1616
6537-OTKMY,1,United States,California,Covelo,95428,"39.83307, -123.178765",39.83307,-123.178765,Male,No,No,No,15,No,No phone service,DSL,No,No,Yes,No,Yes,Yes,One year,No,Electronic check,50.75,688.2,No,0,63,5091,Attitude of support person,0.3694568326212879,0,Low,3,Mid-Tenure Moderate-Risk,-1.6110039613290816,-0.9380091931543942,Standard,1880.9047348749768,1880.9047348749768,0.7705523214539259,High,1617
3606-TWKGI,1,United States,California,Rowland Heights,91748,"33.976753, -117.897367",33.976753,-117.897367,Male,Yes,No,No,13,Yes,Yes,Fiber optic,No,Yes,Yes,No,Yes,Yes,Month-to-month,Yes,Electronic check,106.9,1364.3,Yes,1,84,2494,Extra data charges,0.7539332261912274,1,High,2,New High-Risk,-3.0739797825740607,-0.3667474399724991,High Risk,1880.3094661209211,1880.3094661209211,0.7704103365043306,High,1618
2254-DLXRI,1,United States,California,Burbank,91504,"34.213049, -118.317651",34.213049,-118.317651,Female,No,No,No,1,Yes,Yes,Fiber optic,No,Yes,No,No,No,No,Month-to-month,Yes,Mailed check,79.15,79.15,No,0,57,2742,Attitude of support person,0.685097018673212,1,Medium,2,New High-Risk,-1.7265340189722034,-2.958395916377991,Standard,1878.5360252019475,1878.5360252019475,0.7699843816555445,High,1621
8945-GRKHX,1,United States,California,Santa Barbara,93110,"34.437945, -119.77191",34.437945,-119.77191,Female,No,No,No,1,Yes,No,Fiber optic,No,No,No,No,No,Yes,Month-to-month,No,Electronic check,78.65,78.65,Yes,1,81,2728,Competitor had better devices,0.6885546957212898,1,Medium,2,New High-Risk,-1.3985932685534734,-3.534322010515093,Standard,1878.3772099276787,1878.3772099276787,0.7698423967059491,High,1622
2740-TVLFN,1,United States,California,Manteca,95337,"37.750822, -121.238423",37.750822,-121.238423,Male,No,No,No,1,Yes,Yes,DSL,No,No,No,No,No,No,Month-to-month,Yes,Electronic check,50.15,50.15,No,0,80,3043,Attitude of support person,0.6171352284715325,1,Medium,2,New High-Risk,-1.8513625140410843,-3.897452419052755,Standard,1877.9425002388732,1877.9425002388732,0.7697004117563538,High,1623
4480-MBMLB,1,United States,California,Los Angeles,90066,"34.002028, -118.430656",34.002028,-118.430656,Female,No,No,No,36,Yes,Yes,Fiber optic,No,Yes,Yes,No,Yes,Yes,One year,Yes,Bank transfer (automatic),104.8,3886.45,No,0,68,5319,Attitude of support person,0.3525298116848628,0,Low,0,Established High-Value,-2.402809256288993,2.082712355950464,Standard,1875.1060683517853,1875.1060683517853,0.7694164418571632,High,1625
2867-UIMSS,1,United States,California,Vernalis,95385,"37.609095, -121.263381",37.609095,-121.263381,Male,No,No,No,1,Yes,No,Fiber optic,No,No,No,No,No,Yes,Month-to-month,No,Electronic check,80.5,80.5,Yes,1,85,2734,Product dissatisfaction,0.6849104885829769,1,Medium,2,New High-Risk,-1.4136170533515229,-3.524930280407113,Standard,1872.5452757858588,1872.5452757858588,0.7692744569075678,High,1626
5536-SLHPM,1,United States,California,Temecula,92592,"33.507255, -117.029473",33.507255,-117.029473,Female,No,Yes,No,55,Yes,Yes,Fiber optic,No,No,Yes,No,No,No,Month-to-month,Yes,Electronic check,77.75,4458.15,Yes,1,79,4398,Attitude of support person,0.4253206926601764,0,Medium,2,New High-Risk,-2.51636381672919,-0.5077596105079811,Standard,1870.560406319456,1870.560406319456,0.7689904870083771,High,1628
1666-JXLKU,1,United States,California,Shingle Springs,95682,"38.598936, -120.963092",38.598936,-120.963092,Female,No,No,No,37,Yes,Yes,Fiber optic,No,No,Yes,No,Yes,Yes,Month-to-month,Yes,Electronic check,100.05,3810.55,No,0,52,2904,Attitude of support person,0.6427400389913741,1,Medium,2,New High-Risk,-2.7708796193794765,-0.2753644359977721,Standard,1866.5170732309505,1866.5170732309505,0.7687065171091865,High,1630
2869-ADAWR,1,United States,California,Sutter Creek,95685,"38.432145, -120.77069",38.432145,-120.77069,Female,No,No,No,45,Yes,Yes,Fiber optic,No,Yes,No,No,Yes,No,Month-to-month,Yes,Credit card (automatic),89.3,4016.85,Yes,1,97,4880,Poor expertise of online support,0.3823521611057887,0,Low,2,New High-Risk,-2.416294536292156,-0.29842234008653,Standard,1865.8785461962489,1865.8785461962489,0.7685645321595911,High,1631
3208-YPIOE,1,United States,California,La Mesa,91942,"32.782501, -117.01611",32.782501,-117.01611,Male,No,No,No,39,Yes,Yes,Fiber optic,No,No,No,No,No,No,Month-to-month,No,Electronic check,75.25,3017.65,Yes,1,96,4696,Competitor made better offer,0.3972716409269793,0,Low,2,New High-Risk,-1.9230862862412217,-2.5253116584181976,Standard,1865.5876257930947,1865.5876257930947,0.7684225472099957,High,1632
9026-RNUJS,1,United States,California,Van Nuys,91401,"34.178483, -118.431791",34.178483,-118.431791,Male,Yes,No,No,5,Yes,No,DSL,No,No,Yes,No,No,No,Month-to-month,No,Electronic check,50.35,237.25,Yes,1,81,4618,Product dissatisfaction,0.403957100274677,0,Medium,2,New High-Risk,-1.369274732087828,-3.4300550418907414,Standard,1865.4738890684584,1865.4738890684584,0.7682805622604004,High,1633
7752-XUSCI,1,United States,California,Crestline,92325,"34.248061, -117.29028",34.248061,-117.29028,Female,No,No,No,60,Yes,Yes,Fiber optic,No,Yes,Yes,No,Yes,Yes,Month-to-month,Yes,Electronic check,105.9,6396.45,Yes,1,84,4105,Don't know,0.4544259248863317,0,Medium,0,Established High-Value,-2.963667132519997,1.3075652989324844,Standard,1865.4184216583917,1865.4184216583917,0.768138577310805,High,1634
3583-KRKMD,1,United States,California,San Diego,92115,"32.762506, -117.07245",32.762506,-117.07245,Male,No,No,No,18,Yes,No,Fiber optic,No,No,No,Yes,No,No,Month-to-month,Yes,Bank transfer (automatic),75.9,1373.05,No,0,62,4668,Attitude of support person,0.3994798066370809,0,Low,2,New High-Risk,-1.5597140550185824,-2.4146204504159394,Standard,1864.7717373818934,1864.7717373818934,0.7679965923612098,High,1635
7176-WIONM,1,United States,California,Bishop,93514,"37.04584, -118.397236",37.04584,-118.397236,Female,No,Yes,No,12,No,No phone service,DSL,No,No,Yes,No,Yes,Yes,Month-to-month,Yes,Bank transfer (automatic),49.85,617.15,No,0,24,2873,Attitude of support person,0.6489542274960441,1,Medium,3,Mid-Tenure Moderate-Risk,-2.0436284424986786,-0.8221292093433266,Standard,1864.4454955961348,1864.4454955961348,0.7678546074116144,High,1636
9462-MJUAW,1,United States,California,Berkeley,94708,"37.897743, -122.263124",37.897743,-122.263124,Male,No,No,No,4,Yes,Yes,DSL,No,No,No,No,No,No,Month-to-month,No,Mailed check,50.4,206.6,Yes,1,92,4399,Service dissatisfaction,0.4237814068415158,0,Medium,2,New High-Risk,-0.8696930560827659,-3.55963673012013,Standard,1864.2144086958278,1864.2144086958278,0.767712622462019,High,1637
5922-ABDVO,1,United States,California,Seal Beach,90740,"33.75462, -118.071128",33.75462,-118.071128,Female,No,Yes,No,19,Yes,Yes,Fiber optic,No,No,Yes,No,No,Yes,Month-to-month,No,Mailed check,89.65,1761.05,Yes,1,74,3046,Attitude of support person,0.6118364858790617,1,Medium,2,New High-Risk,-1.4893634065561432,-0.6568030346882253,Standard,1863.653935987622,1863.653935987622,0.7675706375124237,High,1638
8286-AFUYI,1,United States,California,Glendale,91203,"34.153338, -118.262974",34.153338,-118.262974,Male,No,No,No,1,Yes,No,DSL,Yes,No,No,No,No,No,Month-to-month,No,Electronic check,47.95,47.95,No,0,35,5092,Attitude of support person,0.3658262979928967,0,Low,2,New High-Risk,-0.7891097176903078,-3.511345251214354,Standard,1862.7875093798298,1862.7875093798298,0.7674286525628283,High,1639
7975-TZMLR,1,United States,California,Reedley,93654,"36.636638, -119.421842",36.636638,-119.421842,Male,No,No,No,47,Yes,Yes,Fiber optic,No,Yes,Yes,No,Yes,Yes,One year,Yes,Electronic check,103.1,4889.3,No,0,29,5029,Attitude of support person,0.3704054526854053,0,Low,0,Established High-Value,-2.6733600879903645,1.840356111272099,Standard,1862.7690215549032,1862.7690215549032,0.7672866676132329,High,1640
8397-MVTAZ,1,United States,California,Sun City,92587,"33.69887, -117.25071",33.69887,-117.25071,Male,No,Yes,No,34,Yes,Yes,Fiber optic,No,No,Yes,No,Yes,Yes,Month-to-month,Yes,Electronic check,100.05,3480.0,Yes,1,72,2568,Don't know,0.725263585729115,1,High,2,New High-Risk,-2.7469907509881177,0.4194087974261303,High Risk,1862.4768881523673,1862.4768881523673,0.7671446826636377,High,1641
4146-SVFUD,1,United States,California,Modesto,95351,"37.621458, -121.012295",37.621458,-121.012295,Male,No,No,No,1,Yes,No,DSL,No,No,No,No,No,No,Month-to-month,No,Mailed check,44.6,44.6,No,0,77,4864,Attitude of support person,0.3828507083915621,0,Low,2,New High-Risk,-0.4008299390791311,-4.1713589586233,Standard,1862.185845616558,1862.185845616558,0.7670026977140423,High,1642
9172-JITSM,1,United States,California,Palm Desert,92211,"33.762759, -116.324817",33.762759,-116.324817,Female,No,Yes,No,26,Yes,No,Fiber optic,No,No,No,No,Yes,Yes,Month-to-month,Yes,Electronic check,90.8,2361.8,Yes,1,75,2641,Don't know,0.704114095819889,1,High,2,New High-Risk,-2.211382119108898,-1.2998372934040254,High Risk,1859.565327060327,1859.565327060327,0.766434757915661,High,1646
3946-MHCZW,1,United States,California,Ontario,91761,"34.035602, -117.591528",34.035602,-117.591528,Male,No,No,No,1,Yes,No,DSL,No,No,Yes,No,No,No,Month-to-month,No,Mailed check,50.9,50.9,Yes,1,83,5111,Attitude of support person,0.3635342501374411,0,Low,2,New High-Risk,-0.4329018974114554,-3.273096948515465,Standard,1858.0235524524614,1858.0235524524614,0.7662927729660656,High,1647
1907-YLNYW,1,United States,California,Gasquet,95543,"41.867908, -123.794144",41.867908,-123.794144,Male,No,No,No,8,Yes,No,DSL,Yes,No,Yes,No,No,Yes,Month-to-month,Yes,Electronic check,66.7,579.0,No,0,35,4490,Attitude of support person,0.4136770878327188,0,Medium,2,New High-Risk,-1.5234083855480538,-1.7917832159342648,Standard,1857.4101243689074,1857.4101243689074,0.7661507880164703,High,1648
8784-CGILN,1,United States,California,Tarzana,91356,"34.157137, -118.548511",34.157137,-118.548511,Female,No,No,No,18,Yes,Yes,Fiber optic,No,No,No,Yes,Yes,Yes,Month-to-month,Yes,Bank transfer (automatic),99.85,1776.95,Yes,1,100,3068,Product dissatisfaction,0.6051873171140508,1,Medium,2,New High-Risk,-2.3129081506062965,-0.3862542596337784,Standard,1856.714688905908,1856.714688905908,0.7660088030668749,High,1649
4115-NZRKS,1,United States,California,San Diego,92102,"32.716007, -117.117462",32.716007,-117.117462,Female,Yes,No,No,7,Yes,No,Fiber optic,No,No,No,No,Yes,Yes,Month-to-month,Yes,Electronic check,89.15,574.35,No,0,25,2415,Attitude of support person,0.7684331983572553,1,High,2,New High-Risk,-2.5130979244292844,-2.790390837404344,High Risk,1855.7661740327717,1855.7661740327717,0.7658668181172795,High,1650
5797-APWZC,1,United States,California,San Francisco,94105,"37.789168, -122.395009",37.789168,-122.395009,Female,No,No,No,1,Yes,No,Fiber optic,No,No,No,No,Yes,Yes,Month-to-month,No,Electronic check,90.6,90.6,Yes,1,92,2540,Competitor offered higher download speeds,0.7302044549276293,1,High,2,New High-Risk,-1.5599531440099093,-2.7619242674603552,High Risk,1854.7193155161785,1854.7193155161785,0.7657248331676842,High,1651
7395-IGJOS,1,United States,California,Quincy,95971,"39.971228, -121.041166",39.971228,-121.041166,Male,Yes,Yes,No,17,Yes,No,Fiber optic,No,No,No,No,No,Yes,Month-to-month,No,Bank transfer (automatic),81.5,1329.2,Yes,1,79,3443,Competitor made better offer,0.5386865734409373,1,Medium,2,New High-Risk,-1.7165544753376136,-1.8319648101613923,Standard,1854.6978723571472,1854.6978723571472,0.7655828482180889,High,1652
1894-IGFSG,1,United States,California,Lancaster,93535,"34.712708, -117.889656",34.712708,-117.889656,Female,No,No,No,22,Yes,No,Fiber optic,No,No,No,No,Yes,Yes,Month-to-month,No,Electronic check,89.25,1907.85,Yes,1,82,3161,Competitor had better devices,0.5861697461788984,1,Medium,2,New High-Risk,-1.6711816287854753,-2.143254129876984,Standard,1852.8825676714978,1852.8825676714978,0.7654408632684936,High,1653
4523-WXCEF,1,United States,California,San Jose,95129,"37.305622, -122.000887",37.305622,-122.000887,Female,No,Yes,No,59,Yes,Yes,Fiber optic,No,Yes,No,No,Yes,Yes,Month-to-month,No,Electronic check,101.1,6039.9,Yes,1,87,4160,Service dissatisfaction,0.4453223370593111,0,Medium,0,Established High-Value,-2.420943610660088,1.25904252767667,Standard,1852.5409221667342,1852.5409221667342,0.7651568933693028,High,1655
6243-OZGFH,1,United States,California,Vista,92084,"33.22784, -117.200024",33.22784,-117.200024,Female,No,No,No,23,No,No phone service,DSL,No,No,No,No,Yes,Yes,Month-to-month,Yes,Electronic check,44.95,996.85,No,0,65,3248,Attitude of support person,0.5701194919954964,1,Medium,3,Mid-Tenure Moderate-Risk,-2.2799211481292896,-2.7456733153958925,Standard,1851.7481100013722,1851.7481100013722,0.7650149084197075,High,1656
3323-CPBWR,1,United States,California,Knights Landing,95645,"38.875508, -121.765866",38.875508,-121.765866,Male,No,No,No,23,Yes,Yes,Fiber optic,No,No,Yes,Yes,Yes,No,Month-to-month,Yes,Credit card (automatic),96.9,2085.45,No,0,22,3875,Attitude of support person,0.4772060696479985,0,Medium,2,New High-Risk,-2.221117796168232,-0.0865747569273394,Standard,1849.1735198859942,1849.1735198859942,0.7647309385205169,High,1658
5981-ZVXOT,1,United States,California,San Diego,92131,"32.89325, -117.087091",32.89325,-117.087091,Female,Yes,No,No,35,Yes,Yes,Fiber optic,Yes,Yes,Yes,No,Yes,Yes,One year,Yes,Electronic check,108.35,3726.15,No,0,50,5139,Attitude of support person,0.359732739394336,0,Low,0,Established High-Value,-2.931734013562723,2.1071864624383343,Standard,1848.6665477474926,1848.6665477474926,0.7645889535709215,High,1659
2874-YXVVA,1,United States,California,Herlong,96113,"40.198234, -120.18089",40.198234,-120.18089,Female,No,No,No,34,Yes,No,Fiber optic,No,Yes,Yes,Yes,Yes,Yes,Month-to-month,Yes,Electronic check,105.1,3634.8,No,0,68,3941,Attitude of support person,0.4688602326704464,0,Medium,0,Established High-Value,-2.2397510692310654,0.7185240365218344,Standard,1847.7781769542294,1847.7781769542294,0.7644469686213261,High,1660
0697-ZMSWS,1,United States,California,Los Angeles,90023,"34.017697, -118.200577",34.017697,-118.200577,Male,No,No,No,4,Yes,Yes,Fiber optic,No,No,No,No,No,Yes,Month-to-month,Yes,Electronic check,85.65,338.9,Yes,1,87,2330,Limited range of services,0.7919611824366449,1,High,2,New High-Risk,-2.38661831355052,-2.9365922440324947,High Risk,1845.2695550773826,1845.2695550773826,0.7641629987221354,High,1662
4619-EVPHY,1,United States,California,Lamont,93241,"35.245035, -118.905553",35.245035,-118.905553,Female,Yes,Yes,No,20,Yes,No,Fiber optic,No,No,No,No,Yes,Yes,One year,Yes,Bank transfer (automatic),91.0,1859.5,No,0,57,3748,Attitude of support person,0.4918317006891517,0,Medium,2,New High-Risk,-2.2164866047556635,-0.1156397231473706,Standard,1843.3852141829407,1843.3852141829407,0.7638790288229448,High,1664
1465-LNTLJ,1,United States,California,Santa Barbara,93109,"34.406256, -119.726936",34.406256,-119.726936,Male,Yes,Yes,No,8,Yes,No,DSL,No,No,Yes,Yes,No,Yes,Month-to-month,Yes,Credit card (automatic),64.4,581.7,No,0,78,4537,Attitude of support person,0.4062509966304531,0,Medium,2,New High-Risk,-1.720586509719004,-0.4965379766241881,Standard,1843.1607717123657,1843.1607717123657,0.7637370438733494,High,1665
4441-NIHPT,1,United States,California,Freedom,95019,"36.936228, -121.785559",36.936228,-121.785559,Female,Yes,No,No,13,Yes,No,Fiber optic,No,No,Yes,No,No,No,Month-to-month,Yes,Electronic check,74.3,940.35,Yes,1,97,2995,Competitor had better devices,0.6151780848701217,1,Medium,2,New High-Risk,-2.2671365221554,-3.2984320315532574,Standard,1842.4583641860145,1842.4583641860145,0.7635950589237541,High,1666
0988-JRWWP,1,United States,California,Wilseyville,95257,"38.392686, -120.415951",38.392686,-120.415951,Female,No,No,No,3,Yes,No,DSL,No,No,No,No,Yes,No,Month-to-month,Yes,Electronic check,54.2,140.4,No,0,68,3167,Attitude of support person,0.581443608409803,1,Medium,2,New High-Risk,-1.543426841307861,-3.6634891915313457,Standard,1841.4319078338463,1841.4319078338463,0.7634530739741587,High,1667
8665-UTDHZ,1,United States,California,Los Angeles,90029,"34.089953, -118.294824",34.089953,-118.294824,Male,No,Yes,No,1,No,No phone service,DSL,No,Yes,No,No,No,No,Month-to-month,No,Electronic check,30.2,30.2,Yes,1,97,2915,Competitor had better devices,0.631653901116378,1,Medium,3,Mid-Tenure Moderate-Risk,-1.4233463389173766,-3.190557058472145,Standard,1841.271121754242,1841.271121754242,0.7633110890245633,High,1668
2232-DMLXU,1,United States,California,Van Nuys,91411,"34.17847, -118.459472",34.17847,-118.459472,Female,No,Yes,No,1,Yes,No,DSL,No,No,No,No,Yes,No,Month-to-month,No,Mailed check,55.2,55.2,Yes,1,81,3638,Poor expertise of online support,0.5059450905334999,1,Medium,2,New High-Risk,-0.5434965570808661,-2.7124209885693213,Standard,1840.6282393608726,1840.6282393608726,0.7631691040749681,High,1669
0570-BFQHT,1,United States,California,Anderson,96007,"40.448632, -122.306657",40.448632,-122.306657,Female,No,No,No,9,Yes,No,Fiber optic,No,Yes,Yes,No,No,No,Month-to-month,No,Electronic check,80.55,653.9,No,0,26,3581,Attitude of support person,0.5138554643275438,1,Medium,2,New High-Risk,-1.3439197438556485,-2.413265972110563,Standard,1840.1164177569344,1840.1164177569344,0.7630271191253727,High,1670
5569-KGJHX,1,United States,California,Canoga Park,91303,"34.19829, -118.602203",34.19829,-118.602203,Female,No,Yes,No,9,Yes,Yes,Fiber optic,No,No,No,No,Yes,No,Month-to-month,Yes,Bank transfer (automatic),85.35,754.65,Yes,1,95,2445,Service dissatisfaction,0.7509819181449178,1,High,2,New High-Risk,-2.1863202788313165,-1.4844827973368138,High Risk,1836.150789864324,1836.150789864324,0.7626011642765866,High,1673
1678-FYZOW,1,United States,California,Sacramento,95835,"38.685069, -121.543709",38.685069,-121.543709,Female,No,No,No,3,Yes,No,Fiber optic,No,No,No,No,Yes,No,Month-to-month,Yes,Electronic check,79.4,244.65,Yes,1,97,2448,Competitor offered higher download speeds,0.7497883364991916,1,High,2,New High-Risk,-1.913889256065276,-3.562760087772859,High Risk,1835.4818477500212,1835.4818477500212,0.7624591793269914,High,1674
7318-EIVKO,1,United States,California,Shandon,93461,"35.634488, -120.293534",35.634488,-120.293534,Male,No,No,No,8,Yes,Yes,DSL,No,No,No,No,Yes,No,Month-to-month,Yes,Electronic check,59.25,436.6,No,0,54,3003,Attitude of support person,0.6111667931012545,1,Medium,2,New High-Risk,-2.017337360154541,-2.970208986924395,Standard,1835.3338796830674,1835.3338796830674,0.762317194377396,High,1675
0621-TWIEM,1,United States,California,Newhall,91321,"34.370378, -118.504118",34.370378,-118.504118,Male,No,No,No,10,Yes,No,DSL,No,No,No,No,No,No,Month-to-month,Yes,Electronic check,45.55,402.6,Yes,1,67,4097,Attitude of support person,0.4471857837465031,0,Medium,2,New High-Risk,-1.4345420879672852,-4.191456069298727,Standard,1832.1201560094232,1832.1201560094232,0.7620332244782053,High,1677
4484-CGXFK,1,United States,California,El Dorado,95623,"38.63153, -120.842609",38.63153,-120.842609,Female,No,No,No,3,Yes,No,DSL,No,No,No,No,No,Yes,Month-to-month,Yes,Electronic check,55.3,196.15,Yes,1,96,3190,Product dissatisfaction,0.5741673241568935,1,Medium,2,New High-Risk,-1.5588799045084638,-3.6427627180915896,Standard,1831.5937640604905,1831.5937640604905,0.7618912395286099,High,1678
5981-ITEMU,1,United States,California,Marshall,94940,"38.129308, -122.834815",38.129308,-122.834815,Male,No,Yes,No,40,Yes,Yes,Fiber optic,No,No,No,No,Yes,Yes,Month-to-month,Yes,Bank transfer (automatic),97.1,3706.95,Yes,1,67,3099,Competitor offered more data,0.5907934822430504,1,Medium,2,New High-Risk,-2.54340506387638,0.2413297824149925,Standard,1830.869001471213,1830.869001471213,0.7617492545790147,High,1679
7054-LGEQW,1,United States,California,Canyon Country,91351,"34.422519, -118.420717",34.422519,-118.420717,Female,No,No,No,1,Yes,No,DSL,No,No,No,No,No,No,Month-to-month,No,Mailed check,45.95,45.95,Yes,1,69,4888,Attitude of support person,0.3745179362556569,0,Low,2,New High-Risk,-0.411922954708612,-4.161991540254212,Standard,1830.6436724176508,1830.6436724176508,0.7616072696294193,High,1680
3096-JRDSO,1,United States,California,Lone Pine,93545,"36.590415, -118.073839",36.590415,-118.073839,Female,Yes,Yes,No,27,Yes,Yes,Fiber optic,Yes,No,No,Yes,Yes,Yes,Month-to-month,Yes,Bank transfer (automatic),104.3,2867.75,Yes,1,75,3444,Attitude of support person,0.5312405897226227,1,Medium,0,Established High-Value,-2.707796586452833,1.3443417560866875,Standard,1829.5925910047124,1829.5925910047124,0.7614652846798239,High,1681
7377-DMMRI,1,United States,California,Exeter,93221,"36.301689, -119.018233",36.301689,-119.018233,Male,No,No,No,2,Yes,No,DSL,Yes,No,No,No,No,No,Month-to-month,Yes,Electronic check,47.8,92.45,Yes,1,89,4134,Attitude of support person,0.4425075444561378,0,Medium,2,New High-Risk,-1.2885104147970776,-3.656805644087669,Standard,1829.3261887816739,1829.3261887816739,0.7613232997302286,High,1682
3798-EPWRR,1,United States,California,Beverly Hills,90212,"34.062095, -118.401508",34.062095,-118.401508,Female,Yes,No,No,2,Yes,No,DSL,No,No,No,No,No,No,Month-to-month,No,Electronic check,43.95,85.1,No,0,55,4057,Attitude of support person,0.4508891760553573,0,Medium,2,New High-Risk,-1.3237471338276912,-4.430665519832981,Standard,1829.2573872565845,1829.2573872565845,0.7611813147806332,High,1683
1092-GANHU,1,United States,California,Magalia,95954,"39.933852, -121.584371",39.933852,-121.584371,Male,No,No,No,17,Yes,No,Fiber optic,No,No,Yes,No,No,No,Month-to-month,Yes,Electronic check,76.65,1313.55,Yes,1,87,3182,Competitor offered more data,0.5746326281365739,1,Medium,2,New High-Risk,-1.881002357585581,-3.041540798074191,Standard,1828.4810227305782,1828.4810227305782,0.761039329831038,High,1684
0407-BDJKB,1,United States,California,San Francisco,94114,"37.758085, -122.434801",37.758085,-122.434801,Male,No,Yes,No,60,Yes,Yes,Fiber optic,No,Yes,Yes,No,Yes,No,Month-to-month,Yes,Electronic check,95.75,5742.9,Yes,1,88,4129,Service dissatisfaction,0.4427143957718037,0,Medium,0,Established High-Value,-2.7760153075267784,1.2517676823135775,Standard,1827.9677401417775,1827.9677401417775,0.7608973448814426,High,1685
6311-UEUME,1,United States,California,Los Angeles,90025,"34.046174, -118.446333",34.046174,-118.446333,Female,No,No,No,29,Yes,No,Fiber optic,No,No,No,No,Yes,No,Month-to-month,Yes,Electronic check,78.9,2384.15,Yes,1,90,3249,Extra data charges,0.5626236758417646,1,Medium,2,New High-Risk,-2.055141003337995,-2.8031222502742,Standard,1827.9643228098932,1827.9643228098932,0.7607553599318472,High,1686
3671-SHRSP,1,United States,California,Marina,93933,"36.689582, -121.758398",36.689582,-121.758398,Male,No,Yes,No,4,Yes,No,Fiber optic,No,No,Yes,Yes,No,No,Month-to-month,Yes,Mailed check,80.6,319.15,Yes,1,86,3080,Competitor offered more data,0.5934667802995119,1,Medium,2,New High-Risk,-1.2169508198148984,-1.7073701392372145,Standard,1827.8776833224968,1827.8776833224968,0.7606133749822519,High,1687
8535-SFUTN,1,United States,California,Moreno Valley,92555,"33.907361, -117.109972",33.907361,-117.109972,Male,No,No,No,61,Yes,Yes,Fiber optic,Yes,No,Yes,No,Yes,Yes,Month-to-month,Yes,Electronic check,106.45,6300.15,No,0,65,4842,Attitude of support person,0.3772716747966259,0,Low,0,Established High-Value,-2.8522720898063216,1.356754074502945,Standard,1826.7494493652625,1826.7494493652625,0.7604713900326565,High,1688
9108-EJFJP,1,United States,California,Jacumba,91934,"32.649787, -116.2237",32.649787,-116.2237,Female,No,Yes,No,1,Yes,No,DSL,Yes,Yes,No,No,No,No,Month-to-month,Yes,Mailed check,53.55,53.55,No,0,62,4504,Attitude of support person,0.4054549405318049,0,Medium,2,New High-Risk,-0.8088565931762853,-1.9984319466198777,Standard,1826.1690521552493,1826.1690521552493,0.7601874201334659,High,1690
2929-QNSRW,1,United States,California,Lake City,96115,"41.729079, -120.225025",41.729079,-120.225025,Female,No,Yes,No,56,Yes,Yes,Fiber optic,No,Yes,No,No,Yes,Yes,One year,Yes,Electronic check,98.25,5508.35,Yes,1,97,4886,Competitor made better offer,0.3737176276329292,0,Low,0,Established High-Value,-2.6948356488137177,1.999571647926187,Standard,1825.9843286144921,1825.9843286144921,0.7600454351838705,High,1691
3692-JHONH,1,United States,California,Kettleman City,93239,"35.996923, -120.000951",35.996923,-120.000951,Female,Yes,Yes,No,52,Yes,Yes,Fiber optic,No,Yes,Yes,No,Yes,Yes,One year,Yes,Electronic check,106.5,5621.85,No,0,57,4499,Attitude of support person,0.4057278484354086,0,Medium,0,Established High-Value,-3.171194992053613,2.671601071218269,Standard,1825.3695901109033,1825.3695901109033,0.7597614652846798,High,1693
3946-JEWRQ,1,United States,California,Sherman Oaks,91403,"34.147149, -118.463365",34.147149,-118.463365,Male,No,Yes,No,47,Yes,Yes,Fiber optic,No,No,No,No,Yes,Yes,One year,Yes,Credit card (automatic),95.2,4563.0,No,0,72,4977,Attitude of support person,0.3667605752483202,0,Low,0,Established High-Value,-2.4090670312742724,1.515750200411874,Standard,1825.3673830108896,1825.3673830108896,0.7596194803350845,High,1694
6015-VVHHE,1,United States,California,Los Angeles,90039,"34.110845, -118.259595",34.110845,-118.259595,Female,Yes,No,No,5,Yes,Yes,Fiber optic,No,No,No,No,Yes,No,Month-to-month,Yes,Credit card (automatic),83.15,446.05,Yes,1,96,2516,Service dissatisfaction,0.7245336376995045,1,High,2,New High-Risk,-2.574974543613545,-2.5183505755209774,High Risk,1822.9266324519533,1822.9266324519533,0.7594774953854891,High,1695
0122-OAHPZ,1,United States,California,Oceanside,92057,"33.254497, -117.285879",33.254497,-117.285879,Female,No,No,No,7,Yes,Yes,Fiber optic,No,No,No,No,No,No,Month-to-month,Yes,Electronic check,73.85,511.25,Yes,1,67,2473,Price too high,0.7369581084304456,1,High,2,New High-Risk,-2.2354905335073134,-3.651789263900909,High Risk,1822.497402148492,1822.497402148492,0.7593355104358938,High,1696
4678-DVQEO,1,United States,California,Bass Lake,93604,"37.458367, -119.345011",37.458367,-119.345011,Female,No,No,No,1,Yes,No,DSL,No,No,No,Yes,No,No,Month-to-month,Yes,Electronic check,52.2,52.2,Yes,1,71,4138,Competitor made better offer,0.4402350253260793,0,Medium,2,New High-Risk,-1.3331296393782226,-3.5640333568941083,Standard,1821.692534799316,1821.692534799316,0.7591935254862985,High,1697
3370-HXOPH,1,United States,California,Mountain View,94041,"37.388349, -122.075299",37.388349,-122.075299,Female,No,No,No,3,Yes,Yes,Fiber optic,No,No,No,No,No,No,Month-to-month,No,Electronic check,76.1,257.6,No,0,25,2650,Attitude of support person,0.686356937341197,1,Medium,2,New High-Risk,-1.7337504036251872,-3.6675963889538026,Standard,1818.845883954172,1818.845883954172,0.7589095555871078,High,1699
2027-FECZV,1,United States,California,Bodfish,93205,"35.523991, -118.400432",35.523991,-118.400432,Male,No,No,No,12,Yes,Yes,Fiber optic,No,Yes,Yes,No,Yes,Yes,Month-to-month,Yes,Electronic check,106.7,1253.9,Yes,1,92,2406,Attitude of support person,0.7555580255304163,1,High,2,New High-Risk,-2.63461261872582,-0.293684038984727,High Risk,1817.8726094261815,1817.8726094261815,0.7587675706375124,High,1700
7714-YXSMB,1,United States,California,Irvine,92612,"33.643095, -117.810896",33.643095,-117.810896,Female,No,No,No,26,Yes,Yes,Fiber optic,No,No,Yes,No,Yes,Yes,Month-to-month,Yes,Bank transfer (automatic),100.5,2599.95,No,0,50,2921,Attitude of support person,0.6219096478220678,1,Medium,2,New High-Risk,-2.477001052546663,-0.1032572099802514,Standard,1816.5980812882601,1816.5980812882601,0.7584836007383218,High,1702
7627-JKIAZ,1,United States,California,San Jose,95116,"37.350284, -121.852855",37.350284,-121.852855,Female,No,Yes,No,37,Yes,Yes,Fiber optic,No,No,Yes,No,No,No,Month-to-month,Yes,Credit card (automatic),78.95,2839.65,Yes,1,97,3982,Competitor offered higher download speeds,0.4561453030512976,0,Medium,2,New High-Risk,-2.192394552856205,-0.535361185834562,Standard,1816.370596750267,1816.370596750267,0.7583416157887264,High,1703
3372-KWFBM,1,United States,California,Bayside,95524,"40.825486, -124.049485",40.825486,-124.049485,Male,Yes,No,No,16,Yes,Yes,Fiber optic,No,No,No,No,Yes,No,Month-to-month,Yes,Electronic check,86.6,1281.0,Yes,1,81,2508,Network reliability,0.723507037274535,1,High,2,New High-Risk,-2.8844048967208304,-2.73115015157879,High Risk,1814.555649484534,1814.555649484534,0.758199630839131,High,1704
2956-GGUCQ,1,United States,California,Pioneer,95666,"38.546999, -120.271114",38.546999,-120.271114,Male,Yes,Yes,No,24,Yes,Yes,Fiber optic,Yes,No,No,No,No,No,Month-to-month,Yes,Electronic check,78.85,1772.25,Yes,1,65,3079,Attitude of service provider,0.5893036918099773,1,Medium,2,New High-Risk,-2.652451116940547,-1.7559868002242711,Standard,1814.4660670829203,1814.4660670829203,0.7580576458895357,High,1705
6402-EJMWF,1,United States,California,San Jacinto,92583,"33.796568, -116.924723",33.796568,-116.924723,Male,No,No,No,4,Yes,No,DSL,No,No,No,No,No,Yes,Month-to-month,Yes,Mailed check,55.3,238.5,No,0,31,3684,Attitude of support person,0.4916326614753785,0,Medium,2,New High-Risk,-1.0651621146416872,-3.5020432228988185,Standard,1811.1747248752943,1811.1747248752943,0.7577736759903451,High,1707
3951-NJCVI,1,United States,California,Cathedral City,92234,"33.829583, -116.474131",33.829583,-116.474131,Female,Yes,Yes,No,42,Yes,Yes,Fiber optic,No,No,No,No,Yes,Yes,Month-to-month,Yes,Electronic check,95.05,3944.5,No,0,34,2677,Attitude of support person,0.675920863512394,1,Medium,2,New High-Risk,-3.190690993980538,-0.3658585988991272,Standard,1809.4401516226787,1809.4401516226787,0.7576316910407497,High,1708
7675-OZCZG,1,United States,California,Hayfork,96041,"40.547857, -123.187265",40.547857,-123.187265,Female,Yes,No,No,3,Yes,No,DSL,No,No,No,No,No,No,Month-to-month,No,Electronic check,45.0,127.1,Yes,1,77,4145,Competitor made better offer,0.4362738026838702,0,Medium,2,New High-Risk,-1.335935332334216,-4.39503443882446,Standard,1808.3549121246422,1808.3549121246422,0.7574897060911543,High,1709
3969-GYXEL,1,United States,California,Berkeley,94708,"37.897743, -122.263124",37.897743,-122.263124,Female,No,No,No,11,Yes,No,Fiber optic,Yes,No,No,No,No,No,Month-to-month,No,Electronic check,76.4,838.7,No,0,41,4033,Attitude of support person,0.4483364423822642,0,Medium,2,New High-Risk,-1.2297782116388585,-3.2053748516118903,Standard,1808.1408721276716,1808.1408721276716,0.757347721141559,High,1710
1200-TUZHR,1,United States,California,Posey,93260,"35.861928, -118.636698",35.861928,-118.636698,Female,Yes,No,No,8,Yes,Yes,Fiber optic,No,No,No,No,No,Yes,Month-to-month,No,Electronic check,85.2,695.75,No,0,53,2565,Attitude of support person,0.7045164236276305,1,High,2,New High-Risk,-2.334214390986291,-2.8757396584422814,High Risk,1807.084626604872,1807.084626604872,0.7572057361919636,High,1711
2154-KVJFF,1,United States,California,Stevinson,95374,"37.316807, -120.855753",37.316807,-120.855753,Female,No,No,No,15,Yes,Yes,Fiber optic,No,Yes,No,No,No,No,Month-to-month,Yes,Electronic check,79.75,1111.85,Yes,1,65,2813,Limited range of services,0.6421990760840477,1,Medium,2,New High-Risk,-2.3007784852009032,-2.6663777235099246,Standard,1806.5060010244263,1806.5060010244263,0.7570637512423684,High,1712
3995-WFCSM,1,United States,California,San Jacinto,92582,"33.806708, -117.02007",33.806708,-117.02007,Female,No,No,No,2,Yes,No,DSL,No,No,Yes,No,No,Yes,Month-to-month,No,Electronic check,60.85,111.4,No,0,54,3796,Attitude of support person,0.4754399634044717,0,Medium,2,New High-Risk,-1.077781931461867,-2.686490598392896,Standard,1804.7701010833746,1804.7701010833746,0.756921766292773,High,1713
7767-UXAGJ,1,United States,California,Colfax,95713,"39.084645, -120.894014",39.084645,-120.894014,Male,No,No,No,1,Yes,Yes,DSL,No,No,No,No,No,No,Month-to-month,Yes,Electronic check,50.45,50.45,Yes,1,68,2928,Competitor made better offer,0.6159747994870456,1,Medium,2,New High-Risk,-1.8530321376537,-3.9107883158859953,Standard,1803.5742128980694,1803.5742128980694,0.7564958114439869,High,1716
7295-JOMMD,1,United States,California,San Jose,95135,"37.28682, -121.723877",37.28682,-121.723877,Female,No,No,No,4,Yes,No,Fiber optic,No,No,Yes,Yes,Yes,Yes,Month-to-month,Yes,Bank transfer (automatic),98.1,396.3,Yes,1,87,2895,Competitor made better offer,0.6228841291668362,1,Medium,2,New High-Risk,-1.7752936228354967,-0.5477895569930563,Standard,1803.2495539379909,1803.2495539379909,0.7563538264943916,High,1717
3312-ZWLGF,1,United States,California,Acton,93510,"34.501452, -118.207862",34.501452,-118.207862,Male,Yes,Yes,No,29,Yes,Yes,Fiber optic,No,No,No,Yes,No,No,Month-to-month,Yes,Electronic check,79.3,2414.55,No,0,21,3172,Attitude of support person,0.5684775294454062,1,Medium,2,New High-Risk,-2.7086090305220814,-1.490596469873329,Standard,1803.2107234008286,1803.2107234008286,0.7562118415447963,High,1718
7780-OTDSO,1,United States,California,Covelo,95428,"39.83307, -123.178765",39.83307,-123.178765,Male,No,Yes,No,18,Yes,Yes,Fiber optic,Yes,No,No,No,Yes,Yes,Month-to-month,Yes,Electronic check,99.4,1742.95,Yes,1,86,2421,Lack of self-service on Website,0.7448191075211474,1,High,2,New High-Risk,-2.511506128436837,-0.2323160449058802,High Risk,1803.207059308698,1803.207059308698,0.7560698565952009,High,1719
3462-BJQQA,1,United States,California,Belvedere Tiburon,94920,"37.885629, -122.46858",37.885629,-122.46858,Female,No,No,No,6,Yes,Yes,Fiber optic,No,Yes,No,No,Yes,No,Month-to-month,Yes,Electronic check,89.75,552.65,No,0,63,2370,Attitude of support person,0.7600300066251389,1,High,2,New High-Risk,-2.405665283102467,-2.1395100174996307,High Risk,1801.2711157015792,1801.2711157015792,0.7559278716456056,High,1720
5909-ECHUI,1,United States,California,Oak Run,96069,"40.689243, -122.037023",40.689243,-122.037023,Female,No,No,No,1,Yes,No,DSL,No,No,No,No,No,Yes,Month-to-month,Yes,Electronic check,56.25,56.25,Yes,1,71,3065,Lack of affordable download/upload speed,0.5876594875088295,1,Medium,2,New High-Risk,-1.556290221453627,-3.701680001045502,Standard,1801.1763292145622,1801.1763292145622,0.7557858866960102,High,1721
8840-DQLGN,1,United States,California,Burbank,91502,"34.177267, -118.31003",34.177267,-118.31003,Female,Yes,Yes,No,35,Yes,Yes,Fiber optic,Yes,Yes,No,Yes,Yes,No,Month-to-month,Yes,Bank transfer (automatic),100.5,3653.35,Yes,1,81,4745,Attitude of support person,0.3794285125620209,0,Low,0,Established High-Value,-2.6424310257129777,1.6897850213700358,Standard,1800.3882921067893,1800.3882921067893,0.7556439017464148,High,1722
6633-MPWBS,1,United States,California,Woodland,95776,"38.694081, -121.694431",38.694081,-121.694431,Male,No,No,No,5,Yes,No,DSL,No,No,No,Yes,No,No,Month-to-month,Yes,Electronic check,49.2,216.9,Yes,1,73,4336,Competitor offered more data,0.4145739202193023,0,Medium,2,New High-Risk,-1.32276308067902,-3.474243709676746,Standard,1797.5925180708948,1797.5925180708948,0.7555019167968196,High,1723
7905-TVXTA,1,United States,California,Salinas,93907,"36.77462, -121.664714",36.77462,-121.664714,Female,No,No,No,5,Yes,No,DSL,Yes,No,No,Yes,Yes,No,Month-to-month,Yes,Electronic check,64.35,352.65,No,0,35,4771,Attitude of support person,0.376720339080862,0,Low,2,New High-Risk,-1.3802933253674283,-1.9169614608180607,Standard,1797.3327377547926,1797.3327377547926,0.7553599318472242,High,1724
5590-YRFJT,1,United States,California,Lompoc,93437,"34.757477, -120.550507",34.757477,-120.550507,Female,No,Yes,No,20,No,No phone service,DSL,No,No,No,No,No,No,Month-to-month,Yes,Electronic check,24.45,482.8,Yes,1,94,3298,Don't know,0.544873039672154,1,Medium,3,Mid-Tenure Moderate-Risk,-1.948544664777984,-3.6066687960676433,Standard,1796.9912848387637,1796.9912848387637,0.7552179468976289,High,1725
6960-HVYXR,1,United States,California,Rio Linda,95673,"38.688764, -121.457596",38.688764,-121.457596,Female,No,No,No,1,Yes,Yes,Fiber optic,No,No,No,No,No,No,Month-to-month,No,Electronic check,76.0,76.0,Yes,1,72,2567,Competitor made better offer,0.6998750492651851,1,Medium,2,New High-Risk,-1.72069002962526,-3.7318229074795934,Standard,1796.57925146373,1796.57925146373,0.7549339769984381,High,1727
3753-TSEMP,1,United States,California,San Diego,92139,"32.677716, -117.047666",32.677716,-117.047666,Female,No,Yes,No,15,Yes,No,Fiber optic,No,No,No,No,Yes,Yes,Month-to-month,No,Electronic check,88.15,1390.6,Yes,1,79,2524,Product dissatisfaction,0.7108632785274421,1,High,2,New High-Risk,-1.6227823006834277,-1.5731300538966824,High Risk,1794.2189150032639,1794.2189150032639,0.7547919920488428,High,1728
3489-HHPFY,1,United States,California,Amboy,92304,"34.559882, -115.637164",34.559882,-115.637164,Female,No,Yes,No,2,Yes,Yes,Fiber optic,No,No,No,No,Yes,No,Month-to-month,Yes,Electronic check,84.05,134.05,No,0,78,2115,Attitude of support person,0.8482459943539122,1,High,2,New High-Risk,-2.3550635820440733,-2.206858896664304,High Risk,1794.0402780585243,1794.0402780585243,0.7546500070992475,High,1729
8086-OVPWV,1,United States,California,San Diego,92105,"32.741859, -117.090353",32.741859,-117.090353,Male,No,No,No,2,Yes,No,Fiber optic,No,No,No,No,No,Yes,Month-to-month,Yes,Electronic check,80.2,181.1,Yes,1,99,2384,Competitor offered higher download speeds,0.7522356095754842,1,High,2,New High-Risk,-1.918927090266556,-3.58516994728126,High Risk,1793.3296932279543,1793.3296932279543,0.7545080221496522,High,1730
3871-IKPYH,1,United States,California,Camarillo,93010,"34.227846, -119.079903",34.227846,-119.079903,Male,Yes,No,No,1,Yes,No,Fiber optic,No,No,No,No,No,No,Month-to-month,No,Electronic check,69.1,69.1,Yes,1,83,2767,Moved,0.648000323863694,1,Medium,2,New High-Risk,-1.682553369387768,-4.434090433330182,Standard,1793.0168961308414,1793.0168961308414,0.7543660372000568,High,1731
4398-HSCJH,1,United States,California,Los Angeles,90013,"34.044639, -118.240413",34.044639,-118.240413,Female,No,No,No,3,Yes,Yes,DSL,No,No,No,Yes,Yes,No,Month-to-month,Yes,Electronic check,63.6,155.65,Yes,1,70,3155,Competitor offered higher download speeds,0.5678420802561307,1,Medium,2,New High-Risk,-1.9053565393391123,-2.2745621821629887,Standard,1791.5417632080923,1791.5417632080923,0.7542240522504614,High,1732
2187-PKZAY,1,United States,California,Stevinson,95374,"37.316807, -120.855753",37.316807,-120.855753,Male,No,No,No,12,Yes,No,Fiber optic,No,No,No,No,No,Yes,Month-to-month,Yes,Bank transfer (automatic),79.95,1043.4,No,0,71,2968,Attitude of support person,0.6033731446522318,1,Medium,2,New High-Risk,-1.755260473624498,-2.761921007016199,Standard,1790.8114933278239,1790.8114933278239,0.7540820673008661,High,1733
5955-ERIHD,1,United States,California,Lakewood,90712,"33.840524, -118.148403",33.840524,-118.148403,Male,No,Yes,No,18,Yes,Yes,Fiber optic,No,No,No,No,Yes,Yes,Month-to-month,Yes,Electronic check,94.7,1687.95,Yes,1,72,2206,Long distance charges,0.8113357295845809,1,High,2,New High-Risk,-2.60976414163728,-0.9618936094307698,High Risk,1789.8066194635855,1789.8066194635855,0.7539400823512707,High,1734
2694-CIUMO,1,United States,California,Los Angeles,90033,"34.050198, -118.210946",34.050198,-118.210946,Female,No,No,No,12,Yes,Yes,Fiber optic,No,No,No,Yes,No,No,Month-to-month,Yes,Credit card (automatic),79.55,958.25,No,0,62,3445,Attitude of support person,0.5191826407926965,1,Medium,2,New High-Risk,-1.962003221011802,-2.1086803218688166,Standard,1788.5841975308394,1788.5841975308394,0.7536561124520801,High,1736
9334-GWGOW,1,United States,California,Mc Kittrick,93251,"35.38381, -119.730885",35.38381,-119.730885,Male,Yes,Yes,No,7,Yes,Yes,Fiber optic,No,No,No,No,No,No,Month-to-month,Yes,Electronic check,74.85,485.25,No,0,44,2259,Attitude of support person,0.7912552918184144,1,High,2,New High-Risk,-2.670029053024756,-2.9671785228934,High Risk,1787.445704217798,1787.445704217798,0.7535141275024847,High,1737
2982-VPSGI,1,United States,California,South Pasadena,91030,"34.110444, -118.156957",34.110444,-118.156957,Female,No,Yes,No,11,Yes,Yes,Fiber optic,No,No,No,No,Yes,Yes,Month-to-month,Yes,Electronic check,94.0,1078.9,Yes,1,67,2120,Competitor made better offer,0.8428458220713241,1,High,2,New High-Risk,-2.564054747006098,-1.158280832816016,High Risk,1786.8331427912071,1786.8331427912071,0.7533721425528894,High,1738
0939-YAPAF,1,United States,California,Santa Ana,92701,"33.748478, -117.858918",33.748478,-117.858918,Female,No,No,No,35,Yes,Yes,Fiber optic,No,No,Yes,No,Yes,Yes,Month-to-month,Yes,Electronic check,100.25,3527.6,Yes,1,72,2744,Competitor offered higher download speeds,0.6509725083272593,1,Medium,2,New High-Risk,-2.754129094816724,-0.3625524681622792,Standard,1786.2685628499994,1786.2685628499994,0.7530881726536988,High,1740
1196-AMORA,1,United States,California,Big Creek,93605,"37.17277, -119.2997",37.17277,-119.2997,Male,No,No,No,7,Yes,Yes,Fiber optic,No,No,No,No,No,No,Month-to-month,No,Electronic check,73.6,520.0,Yes,1,87,2679,Competitor offered more data,0.6663457510477799,1,Medium,2,New High-Risk,-1.7316817402692046,-3.583269312482019,Standard,1785.1402670570023,1785.1402670570023,0.7529461877041034,High,1741
1928-BXYIV,1,United States,California,Placerville,95667,"38.733714, -120.795213",38.733714,-120.795213,Male,No,No,No,1,Yes,Yes,DSL,Yes,Yes,No,No,No,No,Month-to-month,No,Electronic check,61.15,61.15,No,0,28,4592,Attitude of support person,0.3883632079452686,0,Low,2,New High-Risk,-1.2822250102520287,-2.212190315601743,Standard,1783.3638508846732,1783.3638508846732,0.7526622178049127,High,1743
4912-PIGUY,1,United States,California,Perris,92571,"33.828289, -117.201666",33.828289,-117.201666,Female,No,No,No,1,Yes,Yes,Fiber optic,No,No,No,No,Yes,No,Month-to-month,Yes,Electronic check,84.6,84.6,No,0,46,2196,Attitude of support person,0.8117984913307852,1,High,2,New High-Risk,-2.357349247979626,-3.040494827285409,High Risk,1782.7094869624043,1782.7094869624043,0.7525202328553173,High,1744
9603-OAIHC,1,United States,California,Palmdale,93551,"34.613476, -118.256358",34.613476,-118.256358,Male,Yes,No,No,1,Yes,No,Fiber optic,No,No,No,No,No,No,Month-to-month,Yes,Electronic check,70.05,70.05,No,0,51,2469,Attitude of support person,0.7216484893480568,1,High,2,New High-Risk,-2.1919204341215983,-4.509851694139459,High Risk,1781.7501202003523,1781.7501202003523,0.7523782479057219,High,1745
6204-IEUXJ,1,United States,California,Yorba Linda,92886,"33.897253, -117.792202",33.897253,-117.792202,Female,No,No,No,3,Yes,No,Fiber optic,No,No,Yes,Yes,No,No,Month-to-month,No,Credit card (automatic),80.1,217.55,Yes,1,65,4330,Attitude of service provider,0.411438902830978,0,Medium,2,New High-Risk,-0.9857746669917484,-1.9228941470251373,Standard,1781.5304492581347,1781.5304492581347,0.7522362629561267,High,1746
8327-LZKAS,1,United States,California,Pomona,91767,"34.083086, -117.737997",34.083086,-117.737997,Female,Yes,Yes,No,43,Yes,Yes,Fiber optic,No,No,Yes,Yes,Yes,Yes,One year,Yes,Electronic check,107.55,4533.9,Yes,1,93,4423,Service dissatisfaction,0.4023151374276933,0,Medium,0,Established High-Value,-3.007554999451311,2.432995559665259,Standard,1779.4398528426875,1779.4398528426875,0.7520942780065313,High,1747
9576-ANLXO,1,United States,California,Earlimart,93219,"35.858054, -119.305858",35.858054,-119.305858,Female,No,No,No,3,Yes,No,Fiber optic,No,No,No,No,No,No,Month-to-month,Yes,Bank transfer (automatic),69.55,222.3,Yes,1,87,2876,Competitor offered higher download speeds,0.6183510377914695,1,Medium,2,New High-Risk,-1.5489051093278514,-3.806033582538499,Standard,1778.3775846882663,1778.3775846882663,0.751952293056936,High,1748
8063-RJYNF,1,United States,California,Richmond,94804,"37.921034, -122.341798",37.921034,-122.341798,Male,No,No,No,16,Yes,No,Fiber optic,Yes,No,No,No,Yes,Yes,Month-to-month,Yes,Electronic check,94.25,1483.25,Yes,1,73,2827,Competitor offered higher download speeds,0.6288088196765991,1,Medium,2,New High-Risk,-2.043827360892707,-1.674793664592456,Standard,1777.6425332257456,1777.6425332257456,0.7518103081073406,High,1749
2373-NTKOD,1,United States,California,Rancho Cordova,95670,"38.602723, -121.279913",38.602723,-121.279913,Male,No,No,No,8,Yes,No,DSL,No,No,No,No,Yes,Yes,Month-to-month,Yes,Electronic check,66.25,546.45,No,0,60,3026,Attitude of support person,0.5867616664971235,1,Medium,2,New High-Risk,-1.7352384710876652,-2.7554480541884274,Standard,1775.5408028202955,1775.5408028202955,0.75152633820815,High,1751
9912-GVSEQ,1,United States,California,Napa,94558,"38.489789, -122.27011",38.489789,-122.27011,Female,Yes,Yes,No,26,Yes,Yes,Fiber optic,No,Yes,Yes,No,No,Yes,Month-to-month,Yes,Electronic check,93.85,2381.55,Yes,1,86,2591,Network reliability,0.6849305860548385,1,Medium,2,New High-Risk,-2.9700236469241603,-0.0060967669120921,Standard,1774.6551484680865,1774.6551484680865,0.7512423683089593,High,1753
8734-DKSTZ,1,United States,California,Winterhaven,92283,"32.852947, -114.850784",32.852947,-114.850784,Female,No,Yes,Yes,10,Yes,Yes,Fiber optic,No,No,No,No,No,Yes,Month-to-month,No,Electronic check,85.95,858.6,No,0,20,4922,Attitude of support person,0.3605218760789196,0,Low,2,New High-Risk,-1.614847471413667,-1.0639524915507093,Standard,1774.4886740604422,1774.4886740604422,0.7511003833593639,High,1754
2523-EWWZL,1,United States,California,Blythe,92225,"33.674583, -114.71612",33.674583,-114.71612,Female,No,Yes,No,27,Yes,No,Fiber optic,No,Yes,No,No,No,No,Month-to-month,Yes,Electronic check,76.1,2093.4,No,0,43,3291,Attitude of support person,0.5390222267977618,1,Medium,2,New High-Risk,-1.924145797624297,-2.0734904004193,Standard,1773.9221483914341,1773.9221483914341,0.7509583984097685,High,1755
0682-USIXD,1,United States,California,Diamond Bar,91765,"33.992416, -117.807874",33.992416,-117.807874,Female,No,Yes,No,21,Yes,No,Fiber optic,No,No,No,Yes,Yes,No,Month-to-month,Yes,Electronic check,86.05,1818.9,No,0,23,2937,Attitude of support person,0.6034711837348293,1,Medium,2,New High-Risk,-1.94350220771189,-1.4098554761282998,Standard,1772.3948666291938,1772.3948666291938,0.7503904586113872,High,1759
8903-WMRNW,1,United States,California,Durham,95938,"39.607831, -121.777959",39.607831,-121.777959,Female,No,Yes,No,15,Yes,No,Fiber optic,Yes,No,Yes,No,Yes,Yes,Month-to-month,No,Electronic check,101.75,1669.4,No,0,50,2919,Attitude of support person,0.6069978201208839,1,Medium,2,New High-Risk,-1.5890743633654898,0.0888867102074365,Standard,1771.82663693286,1771.82663693286,0.7502484736617918,High,1760
5136-KCKGI,1,United States,California,Templeton,93465,"35.536115, -120.739231",35.536115,-120.739231,Female,No,Yes,No,33,Yes,Yes,Fiber optic,Yes,No,Yes,No,Yes,Yes,One year,Yes,Mailed check,103.7,3467.0,Yes,1,76,4461,Competitor had better devices,0.3970484789870265,0,Low,0,Established High-Value,-1.9668633586129087,2.212739389997381,Standard,1771.2332647611252,1771.2332647611252,0.7501064887121965,High,1761
